{
    "time": 13.48317289352417,
    "processes": 3,
    "accuracy": 0.4996426999568939,
    "iterations mean": [
        149.5248565673828,
        881.478271484375
    ],
    "layer_sizes": [
        784,
        128,
        10
    ],
    "batch_size": 64,
    "thresholds": [
        0,
        0,
        0
    ]
}