{
    "time": 82.47845196723938,
    "processes": 3,
    "accuracy": 0.04856564849615097,
    "iterations mean": [
        149.81886291503906,
        1661.0325927734375
    ],
    "layer_sizes": [
        784,
        128,
        10
    ],
    "batch_size": 64,
    "thresholds": [
        0,
        0,
        0
    ]
}