{
    "time": 125.58071184158325,
    "processes": 3,
    "accuracy": 0.594335675239563,
    "iterations mean": [
        149.73585510253906,
        871.1309814453125
    ],
    "layer_sizes": [
        784,
        128,
        10
    ],
    "batch_size": 128,
    "thresholds": [
        0,
        0,
        0
    ]
}