{
    "time": 50.34546732902527,
    "processes": 3,
    "accuracy": 0.5910010933876038,
    "iterations mean": [
        166.515625,
        873.1962890625
    ],
    "layer_sizes": [
        784,
        128,
        10
    ],
    "batch_size": 128,
    "thresholds": [
        0,
        0,
        0
    ]
}