{
    "time": 201.66412019729614,
    "processes": 4,
    "accuracy": 0.4688727557659149,
    "iterations mean": [
        166.515625,
        1632.1796875,
        4981.828125
    ],
    "layer_sizes": [
        784,
        128,
        64,
        10
    ],
    "batch_size": 128,
    "thresholds": [
        0,
        0,
        0
    ]
}