{
    "time": 203.73511385917664,
    "processes": 4,
    "accuracy": 0.6660516858100891,
    "iterations mean": [
        166.515625,
        1651.328125,
        5227.921875
    ],
    "layer_sizes": [
        784,
        128,
        64,
        10
    ],
    "batch_size": 128,
    "thresholds": [
        0,
        0,
        0
    ]
}