{
    "time": 14564.086836099625,
    "processes": 3,
    "accuracy": 0.9695274233818054,
    "iterations mean": [
        149.81886291503906,
        1956.7464599609375
    ],
    "layer_sizes": [
        784,
        128,
        10
    ],
    "batch_size": 64,
    "thresholds": [
        0,
        0,
        0
    ]
}