{
    "time": 11725.81064081192,
    "processes": 3,
    "accuracy": 0.9679502248764038,
    "iterations mean": [
        149.81886291503906,
        1996.53564453125
    ],
    "layer_sizes": [
        784,
        128,
        10
    ],
    "batch_size": 64,
    "thresholds": [
        0,
        0,
        0
    ]
}