{
    "time": 6509.427849054337,
    "processes": 3,
    "accuracy": 0.9718188047409058,
    "iterations mean": [
        149.81886291503906,
        713.082763671875
    ],
    "layer_sizes": [
        784,
        128,
        10
    ],
    "batch_size": 64,
    "thresholds": [
        0,
        0,
        0
    ]
}