{
    "time": 16101.90020608902,
    "processes": 3,
    "accuracy": 0.9307522773742676,
    "iterations mean": [
        149.81886291503906,
        1935.5574951171875
    ],
    "layer_sizes": [
        784,
        128,
        10
    ],
    "batch_size": 128,
    "thresholds": [
        0,
        0,
        0
    ]
}