{
    "time": 10134.322243213654,
    "processes": 3,
    "accuracy": 0.9540531039237976,
    "iterations mean": [
        149.81886291503906,
        765.4677124023438
    ],
    "layer_sizes": [
        784,
        128,
        10
    ],
    "batch_size": 128,
    "thresholds": [
        0,
        0,
        0
    ]
}