{
    "time": 1376.920906305313,
    "processes": 3,
    "accuracy": 0.7585242986679077,
    "iterations mean": [
        149.81886291503906,
        910.0195922851562
    ],
    "layer_sizes": [
        784,
        128,
        10
    ],
    "batch_size": 128,
    "thresholds": [
        0,
        0,
        0
    ]
}