{
    "time": 305.16124653816223,
    "processes": 3,
    "accuracy": 0.8661171197891235,
    "iterations mean": [
        149.81886291503906,
        757.4137573242188
    ],
    "layer_sizes": [
        784,
        128,
        10
    ],
    "batch_size": 128,
    "thresholds": [
        0,
        0,
        0
    ]
}