sample,label,pred,correct,input_ev,hid_spk,t_ms,L1_ev,L2_ev,L3_ev,L4_ev
0,0,0,1,1020,32,397.69,1020,32,63,138
1,0,0,1,1068,66,4.82,1068,66,95,167
2,0,0,1,924,52,8.49,924,52,77,168
3,0,0,1,1241,35,5.17,1241,35,68,140
4,0,0,1,977,46,6.06,977,46,67,129
5,0,0,1,835,43,4.72,835,43,59,132
6,0,0,1,1193,57,6.86,1193,57,79,165
7,0,0,1,1215,57,6.55,1215,57,76,167
8,0,0,1,1048,63,6.19,1048,63,96,202
9,0,0,1,1056,55,6.27,1056,55,64,138
10,0,0,1,823,49,4.06,823,49,59,116
11,0,0,1,854,42,4.25,854,42,57,120
12,0,0,1,774,34,3.51,774,34,67,136
13,0,0,1,1267,59,4.88,1267,59,91,186
14,0,0,1,1198,67,4.83,1198,67,83,154
15,0,0,1,1184,38,5.39,1184,38,49,120
16,0,0,1,1012,55,4.12,1012,55,70,138
17,0,0,1,912,28,7.73,912,28,50,94
18,0,0,1,1254,60,7.43,1254,60,99,183
19,0,0,1,1053,45,5.72,1053,45,88,179
20,0,0,1,988,38,5.4,988,38,85,183
21,0,0,1,901,52,4.61,901,52,66,132
22,0,0,1,1346,68,6.11,1346,68,101,186
23,0,0,1,1096,54,5.29,1096,54,68,134
24,0,0,1,1220,63,4.84,1220,63,76,158
25,0,0,1,1106,45,5.71,1106,45,73,151
26,0,0,1,1008,30,5.45,1008,30,66,144
27,0,0,1,610,22,3.01,610,22,46,64
28,0,0,1,1111,42,4.3,1111,42,72,154
29,0,0,1,855,34,4.04,855,34,57,135
30,0,0,1,810,37,3.96,810,37,54,131
31,0,0,1,911,48,3.31,911,48,49,94
32,0,0,1,996,66,4.54,996,66,81,157
33,0,0,1,1113,60,4.37,1113,60,97,200
34,0,0,1,1026,59,4.03,1026,59,89,182
35,0,0,1,1262,56,5.92,1262,56,95,188
36,0,0,1,868,35,3.62,868,35,60,108
37,0,0,1,485,27,3.38,485,27,40,103
38,0,0,1,947,45,5.55,947,45,59,121
39,0,0,1,894,35,3.53,894,35,63,147
40,0,0,1,913,45,5.03,913,45,59,126
41,0,6,0,839,23,3.94,839,23,23,47
42,0,0,1,1037,65,4.84,1037,65,87,168
43,0,0,1,929,33,4.17,929,33,42,103
44,0,0,1,1006,60,3.88,1006,60,95,180
45,0,0,1,906,22,3.55,906,22,45,103
46,0,0,1,1043,44,4.64,1043,44,78,172
47,0,0,1,764,42,3.48,764,42,64,129
48,0,0,1,646,51,3.43,646,51,65,141
49,0,0,1,1106,60,5.63,1106,60,88,171
50,0,0,1,886,54,4.56,886,54,64,137
51,0,0,1,1100,56,5.34,1100,56,77,167
52,0,0,1,1108,36,5.8,1108,36,59,134
53,0,0,1,1063,70,4.19,1063,70,88,177
54,0,0,1,1080,43,4.6,1080,43,73,144
55,0,0,1,1010,50,5.14,1010,50,71,144
56,0,0,1,1131,31,4.53,1131,31,62,141
57,0,0,1,939,40,4.09,939,40,79,158
58,0,0,1,1204,64,4.14,1204,64,89,172
59,0,0,1,713,23,3.55,713,23,38,84
60,0,0,1,1355,54,5.74,1355,54,64,118
61,0,0,1,1141,38,4.11,1141,38,54,114
62,0,0,1,879,63,3.91,879,63,74,133
63,0,6,0,1078,45,4.07,1078,45,66,115
64,0,0,1,1039,62,4.09,1039,62,88,170
65,0,0,1,756,41,3.6,756,41,85,161
66,0,0,1,1341,60,4.51,1341,60,93,171
67,0,0,1,930,51,3.78,930,51,77,145
68,0,0,1,1198,66,4.44,1198,66,86,172
69,0,0,1,1062,45,4.92,1062,45,71,141
70,0,0,1,1179,45,4.53,1179,45,58,130
71,0,0,1,970,61,5.16,970,61,93,183
72,0,0,1,1276,50,4.26,1276,50,63,125
73,0,0,1,976,45,3.92,976,45,63,146
74,0,0,1,926,50,3.77,926,50,79,162
75,0,0,1,1294,63,4.64,1294,63,103,185
76,0,0,1,816,45,3.69,816,45,74,145
77,0,0,1,958,31,4.72,958,31,29,97
78,0,0,1,1144,36,5.65,1144,36,56,108
79,0,0,1,1118,50,5.67,1118,50,76,151
80,0,0,1,1020,55,5.4,1020,55,76,155
81,0,0,1,1336,63,4.7,1336,63,104,207
82,0,0,1,1068,51,5.05,1068,51,79,156
83,0,0,1,988,41,3.91,988,41,71,144
84,0,0,1,1365,59,6.07,1365,59,74,132
85,0,0,1,870,33,4.02,870,33,70,145
86,0,0,1,1012,58,4.89,1012,58,95,177
87,0,0,1,1044,31,5.58,1044,31,61,136
88,0,0,1,1224,52,4.14,1224,52,67,144
89,0,0,1,1301,55,4.3,1301,55,70,150
90,0,0,1,1279,67,4.89,1279,67,91,187
91,0,0,1,947,34,3.62,947,34,68,124
92,0,6,0,892,36,4.52,892,36,62,108
93,0,0,1,1045,50,5.09,1045,50,70,164
94,0,0,1,981,32,3.86,981,32,49,108
95,0,0,1,995,42,5.22,995,42,53,123
96,0,0,1,939,40,3.98,939,40,73,164
97,0,6,0,1067,38,4.06,1067,38,70,131
98,0,0,1,1050,41,5.16,1050,41,64,153
99,0,6,0,849,20,3.35,849,20,29,69
100,0,0,1,1247,65,5.9,1247,65,100,186
101,0,0,1,1047,66,4.27,1047,66,93,192
102,0,0,1,926,52,3.69,926,52,79,165
103,0,0,1,1252,42,6.11,1252,42,72,146
104,0,0,1,1052,41,4.29,1052,41,50,109
105,0,0,1,904,46,3.74,904,46,55,122
106,0,0,1,1044,50,4.35,1044,50,82,163
107,0,0,1,1133,66,4.75,1133,66,94,187
108,0,0,1,904,26,4.8,904,26,60,139
109,0,0,1,1016,20,3.97,1016,20,39,90
110,0,0,1,959,43,4.07,959,43,72,137
111,0,0,1,1039,63,3.76,1039,63,89,163
112,0,0,1,1113,49,5.72,1113,49,89,170
113,0,0,1,1363,60,5.36,1363,60,91,181
114,0,0,1,1262,54,4.64,1262,54,85,167
115,0,0,1,985,44,3.99,985,44,67,146
116,0,8,0,879,20,4.1,879,20,30,90
117,0,0,1,1277,30,4.74,1277,30,58,121
118,0,0,1,969,36,4.24,969,36,57,127
119,0,0,1,947,42,3.89,947,42,59,119
120,0,0,1,1007,34,4.9,1007,34,50,108
121,0,0,1,1039,54,4.7,1039,54,72,158
122,0,0,1,1000,26,5.21,1000,26,31,75
123,0,0,1,1364,56,4.49,1364,56,96,185
124,0,0,1,926,45,7.29,926,45,59,136
125,0,0,1,1139,64,4.47,1139,64,91,182
126,0,0,1,877,50,4.22,877,50,78,156
127,0,0,1,1079,53,3.53,1079,53,88,191
128,0,0,1,1364,56,4.24,1364,56,79,170
129,0,0,1,1103,37,4.21,1103,37,65,126
130,0,0,1,958,24,4.02,958,24,43,114
131,0,0,1,932,50,5.0,932,50,73,141
132,0,0,1,952,28,3.73,952,28,54,109
133,0,0,1,925,38,3.95,925,38,92,163
134,0,2,0,1065,28,4.77,1065,28,36,69
135,0,0,1,1239,57,4.93,1239,57,80,157
136,0,0,1,1043,42,4.4,1043,42,69,163
137,0,0,1,1237,49,5.14,1237,49,86,174
138,0,0,1,714,33,3.65,714,33,53,115
139,0,6,0,853,46,5.25,853,46,58,126
140,0,0,1,1144,62,5.58,1144,62,80,175
141,0,0,1,994,29,5.32,994,29,37,92
142,0,0,1,1138,58,4.73,1138,58,63,139
143,0,0,1,1226,77,6.63,1226,77,97,173
144,0,0,1,974,47,3.8,974,47,59,136
145,0,0,1,1146,58,4.49,1146,58,84,168
146,0,0,1,1137,60,4.06,1137,60,77,142
147,0,0,1,960,60,4.83,960,60,74,150
148,0,0,1,1092,55,4.35,1092,55,84,161
149,0,0,1,1265,53,4.66,1265,53,94,184
150,0,0,1,947,41,4.95,947,41,65,139
151,0,0,1,1071,44,5.47,1071,44,76,140
152,0,0,1,838,31,3.94,838,31,63,123
153,0,0,1,899,38,7.38,899,38,52,119
154,0,0,1,1044,38,5.94,1044,38,71,141
155,0,0,1,970,56,5.08,970,56,55,113
156,0,0,1,676,49,4.19,676,49,44,103
157,0,0,1,890,57,4.66,890,57,89,174
158,0,0,1,906,34,3.72,906,34,45,99
159,0,0,1,1029,58,4.44,1029,58,77,162
160,0,0,1,1158,57,4.6,1158,57,91,188
161,0,0,1,1106,39,4.45,1106,39,48,108
162,0,0,1,1098,56,4.2,1098,56,85,178
163,0,0,1,1009,47,4.28,1009,47,70,149
164,0,0,1,898,33,3.93,898,33,57,131
165,0,0,1,1310,57,5.79,1310,57,75,156
166,0,0,1,1324,63,5.07,1324,63,81,173
167,0,0,1,983,61,3.65,983,61,70,151
168,0,0,1,886,48,4.35,886,48,69,162
169,0,0,1,946,23,4.76,946,23,48,109
170,0,0,1,1229,49,4.87,1229,49,86,169
171,0,0,1,771,37,3.43,771,37,73,148
172,0,0,1,1248,59,4.36,1248,59,65,137
173,0,0,1,1202,46,5.67,1202,46,78,165
174,0,0,1,1213,77,6.38,1213,77,103,194
175,0,0,1,971,68,4.17,971,68,64,121
176,0,0,1,1052,36,4.13,1052,36,55,124
177,0,0,1,1028,51,3.66,1028,51,72,132
178,0,0,1,1078,37,4.47,1078,37,60,133
179,0,0,1,950,33,3.73,950,33,49,116
180,0,0,1,877,34,3.78,877,34,54,122
181,0,0,1,895,32,3.86,895,32,58,126
182,0,0,1,1159,47,4.7,1159,47,73,141
183,0,0,1,1148,47,4.48,1148,47,85,178
184,0,0,1,1237,41,5.44,1237,41,68,140
185,0,0,1,1200,54,3.97,1200,54,68,156
186,0,0,1,996,51,4.02,996,51,87,163
187,0,0,1,1212,55,4.35,1212,55,92,184
188,0,8,0,521,30,2.88,521,30,26,96
189,0,0,1,1046,32,4.8,1046,32,50,116
190,0,0,1,923,34,4.59,923,34,61,137
191,0,0,1,891,42,3.85,891,42,49,136
192,0,0,1,964,36,4.19,964,36,51,114
193,0,0,1,1208,61,5.02,1208,61,91,168
194,0,0,1,927,48,3.86,927,48,68,133
195,0,0,1,931,54,3.99,931,54,79,163
196,0,0,1,983,61,3.91,983,61,90,171
197,0,0,1,1026,58,4.03,1026,58,84,164
198,0,0,1,1247,60,6.05,1247,60,87,170
199,0,0,1,1022,49,4.91,1022,49,66,146
200,0,0,1,1044,62,3.94,1044,62,57,141
201,0,0,1,1150,58,4.09,1150,58,65,147
202,0,0,1,1130,69,3.99,1130,69,68,120
203,0,0,1,835,34,3.24,835,34,47,89
204,0,0,1,949,55,3.71,949,55,78,152
205,0,0,1,1297,34,4.07,1297,34,56,123
206,0,0,1,1101,46,4.47,1101,46,34,85
207,0,0,1,857,37,3.99,857,37,64,147
208,0,0,1,1242,41,4.76,1242,41,70,146
209,0,0,1,1108,50,4.07,1108,50,84,165
210,0,0,1,914,40,3.63,914,40,51,97
211,0,0,1,1048,34,4.47,1048,34,82,183
212,0,0,1,1135,66,4.34,1135,66,94,203
213,0,0,1,674,34,3.77,674,34,60,150
214,0,0,1,1160,31,4.15,1160,31,39,92
215,0,0,1,877,34,4.75,877,34,61,126
216,0,0,1,747,39,4.3,747,39,54,129
217,0,0,1,1027,66,5.69,1027,66,95,181
218,0,0,1,1292,42,4.39,1292,42,64,132
219,0,0,1,1040,47,6.61,1040,47,97,176
220,0,0,1,947,35,4.65,947,35,57,127
221,0,0,1,1103,71,4.23,1103,71,81,168
222,0,0,1,1297,52,4.28,1297,52,86,164
223,0,0,1,985,36,4.13,985,36,69,135
224,0,0,1,1038,55,4.96,1038,55,76,163
225,0,0,1,599,41,3.48,599,41,59,131
226,0,0,1,1248,50,4.73,1248,50,73,145
227,0,0,1,1161,49,6.0,1161,49,54,112
228,0,0,1,1055,39,5.09,1055,39,70,139
229,0,0,1,1308,64,5.29,1308,64,96,147
230,0,6,0,747,32,4.62,747,32,80,143
231,0,0,1,1238,59,5.0,1238,59,90,193
232,0,0,1,1242,54,5.55,1242,54,72,159
233,0,0,1,1195,37,4.75,1195,37,59,122
234,0,0,1,903,51,3.64,903,51,62,135
235,0,0,1,1046,57,4.11,1046,57,83,175
236,0,0,1,720,47,3.1,720,47,68,151
237,0,0,1,971,53,4.69,971,53,72,145
238,0,0,1,1195,60,4.81,1195,60,88,181
239,0,0,1,1035,54,3.95,1035,54,78,164
240,0,1,0,883,25,4.11,883,25,18,59
241,0,0,1,1212,49,5.31,1212,49,81,160
242,0,0,1,953,57,3.82,953,57,74,150
243,0,0,1,951,37,4.73,951,37,46,99
244,0,0,1,1187,54,4.8,1187,54,89,180
245,0,0,1,647,40,3.34,647,40,59,141
246,0,0,1,973,41,4.19,973,41,78,149
247,0,0,1,879,52,3.94,879,52,85,174
248,0,0,1,930,41,4.19,930,41,66,118
249,0,0,1,1007,45,4.88,1007,45,78,161
250,0,0,1,936,39,3.49,936,39,72,138
251,0,0,1,1208,62,5.5,1208,62,88,177
252,0,0,1,647,29,3.44,647,29,43,94
253,0,0,1,1053,45,5.06,1053,45,66,131
254,0,0,1,1173,39,4.07,1173,39,69,143
255,0,0,1,931,46,4.45,931,46,73,145
256,0,0,1,860,47,4.14,860,47,68,138
257,0,0,1,1274,57,6.1,1274,57,80,169
258,0,0,1,978,45,3.56,978,45,77,157
259,0,0,1,1187,34,4.19,1187,34,57,140
260,0,0,1,988,50,4.52,988,50,78,167
261,0,0,1,1031,58,5.41,1031,58,78,171
262,0,0,1,987,35,3.92,987,35,66,150
263,0,0,1,958,53,4.09,958,53,93,189
264,0,3,0,831,43,3.61,831,43,36,89
265,0,0,1,1068,23,5.25,1068,23,43,102
266,0,0,1,947,40,4.6,947,40,64,126
267,0,0,1,1165,34,4.6,1165,34,68,172
268,0,0,1,832,44,4.76,832,44,51,108
269,0,0,1,1254,67,6.01,1254,67,99,201
270,0,0,1,985,44,4.9,985,44,69,159
271,0,0,1,1268,64,4.57,1268,64,87,172
272,0,0,1,1288,44,4.65,1288,44,84,159
273,0,0,1,887,61,4.61,887,61,82,164
274,0,0,1,1175,48,4.77,1175,48,73,158
275,0,0,1,859,54,4.13,859,54,72,147
276,0,0,1,1079,56,4.43,1079,56,81,168
277,0,0,1,1026,55,3.97,1026,55,81,165
278,0,0,1,733,38,4.6,733,38,48,101
279,0,0,1,983,44,4.29,983,44,77,143
280,0,0,1,954,43,4.11,954,43,79,170
281,0,0,1,1000,29,3.9,1000,29,51,122
282,0,0,1,1163,55,5.51,1163,55,73,143
283,0,0,1,1079,46,4.44,1079,46,76,157
284,0,0,1,1173,61,4.38,1173,61,98,206
285,0,0,1,733,42,4.04,733,42,52,99
286,0,0,1,740,33,3.45,740,33,54,113
287,0,0,1,989,31,3.57,989,31,45,106
288,0,0,1,1060,46,4.34,1060,46,67,138
289,0,6,0,786,36,3.52,786,36,69,119
290,0,0,1,1026,56,4.06,1026,56,94,193
291,0,0,1,1210,56,5.43,1210,56,96,169
292,0,0,1,688,36,3.93,688,36,39,99
293,0,0,1,1116,38,3.65,1116,38,66,132
294,0,0,1,1003,64,5.09,1003,64,83,177
295,0,0,1,941,32,4.72,941,32,46,102
296,0,0,1,1012,57,4.03,1012,57,85,176
297,0,0,1,1010,55,4.4,1010,55,97,184
298,0,0,1,587,35,3.61,587,35,43,113
299,0,0,1,1048,46,5.4,1048,46,80,153
300,0,0,1,899,45,5.53,899,45,77,152
301,0,0,1,1101,62,5.53,1101,62,76,158
302,0,0,1,826,34,3.49,826,34,50,124
303,0,0,1,879,44,3.56,879,44,69,158
304,0,0,1,1088,56,4.87,1088,56,83,162
305,0,0,1,1109,55,4.31,1109,55,77,153
306,0,0,1,1095,57,4.54,1095,57,80,152
307,0,5,0,1038,27,4.55,1038,27,31,79
308,0,0,1,1083,49,5.73,1083,49,80,163
309,0,0,1,945,37,3.91,945,37,60,133
310,0,0,1,1014,50,4.63,1014,50,85,168
311,0,0,1,996,60,4.54,996,60,83,161
312,0,0,1,933,57,5.28,933,57,65,105
313,0,0,1,960,41,10.91,960,41,64,111
314,0,0,1,873,48,4.75,873,48,79,163
315,0,0,1,971,40,3.77,971,40,78,144
316,0,0,1,1143,63,4.16,1143,63,83,170
317,0,0,1,804,56,3.46,804,56,71,143
318,0,8,0,1023,15,4.19,1023,15,20,70
319,0,0,1,1030,51,5.15,1030,51,78,162
320,0,0,1,1090,75,4.5,1090,75,80,165
321,0,0,1,997,41,4.31,997,41,69,129
322,0,0,1,729,34,3.96,729,34,57,114
323,0,0,1,972,44,4.62,972,44,63,127
324,0,0,1,1110,41,4.22,1110,41,67,135
325,0,0,1,1243,40,4.17,1243,40,68,134
326,0,7,0,688,39,5.01,688,39,61,122
327,0,0,1,1036,41,4.25,1036,41,64,135
328,0,0,1,1297,69,5.51,1297,69,89,187
329,0,0,1,1298,66,4.76,1298,66,90,184
330,0,0,1,909,54,4.31,909,54,66,131
331,0,0,1,1392,48,4.59,1392,48,68,133
332,0,0,1,955,26,3.92,955,26,45,87
333,0,0,1,612,45,3.91,612,45,47,92
334,0,0,1,774,38,3.15,774,38,55,104
335,0,0,1,1094,43,4.31,1094,43,74,144
336,0,0,1,1228,52,8.31,1228,52,94,190
337,0,0,1,1071,53,4.25,1071,53,63,127
338,0,0,1,1289,68,4.53,1289,68,89,164
339,0,0,1,1343,33,4.39,1343,33,61,140
340,0,0,1,745,31,4.2,745,31,72,145
341,0,0,1,1179,34,4.16,1179,34,65,133
342,0,0,1,787,39,4.41,787,39,78,151
343,0,0,1,1132,40,4.01,1132,40,63,127
344,0,0,1,1215,53,4.47,1215,53,78,160
345,0,0,1,1233,63,4.81,1233,63,107,201
346,0,0,1,827,45,4.29,827,45,42,91
347,0,0,1,1292,40,5.3,1292,40,69,156
348,0,0,1,1051,49,4.11,1051,49,72,155
349,0,0,1,1101,53,5.75,1101,53,84,163
350,0,0,1,1186,54,4.45,1186,54,76,148
351,0,0,1,920,35,4.7,920,35,70,150
352,0,0,1,938,42,4.4,938,42,72,151
353,0,6,0,954,56,3.78,954,56,56,89
354,0,0,1,1089,50,8.55,1089,50,77,171
355,0,0,1,1042,47,5.02,1042,47,89,185
356,0,0,1,1181,56,4.06,1181,56,99,192
357,0,0,1,1010,44,4.73,1010,44,64,126
358,0,0,1,1208,57,4.77,1208,57,81,157
359,0,0,1,1191,50,5.01,1191,50,85,168
360,0,0,1,1330,61,4.84,1330,61,103,186
361,0,0,1,847,40,3.75,847,40,67,152
362,0,0,1,1080,57,5.76,1080,57,69,148
363,0,0,1,1197,41,4.97,1197,41,64,143
364,0,0,1,1188,46,4.91,1188,46,77,164
365,0,0,1,852,51,3.94,852,51,72,137
366,0,0,1,1034,48,5.2,1034,48,72,148
367,0,0,1,1395,63,4.49,1395,63,103,205
368,0,0,1,1207,57,4.46,1207,57,95,197
369,0,0,1,893,27,3.94,893,27,54,131
370,0,0,1,1263,62,4.72,1263,62,105,196
371,0,0,1,1284,68,4.99,1284,68,96,184
372,0,0,1,1397,67,4.94,1397,67,70,133
373,0,0,1,1235,57,4.67,1235,57,102,198
374,0,0,1,963,50,3.63,963,50,80,153
375,0,0,1,911,45,3.97,911,45,77,158
376,0,4,0,883,29,3.94,883,29,44,104
377,0,0,1,1235,61,5.25,1235,61,97,188
378,0,0,1,1042,48,4.03,1042,48,81,188
379,0,0,1,832,42,3.97,832,42,54,123
380,0,0,1,1168,42,3.99,1168,42,75,155
381,0,0,1,841,61,5.75,841,61,83,145
382,0,0,1,1191,61,5.2,1191,61,94,197
383,0,0,1,709,27,3.87,709,27,29,65
384,0,0,1,1337,67,5.41,1337,67,105,204
385,0,0,1,1267,70,4.5,1267,70,87,182
386,0,0,1,1213,34,4.33,1213,34,57,120
387,0,0,1,870,40,5.07,870,40,51,137
388,0,0,1,1006,42,4.1,1006,42,69,132
389,0,0,1,1414,54,4.67,1414,54,96,173
390,0,0,1,1033,51,4.3,1033,51,85,165
391,0,0,1,863,45,4.79,863,45,65,129
392,0,0,1,1042,59,4.56,1042,59,89,184
393,0,0,1,1169,74,4.83,1169,74,91,190
394,0,0,1,926,31,4.59,926,31,49,115
395,0,0,1,1316,54,6.14,1316,54,69,128
396,0,0,1,1083,58,4.27,1083,58,95,181
397,0,0,1,1378,47,4.92,1378,47,76,152
398,0,0,1,1154,71,5.85,1154,71,76,158
399,0,0,1,969,54,4.76,969,54,83,170
400,0,0,1,1189,50,4.69,1189,50,59,142
401,0,0,1,1398,56,4.81,1398,56,69,151
402,0,0,1,1163,63,4.57,1163,63,80,179
403,0,0,1,836,39,4.56,836,39,65,142
404,0,0,1,809,37,3.75,809,37,60,131
405,0,0,1,986,47,5.04,986,47,71,149
406,0,0,1,733,32,4.37,733,32,59,124
407,0,0,1,1354,67,4.53,1354,67,97,192
408,0,0,1,1126,43,5.13,1126,43,68,156
409,0,0,1,968,51,4.37,968,51,72,158
410,0,0,1,801,45,4.58,801,45,68,150
411,0,0,1,965,38,3.64,965,38,69,140
412,0,0,1,1177,58,6.03,1177,58,91,169
413,0,0,1,1068,45,5.4,1068,45,75,145
414,0,0,1,1174,60,5.06,1174,60,85,175
415,0,0,1,1071,41,3.78,1071,41,60,129
416,0,0,1,798,38,3.25,798,38,64,130
417,0,6,0,663,23,3.78,663,23,42,111
418,0,0,1,1138,41,4.81,1138,41,66,140
419,0,0,1,1037,28,3.97,1037,28,58,125
420,0,0,1,998,47,4.07,998,47,82,166
421,0,0,1,760,43,3.14,760,43,40,80
422,0,0,1,1170,58,6.0,1170,58,99,202
423,0,0,1,1216,71,4.62,1216,71,91,171
424,0,0,1,1197,39,4.48,1197,39,67,147
425,0,0,1,1247,68,4.78,1247,68,98,182
426,0,0,1,1251,38,3.98,1251,38,73,149
427,0,0,1,1122,47,4.12,1122,47,65,129
428,0,0,1,1139,56,3.87,1139,56,82,166
429,0,0,1,1150,55,4.11,1150,55,93,191
430,0,0,1,978,53,5.65,978,53,78,175
431,0,0,1,720,54,3.69,720,54,62,139
432,0,0,1,1120,57,4.04,1120,57,86,169
433,0,0,1,1015,36,3.82,1015,36,60,124
434,0,0,1,892,52,3.74,892,52,62,128
435,0,0,1,1190,57,4.14,1190,57,87,179
436,0,0,1,925,45,3.59,925,45,58,119
437,0,0,1,1158,34,3.86,1158,34,47,108
438,0,0,1,1009,58,4.25,1009,58,80,163
439,0,0,1,1180,53,4.02,1180,53,85,167
440,0,0,1,1177,37,4.12,1177,37,77,159
441,0,0,1,808,52,4.54,808,52,67,111
442,0,0,1,806,34,4.49,806,34,51,107
443,0,0,1,1265,43,4.38,1265,43,62,139
444,0,0,1,996,32,3.86,996,32,52,103
445,0,0,1,892,29,3.51,892,29,51,138
446,0,0,1,1146,42,3.83,1146,42,49,115
447,0,0,1,748,35,3.57,748,35,28,77
448,0,0,1,1186,58,4.19,1186,58,107,173
449,0,5,0,1059,35,4.53,1059,35,35,77
450,0,0,1,915,40,3.91,915,40,55,119
451,0,0,1,1065,52,4.26,1065,52,84,177
452,0,0,1,1184,45,4.94,1184,45,61,140
453,0,0,1,1026,46,4.02,1026,46,66,134
454,0,0,1,1209,66,4.43,1209,66,96,191
455,0,0,1,1147,59,4.33,1147,59,97,179
456,0,0,1,1211,50,4.19,1211,50,81,160
457,0,0,1,841,36,3.43,841,36,49,123
458,0,0,1,1242,60,4.61,1242,60,96,195
459,0,0,1,1358,63,5.51,1358,63,91,160
460,0,0,1,1230,45,4.58,1230,45,62,127
461,0,0,1,1280,26,4.63,1280,26,49,100
462,0,0,1,1350,44,5.39,1350,44,65,142
463,0,0,1,1314,43,11.61,1314,43,66,142
464,0,0,1,1195,45,4.46,1195,45,71,139
465,0,0,1,1299,55,4.94,1299,55,67,135
466,0,0,1,1275,48,4.39,1275,48,72,110
467,0,0,1,1378,53,4.51,1378,53,86,165
468,0,0,1,1340,50,5.32,1340,50,64,129
469,0,0,1,1414,53,4.16,1414,53,73,134
470,0,0,1,1333,51,5.0,1333,51,83,151
471,0,0,1,1340,47,5.51,1340,47,82,170
472,0,0,1,1389,46,6.04,1389,46,72,143
473,0,0,1,1365,48,4.77,1365,48,71,140
474,0,0,1,1300,42,6.15,1300,42,68,143
475,0,0,1,1390,41,4.29,1390,41,64,142
476,0,0,1,1279,61,4.91,1279,61,73,137
477,0,0,1,1212,33,5.06,1212,33,56,110
478,0,0,1,1123,32,4.05,1123,32,72,165
479,0,0,1,1163,59,4.32,1163,59,94,184
480,0,0,1,1065,38,6.29,1065,38,60,114
481,0,0,1,1050,44,4.38,1050,44,48,110
482,0,0,1,1195,43,5.31,1195,43,62,133
483,0,0,1,1023,51,4.5,1023,51,54,115
484,0,0,1,1155,36,4.72,1155,36,68,158
485,0,0,1,1144,41,5.04,1144,41,72,130
486,0,0,1,1088,38,5.72,1088,38,62,124
487,0,0,1,1253,51,4.68,1253,51,69,138
488,0,0,1,1131,40,4.17,1131,40,45,97
489,0,0,1,1099,49,4.45,1099,49,71,142
490,0,0,1,1258,51,5.34,1258,51,90,180
491,0,0,1,947,42,4.88,947,42,59,131
492,0,0,1,1214,63,5.4,1214,63,76,163
493,0,0,1,1011,49,5.51,1011,49,66,143
494,0,0,1,1166,46,4.33,1166,46,57,129
495,0,0,1,1019,58,4.68,1019,58,66,130
496,0,0,1,1116,48,5.29,1116,48,80,168
497,0,0,1,1132,50,4.22,1132,50,78,154
498,0,0,1,1152,49,5.26,1152,49,73,139
499,0,0,1,1108,59,5.79,1108,59,66,134
500,0,0,1,1162,66,5.23,1162,66,91,199
501,0,0,1,1008,40,4.65,1008,40,61,139
502,0,0,1,1350,51,4.35,1350,51,71,142
503,0,0,1,1247,61,4.04,1247,61,84,166
504,0,0,1,1353,64,4.4,1353,64,75,156
505,0,0,1,1322,57,6.15,1322,57,83,178
506,0,0,1,979,41,3.92,979,41,73,144
507,0,0,1,1270,60,4.96,1270,60,92,183
508,0,0,1,1242,54,4.99,1242,54,54,123
509,0,0,1,1339,63,5.76,1339,63,97,192
510,0,0,1,1357,47,4.3,1357,47,80,165
511,0,0,1,1286,59,4.37,1286,59,65,132
512,0,0,1,1322,46,4.48,1322,46,97,178
513,0,0,1,1133,39,3.88,1133,39,61,120
514,0,0,1,959,39,4.34,959,39,53,115
515,0,0,1,1062,51,4.12,1062,51,80,166
516,0,0,1,922,38,4.67,922,38,58,111
517,0,0,1,958,46,3.5,958,46,64,131
518,0,0,1,970,52,4.04,970,52,58,132
519,0,0,1,1192,53,4.44,1192,53,85,169
520,0,0,1,1041,45,3.85,1041,45,68,145
521,0,0,1,858,37,3.36,858,37,68,138
522,0,0,1,1207,57,5.85,1207,57,72,151
523,0,0,1,1019,51,3.54,1019,51,76,151
524,0,0,1,1276,51,4.55,1276,51,76,167
525,0,0,1,1127,52,3.72,1127,52,93,186
526,0,0,1,1160,45,4.67,1160,45,82,166
527,0,0,1,1116,48,4.87,1116,48,68,147
528,0,0,1,1099,32,5.22,1099,32,46,77
529,0,0,1,1156,55,5.38,1156,55,80,167
530,0,0,1,1295,58,4.64,1295,58,83,180
531,0,0,1,1470,58,5.2,1470,58,96,195
532,0,0,1,1175,59,5.13,1175,59,91,187
533,0,0,1,1180,63,4.19,1180,63,80,171
534,0,0,1,1199,55,5.58,1199,55,90,168
535,0,0,1,1363,56,4.91,1363,56,83,178
536,0,0,1,1276,49,4.63,1276,49,41,102
537,0,0,1,1035,47,4.82,1035,47,71,146
538,0,0,1,1021,41,4.46,1021,41,63,128
539,0,0,1,1255,51,4.71,1255,51,76,168
540,0,0,1,1458,44,5.55,1458,44,80,168
541,0,0,1,1198,47,4.49,1198,47,83,161
542,0,0,1,1005,47,4.96,1005,47,68,119
543,0,0,1,1343,56,5.5,1343,56,90,162
544,0,0,1,1281,52,4.79,1281,52,76,153
545,0,0,1,1105,44,4.11,1105,44,50,110
546,0,0,1,1068,43,3.81,1068,43,56,118
547,0,0,1,985,35,4.23,985,35,62,110
548,0,0,1,1113,52,5.09,1113,52,71,168
549,0,0,1,1286,53,4.49,1286,53,91,171
550,0,0,1,1277,49,7.95,1277,49,67,127
551,0,0,1,1236,41,4.63,1236,41,67,137
552,0,0,1,1143,48,5.05,1143,48,65,134
553,0,0,1,1058,36,4.74,1058,36,58,117
554,0,0,1,765,28,4.51,765,28,46,124
555,0,0,1,996,39,3.89,996,39,75,142
556,0,0,1,1132,49,4.09,1132,49,57,115
557,0,0,1,1012,51,5.26,1012,51,73,156
558,0,0,1,1155,57,4.69,1155,57,91,190
559,0,0,1,1294,57,4.42,1294,57,84,184
560,0,0,1,1328,56,6.37,1328,56,99,192
561,0,0,1,1201,41,5.12,1201,41,79,168
562,0,0,1,1273,40,4.25,1273,40,67,140
563,0,0,1,942,35,4.07,942,35,65,134
564,0,0,1,1081,42,3.95,1081,42,54,118
565,0,0,1,1079,23,4.42,1079,23,31,77
566,0,0,1,1173,44,4.18,1173,44,76,158
567,0,0,1,1216,57,4.1,1216,57,97,195
568,0,0,1,1118,37,4.01,1118,37,53,127
569,0,0,1,1260,41,5.57,1260,41,74,157
570,0,0,1,1236,54,4.91,1236,54,92,184
571,0,0,1,911,35,3.44,911,35,66,132
572,0,0,1,1353,42,4.49,1353,42,73,151
573,0,0,1,1227,42,5.11,1227,42,77,155
574,0,0,1,1302,43,4.28,1302,43,80,154
575,0,0,1,1306,51,5.44,1306,51,87,172
576,0,0,1,1346,57,5.0,1346,57,85,169
577,0,0,1,1259,63,7.42,1259,63,84,165
578,0,0,1,1361,55,6.46,1361,55,83,172
579,0,0,1,1370,66,5.77,1370,66,86,174
580,0,0,1,1424,70,5.08,1424,70,85,170
581,0,0,1,1368,64,4.83,1368,64,86,180
582,0,0,1,1260,56,5.57,1260,56,80,160
583,0,0,1,1308,44,5.15,1308,44,66,131
584,0,0,1,1263,51,4.99,1263,51,68,149
585,0,0,1,1236,40,4.82,1236,40,53,112
586,0,0,1,1384,63,4.72,1384,63,90,173
587,0,0,1,1197,62,4.99,1197,62,74,154
588,0,0,1,1130,57,4.75,1130,57,82,162
589,0,0,1,1004,41,4.26,1004,41,44,94
590,0,0,1,1149,54,4.85,1149,54,62,129
591,0,0,1,1229,61,5.49,1229,61,104,196
592,0,0,1,1308,62,5.74,1308,62,104,201
593,0,0,1,1127,49,6.21,1127,49,74,153
594,0,0,1,1297,43,5.82,1297,43,69,150
595,0,0,1,1250,50,8.06,1250,50,77,153
596,0,0,1,1260,50,5.82,1260,50,70,148
597,0,0,1,1193,58,5.74,1193,58,74,155
598,0,0,1,1090,58,4.9,1090,58,74,148
599,0,0,1,1175,57,4.43,1175,57,91,182
600,0,0,1,1071,53,4.31,1071,53,81,173
601,0,0,1,1082,53,8.06,1082,53,93,165
602,0,0,1,1034,33,4.34,1034,33,71,144
603,0,0,1,1311,49,5.68,1311,49,72,165
604,0,0,1,917,37,4.7,917,37,55,113
605,0,0,1,997,35,4.56,997,35,55,141
606,0,4,0,844,25,4.57,844,25,29,64
607,0,0,1,1216,34,5.78,1216,34,60,138
608,0,0,1,1014,40,4.78,1014,40,57,111
609,0,0,1,988,32,4.5,988,32,35,93
610,0,0,1,1405,57,5.81,1405,57,72,139
611,0,0,1,1226,65,4.75,1226,65,83,165
612,0,0,1,1078,50,4.37,1078,50,76,142
613,0,0,1,1235,46,4.16,1235,46,64,123
614,0,0,1,1106,53,6.04,1106,53,67,148
615,0,0,1,1195,43,4.51,1195,43,56,115
616,0,0,1,1081,35,4.74,1081,35,54,127
617,0,0,1,1220,50,4.2,1220,50,71,151
618,0,0,1,1354,50,5.96,1354,50,62,127
619,0,0,1,1360,59,7.49,1360,59,82,147
620,0,0,1,1109,60,5.52,1109,60,84,164
621,0,0,1,1155,54,4.39,1155,54,63,135
622,0,0,1,852,54,5.32,852,54,78,125
623,0,0,1,1022,45,4.65,1022,45,40,80
624,0,0,1,1063,47,4.53,1063,47,71,147
625,0,0,1,1112,61,5.97,1112,61,88,183
626,0,0,1,1126,55,5.57,1126,55,87,157
627,0,0,1,973,51,5.27,973,51,62,123
628,0,0,1,1182,65,4.51,1182,65,82,143
629,0,7,0,846,45,4.7,846,45,64,110
630,0,0,1,1175,66,5.13,1175,66,64,129
631,0,0,1,956,45,4.02,956,45,80,113
632,0,0,1,1109,35,4.03,1109,35,60,136
633,0,1,0,1065,18,4.62,1065,18,40,113
634,0,5,0,813,24,4.18,813,24,54,119
635,0,0,1,1176,32,5.16,1176,32,62,106
636,0,0,1,1156,49,4.14,1156,49,76,167
637,0,0,1,1356,54,4.27,1356,54,66,130
638,0,0,1,1399,44,5.29,1399,44,65,135
639,0,0,1,1216,47,4.8,1216,47,80,132
640,0,0,1,1279,57,5.42,1279,57,70,143
641,0,0,1,1247,47,4.47,1247,47,72,140
642,0,0,1,1310,50,5.18,1310,50,76,151
643,0,0,1,1229,47,4.85,1229,47,65,131
644,0,0,1,1353,56,4.37,1353,56,66,137
645,0,0,1,1257,49,4.42,1257,49,62,134
646,0,0,1,1348,55,4.47,1348,55,83,175
647,0,0,1,1263,47,4.75,1263,47,73,152
648,0,0,1,1310,44,4.44,1310,44,75,134
649,0,0,1,1167,56,5.19,1167,56,83,171
650,0,0,1,874,46,5.19,874,46,71,146
651,0,0,1,1015,44,3.79,1015,44,67,140
652,0,0,1,1221,56,4.28,1221,56,94,195
653,0,0,1,1250,58,4.96,1250,58,93,187
654,0,0,1,1107,54,4.59,1107,54,77,149
655,0,0,1,978,38,4.41,978,38,75,146
656,0,0,1,977,36,4.98,977,36,64,133
657,0,0,1,942,60,5.87,942,60,86,172
658,0,2,0,989,24,3.98,989,24,29,60
659,0,0,1,1124,62,4.51,1124,62,95,185
660,0,0,1,926,37,5.25,926,37,58,137
661,0,0,1,875,43,6.58,875,43,56,127
662,0,0,1,1024,41,4.46,1024,41,65,126
663,0,0,1,1233,48,4.65,1233,48,64,131
664,0,0,1,1304,55,4.88,1304,55,88,179
665,0,0,1,1047,46,3.83,1047,46,59,118
666,0,0,1,1027,39,5.5,1027,39,56,122
667,0,0,1,1266,41,5.59,1266,41,61,133
668,0,0,1,1026,32,4.23,1026,32,41,92
669,0,0,1,1074,27,4.14,1074,27,49,106
670,0,0,1,1009,37,4.08,1009,37,60,138
671,0,0,1,1021,42,4.28,1021,42,77,154
672,0,0,1,1029,47,5.1,1029,47,59,134
673,0,0,1,883,42,4.25,883,42,57,108
674,0,8,0,1042,21,6.05,1042,21,43,112
675,0,0,1,1085,39,4.24,1085,39,59,136
676,0,0,1,1030,41,4.92,1030,41,53,107
677,0,0,1,1123,44,5.19,1123,44,77,161
678,0,0,1,923,27,4.02,923,27,45,108
679,0,0,1,1089,45,4.14,1089,45,65,142
680,0,0,1,1154,43,4.15,1154,43,53,109
681,0,0,1,1056,37,4.91,1056,37,58,120
682,0,0,1,1032,42,5.95,1032,42,57,119
683,0,0,1,1192,46,5.76,1192,46,60,130
684,0,0,1,1068,30,4.28,1068,30,54,118
685,0,0,1,949,35,5.07,949,35,59,125
686,0,0,1,1225,36,5.31,1225,36,69,160
687,0,0,1,1109,52,4.66,1109,52,95,190
688,0,0,1,900,49,3.82,900,49,72,151
689,0,0,1,1301,54,4.67,1301,54,93,184
690,0,0,1,1195,46,4.69,1195,46,70,147
691,0,5,0,657,25,3.59,657,25,44,82
692,0,0,1,1298,52,4.77,1298,52,62,138
693,0,0,1,1090,45,5.07,1090,45,90,182
694,0,0,1,1136,44,4.79,1136,44,49,109
695,0,0,1,1222,40,4.49,1222,40,68,150
696,0,0,1,1290,35,4.92,1290,35,58,124
697,0,0,1,1092,46,4.39,1092,46,59,130
698,0,0,1,936,37,4.08,936,37,59,131
699,0,0,1,1082,50,4.39,1082,50,63,133
700,0,0,1,1191,60,6.55,1191,60,76,151
701,0,0,1,1156,35,4.16,1156,35,57,138
702,0,0,1,1228,42,6.15,1228,42,69,144
703,0,0,1,1100,35,4.66,1100,35,46,103
704,0,0,1,1106,49,4.25,1106,49,54,107
705,0,0,1,1011,37,4.28,1011,37,55,108
706,0,0,1,1109,39,4.14,1109,39,54,113
707,0,0,1,1040,40,4.76,1040,40,61,134
708,0,0,1,1095,46,4.15,1095,46,72,146
709,0,0,1,943,31,3.55,943,31,43,95
710,0,0,1,1150,41,3.94,1150,41,58,119
711,0,0,1,932,49,5.25,932,49,78,127
712,0,0,1,919,31,4.45,919,31,58,137
713,0,0,1,1275,34,4.39,1275,34,38,104
714,0,0,1,1251,35,4.76,1251,35,62,133
715,0,0,1,1180,29,5.45,1180,29,51,103
716,0,0,1,1257,19,4.83,1257,19,34,71
717,0,0,1,1028,33,4.65,1028,33,59,123
718,0,0,1,1069,26,5.5,1069,26,40,105
719,0,0,1,1215,20,4.32,1215,20,32,77
720,0,0,1,1106,45,5.69,1106,45,59,133
721,0,0,1,1239,43,4.4,1239,43,67,130
722,0,0,1,1188,40,5.7,1188,40,58,133
723,0,0,1,1131,45,6.92,1131,45,56,123
724,0,0,1,1205,41,4.67,1205,41,61,134
725,0,0,1,1131,39,4.38,1131,39,52,111
726,0,0,1,974,26,3.9,974,26,41,89
727,0,0,1,1262,52,4.99,1262,52,65,132
728,0,0,1,1264,50,7.05,1264,50,70,148
729,0,0,1,1043,38,6.76,1043,38,51,127
730,0,0,1,1170,45,10.92,1170,45,58,127
731,0,0,1,976,52,6.4,976,52,65,133
732,0,0,1,1156,53,6.65,1156,53,90,168
733,0,0,1,1024,52,6.36,1024,52,63,129
734,0,0,1,1024,45,6.57,1024,45,55,115
735,0,0,1,1170,55,5.03,1170,55,67,141
736,0,0,1,865,31,7.17,865,31,35,81
737,0,0,1,1044,61,4.73,1044,61,88,175
738,0,0,1,1082,62,6.22,1082,62,89,183
739,0,0,1,1094,64,5.49,1094,64,86,167
740,0,0,1,986,41,4.75,986,41,71,146
741,0,0,1,972,50,4.16,972,50,73,145
742,0,0,1,986,52,5.9,986,52,46,105
743,0,0,1,1246,60,5.26,1246,60,88,181
744,0,0,1,1099,47,13.22,1099,47,58,113
745,0,0,1,1371,62,11.0,1371,62,89,166
746,0,0,1,1287,41,15.53,1287,41,62,128
747,0,0,1,1341,55,8.86,1341,55,79,156
748,0,0,1,1304,46,11.73,1304,46,69,143
749,0,0,1,1300,53,5.41,1300,53,70,133
750,0,0,1,1225,54,9.67,1225,54,78,156
751,0,0,1,1255,52,5.31,1255,52,73,151
752,0,0,1,1229,48,6.94,1229,48,65,133
753,0,0,1,1214,57,8.24,1214,57,85,170
754,0,0,1,1292,49,6.61,1292,49,73,150
755,0,0,1,1217,42,4.62,1217,42,67,133
756,0,0,1,1379,27,9.64,1379,27,58,136
757,0,0,1,1374,49,6.6,1374,49,61,133
758,0,0,1,1322,51,6.63,1322,51,81,160
759,0,0,1,1322,34,7.06,1322,34,69,148
760,0,0,1,1270,47,6.49,1270,47,62,124
761,0,0,1,1268,44,5.34,1268,44,62,126
762,0,0,1,1303,36,5.12,1303,36,73,147
763,0,0,1,1338,52,5.49,1338,52,90,173
764,0,0,1,1226,38,6.47,1226,38,70,129
765,0,0,1,1217,41,4.29,1217,41,74,144
766,0,0,1,1265,37,5.62,1265,37,63,125
767,0,0,1,1401,53,5.94,1401,53,78,162
768,0,0,1,1307,60,5.32,1307,60,81,167
769,0,0,1,1387,62,5.28,1387,62,98,183
770,0,0,1,1332,50,4.78,1332,50,66,129
771,0,0,1,1242,43,4.9,1242,43,75,151
772,0,0,1,1287,58,4.5,1287,58,64,135
773,0,0,1,1326,44,4.88,1326,44,74,149
774,0,0,1,1345,36,6.06,1345,36,50,101
775,0,0,1,1316,56,6.55,1316,56,85,175
776,0,0,1,1322,45,5.22,1322,45,73,147
777,0,0,1,1238,49,4.56,1238,49,64,140
778,0,0,1,1213,45,5.29,1213,45,76,148
779,0,0,1,1388,62,5.29,1388,62,94,186
780,0,0,1,1300,56,4.55,1300,56,88,176
781,0,0,1,1261,54,5.7,1261,54,86,172
782,0,0,1,1122,51,4.58,1122,51,70,154
783,0,0,1,1152,53,5.2,1152,53,71,147
784,0,0,1,1422,30,5.18,1422,30,49,107
785,0,0,1,1353,48,6.17,1353,48,88,174
786,0,0,1,1301,39,4.72,1301,39,67,135
787,0,0,1,1379,64,5.03,1379,64,81,159
788,0,0,1,1202,62,4.76,1202,62,79,165
789,0,0,1,1290,52,4.37,1290,52,75,173
790,0,0,1,1353,56,4.48,1353,56,89,183
791,0,0,1,1108,51,4.16,1108,51,88,178
792,0,0,1,1286,45,5.4,1286,45,62,132
793,0,0,1,1275,65,4.74,1275,65,72,142
794,0,0,1,1249,42,4.41,1249,42,48,98
795,0,0,1,1243,64,6.25,1243,64,85,166
796,0,0,1,1262,41,4.31,1262,41,65,138
797,0,0,1,1072,53,3.76,1072,53,77,164
798,0,0,1,1301,55,5.17,1301,55,73,146
799,0,0,1,1151,34,3.85,1151,34,34,87
800,0,0,1,1174,31,4.64,1174,31,58,133
801,0,0,1,1290,55,5.73,1290,55,64,130
802,0,0,1,1035,48,4.55,1035,48,76,159
803,0,0,1,1193,36,6.01,1193,36,76,132
804,0,0,1,1100,37,3.8,1100,37,41,90
805,0,0,1,1222,47,5.81,1222,47,66,131
806,0,0,1,1269,64,4.23,1269,64,92,179
807,0,0,1,987,34,4.93,987,34,50,87
808,0,0,1,1317,42,6.53,1317,42,66,139
809,0,0,1,1368,56,4.62,1368,56,83,164
810,0,0,1,1171,46,5.23,1171,46,62,131
811,0,0,1,1307,53,4.68,1307,53,62,135
812,0,0,1,1164,41,4.89,1164,41,63,141
813,0,0,1,1206,38,5.89,1206,38,60,116
814,0,0,1,1198,44,6.26,1198,44,66,123
815,0,0,1,1224,37,4.23,1224,37,66,126
816,0,0,1,1154,34,3.94,1154,34,68,143
817,0,0,1,1194,33,5.23,1194,33,39,80
818,0,0,1,1263,49,5.42,1263,49,58,128
819,0,0,1,1096,41,3.95,1096,41,67,136
820,0,0,1,1109,63,6.33,1109,63,89,188
821,0,0,1,1273,63,4.75,1273,63,93,191
822,0,0,1,1260,63,4.28,1260,63,99,185
823,0,0,1,1268,57,5.94,1268,57,86,181
824,0,0,1,1212,55,4.72,1212,55,78,137
825,0,0,1,1277,57,5.66,1277,57,104,199
826,0,0,1,1100,50,6.76,1100,50,70,142
827,0,0,1,1156,69,4.65,1156,69,91,162
828,0,0,1,1304,61,4.44,1304,61,107,207
829,0,0,1,1282,57,4.9,1282,57,88,174
830,0,0,1,1432,60,5.06,1432,60,92,183
831,0,0,1,1244,54,4.74,1244,54,94,184
832,0,0,1,920,47,5.23,920,47,65,147
833,0,0,1,1160,54,4.37,1160,54,85,155
834,0,0,1,998,50,4.67,998,50,76,156
835,0,0,1,1077,55,4.92,1077,55,70,149
836,0,0,1,1245,59,4.34,1245,59,84,174
837,0,0,1,984,59,4.33,984,59,73,163
838,0,0,1,1029,49,5.25,1029,49,68,152
839,0,0,1,1257,60,4.21,1257,60,74,146
840,0,0,1,1003,50,4.31,1003,50,74,152
841,0,0,1,1027,49,4.17,1027,49,66,144
842,0,0,1,996,48,3.61,996,48,68,136
843,0,0,1,1229,62,5.07,1229,62,88,171
844,0,0,1,1281,65,5.0,1281,65,83,173
845,0,0,1,1345,34,4.25,1345,34,71,143
846,0,0,1,1455,36,4.99,1455,36,75,144
847,0,0,1,1225,59,7.11,1225,59,73,147
848,0,0,1,1185,61,5.64,1185,61,79,157
849,0,0,1,1110,38,4.2,1110,38,59,121
850,0,0,1,1205,50,4.36,1205,50,68,148
851,0,0,1,1075,36,4.29,1075,36,56,108
852,0,0,1,1183,47,4.72,1183,47,76,159
853,0,0,1,1288,52,5.62,1288,52,65,130
854,0,0,1,1316,42,4.71,1316,42,76,150
855,0,0,1,1224,49,4.14,1224,49,60,123
856,0,0,1,1142,37,4.96,1142,37,60,132
857,0,0,1,1276,68,5.72,1276,68,89,183
858,0,0,1,1211,48,4.69,1211,48,67,143
859,0,0,1,1310,53,4.47,1310,53,65,128
860,0,0,1,1133,50,5.44,1133,50,58,131
861,0,0,1,954,44,3.63,954,44,64,141
862,0,0,1,1159,40,3.95,1159,40,58,134
863,0,0,1,1220,52,4.65,1220,52,79,157
864,0,0,1,1152,44,4.01,1152,44,57,120
865,0,0,1,1161,50,4.8,1161,50,74,144
866,0,0,1,1150,53,4.92,1150,53,90,180
867,0,0,1,1161,41,3.83,1161,41,59,124
868,0,0,1,1220,41,4.6,1220,41,46,99
869,0,0,1,1103,40,4.09,1103,40,54,114
870,0,0,1,1214,46,4.22,1214,46,66,138
871,0,0,1,1298,51,4.82,1298,51,66,136
872,0,0,1,1139,46,4.31,1139,46,60,123
873,0,0,1,1347,63,4.89,1347,63,76,152
874,0,0,1,1134,47,4.62,1134,47,66,128
875,0,0,1,1306,56,5.56,1306,56,94,190
876,0,0,1,1318,59,5.53,1318,59,96,188
877,0,0,1,1197,54,4.32,1197,54,77,143
878,0,0,1,1295,29,5.41,1295,29,55,134
879,0,5,0,1120,27,5.1,1120,27,59,123
880,0,0,1,1276,44,4.82,1276,44,62,128
881,0,0,1,1211,42,4.6,1211,42,74,145
882,0,0,1,1278,47,4.21,1278,47,77,153
883,0,0,1,1397,73,4.93,1397,73,97,188
884,0,0,1,1282,52,5.83,1282,52,82,178
885,0,0,1,1366,59,4.71,1366,59,79,143
886,0,0,1,1317,59,4.63,1317,59,94,188
887,0,0,1,1299,61,5.04,1299,61,97,180
888,0,0,1,1346,55,4.82,1346,55,84,170
889,0,0,1,1287,52,4.46,1287,52,92,176
890,0,0,1,1106,44,15.25,1106,44,72,148
891,0,0,1,1074,32,5.54,1074,32,70,129
892,0,0,1,1358,59,4.7,1358,59,83,165
893,0,0,1,1226,59,4.65,1226,59,102,198
894,0,0,1,1369,47,4.35,1369,47,67,139
895,0,0,1,1301,49,5.0,1301,49,60,138
896,0,0,1,1316,37,4.62,1316,37,67,141
897,0,0,1,1345,61,4.59,1345,61,84,164
898,0,0,1,1299,45,5.5,1299,45,65,125
899,0,0,1,1355,50,5.42,1355,50,66,133
900,0,0,1,1272,63,6.4,1272,63,102,207
901,0,0,1,1417,45,5.39,1417,45,69,132
902,0,0,1,1360,54,5.5,1360,54,74,148
903,0,0,1,1177,49,4.36,1177,49,66,121
904,0,0,1,1070,53,4.19,1070,53,75,149
905,0,0,1,1153,57,4.11,1153,57,91,183
906,0,0,1,1016,58,3.92,1016,58,84,152
907,0,0,1,1168,48,5.71,1168,48,88,158
908,0,0,1,1319,52,6.18,1319,52,85,175
909,0,0,1,1262,56,4.98,1262,56,74,152
910,0,0,1,1145,55,5.32,1145,55,83,159
911,0,0,1,1313,54,6.7,1313,54,95,181
912,0,0,1,1136,56,4.13,1136,56,81,137
913,0,0,1,1290,58,4.38,1290,58,88,187
914,0,0,1,1213,57,4.5,1213,57,92,183
915,0,0,1,1313,65,5.83,1313,65,78,157
916,0,0,1,1181,48,9.36,1181,48,83,160
917,0,0,1,1208,64,5.32,1208,64,106,192
918,0,0,1,1087,75,6.2,1087,75,76,135
919,0,0,1,1205,45,6.11,1205,45,94,184
920,0,0,1,1185,61,6.14,1185,61,95,197
921,0,0,1,1117,55,4.72,1117,55,89,186
922,0,0,1,921,50,4.19,921,50,54,99
923,0,0,1,1259,60,6.1,1259,60,82,161
924,0,0,1,1317,52,5.73,1317,52,81,165
925,0,0,1,1271,64,4.5,1271,64,100,179
926,0,0,1,1160,64,4.23,1160,64,95,182
927,0,0,1,1256,60,5.06,1256,60,88,175
928,0,0,1,1187,59,5.56,1187,59,76,150
929,0,0,1,1382,65,5.78,1382,65,91,186
930,0,0,1,1249,34,4.66,1249,34,67,126
931,0,0,1,1170,50,5.22,1170,50,76,163
932,0,0,1,1241,49,4.12,1241,49,96,188
933,0,0,1,1370,64,9.05,1370,64,79,159
934,0,0,1,1196,40,4.45,1196,40,56,119
935,0,0,1,935,39,3.49,935,39,57,121
936,0,0,1,1230,40,6.76,1230,40,73,153
937,0,0,1,1339,55,4.36,1339,55,73,153
938,0,0,1,1305,51,5.77,1305,51,73,150
939,0,0,1,899,52,3.54,899,52,56,108
940,0,0,1,989,46,3.66,989,46,60,132
941,0,0,1,1089,43,4.06,1089,43,55,129
942,0,8,0,1013,41,5.65,1013,41,31,90
943,0,0,1,1285,40,4.18,1285,40,61,139
944,0,0,1,1309,45,4.63,1309,45,73,140
945,0,0,1,1389,52,4.68,1389,52,68,138
946,0,0,1,1076,27,4.45,1076,27,28,84
947,0,0,1,938,23,4.63,938,23,42,100
948,0,0,1,895,35,4.61,895,35,55,144
949,0,0,1,1033,45,5.93,1033,45,60,119
950,0,0,1,1190,45,3.94,1190,45,58,134
951,0,0,1,1276,37,4.96,1276,37,51,98
952,0,0,1,1285,35,5.06,1285,35,60,115
953,0,0,1,1192,26,4.69,1192,26,40,116
954,0,0,1,1290,26,4.58,1290,26,53,116
955,0,0,1,1264,33,6.81,1264,33,37,90
956,0,0,1,1224,23,5.75,1224,23,42,93
957,0,0,1,1027,16,4.39,1027,16,23,59
958,0,0,1,1183,40,5.73,1183,40,61,135
959,0,0,1,1239,20,4.65,1239,20,32,82
960,0,0,1,1353,47,7.23,1353,47,69,137
961,0,0,1,1152,31,6.68,1152,31,55,114
962,0,0,1,1304,28,5.11,1304,28,48,99
963,0,1,0,954,19,4.3,954,19,25,78
964,0,0,1,1351,34,4.5,1351,34,46,111
965,0,0,1,1214,24,4.6,1214,24,42,100
966,0,3,0,796,17,4.41,796,17,27,81
967,0,0,1,1122,25,4.33,1122,25,48,119
968,0,0,1,1170,53,6.58,1170,53,71,125
969,0,0,1,1260,26,6.63,1260,26,60,144
970,0,0,1,1306,27,5.28,1306,27,58,143
971,0,0,1,1014,44,3.9,1014,44,61,143
972,0,0,1,1245,37,5.93,1245,37,62,105
973,0,0,1,1258,47,4.71,1258,47,71,129
974,0,0,1,1067,37,5.53,1067,37,55,109
975,0,0,1,1351,50,4.75,1351,50,74,125
976,0,0,1,1295,34,4.72,1295,34,53,124
977,0,0,1,1147,37,6.8,1147,37,50,118
978,0,0,1,1228,64,4.3,1228,64,64,135
979,0,0,1,1301,43,4.96,1301,43,80,156
980,1,1,1,371,21,3.45,371,21,33,99
981,1,1,1,447,25,2.87,447,25,36,118
982,1,1,1,420,24,3.36,420,24,42,138
983,1,1,1,331,18,2.8,331,18,29,99
984,1,1,1,250,19,3.27,250,19,36,126
985,1,1,1,319,19,3.3,319,19,42,140
986,1,1,1,414,22,3.41,414,22,43,144
987,1,1,1,203,19,3.15,203,19,47,131
988,1,8,0,415,37,3.4,415,37,44,110
989,1,1,1,375,23,3.39,375,23,40,134
990,1,1,1,357,25,3.52,357,25,54,180
991,1,1,1,516,25,3.96,516,25,47,108
992,1,1,1,423,24,3.5,423,24,28,96
993,1,8,0,311,26,3.12,311,26,38,115
994,1,1,1,492,26,3.28,492,26,45,142
995,1,1,1,388,25,3.83,388,25,47,157
996,1,1,1,552,29,4.16,552,29,46,159
997,1,1,1,334,23,3.72,334,23,42,140
998,1,1,1,262,18,2.97,262,18,44,133
999,1,1,1,249,17,3.09,249,17,39,134
1000,1,1,1,334,23,3.09,334,23,41,120
1001,1,1,1,208,19,2.66,208,19,43,126
1002,1,1,1,353,30,3.03,353,30,46,142
1003,1,1,1,320,23,3.09,320,23,42,140
1004,1,1,1,248,26,2.42,248,26,42,142
1005,1,1,1,557,27,3.05,557,27,44,147
1006,1,8,0,341,26,4.16,341,26,31,82
1007,1,1,1,360,32,3.53,360,32,35,113
1008,1,1,1,450,28,4.38,450,28,41,129
1009,1,1,1,221,18,3.09,221,18,30,97
1010,1,1,1,363,22,2.54,363,22,40,138
1011,1,1,1,284,17,3.4,284,17,39,128
1012,1,1,1,454,25,2.94,454,25,52,162
1013,1,1,1,271,25,3.08,271,25,50,146
1014,1,1,1,277,15,2.73,277,15,30,71
1015,1,1,1,381,25,3.55,381,25,43,143
1016,1,1,1,366,25,3.56,366,25,43,144
1017,1,1,1,304,29,3.48,304,29,46,157
1018,1,1,1,391,29,3.82,391,29,48,148
1019,1,1,1,276,28,3.43,276,28,49,135
1020,1,1,1,462,26,3.75,462,26,31,107
1021,1,1,1,307,18,2.66,307,18,48,160
1022,1,1,1,341,21,3.24,341,21,31,98
1023,1,1,1,386,24,4.04,386,24,48,165
1024,1,1,1,352,30,3.71,352,30,49,144
1025,1,1,1,320,25,2.66,320,25,37,123
1026,1,1,1,341,22,2.88,341,22,37,120
1027,1,1,1,346,27,3.97,346,27,60,183
1028,1,1,1,427,24,3.25,427,24,48,160
1029,1,1,1,365,21,4.17,365,21,36,105
1030,1,1,1,556,29,3.69,556,29,47,156
1031,1,1,1,220,20,3.01,220,20,41,141
1032,1,1,1,307,23,3.29,307,23,48,160
1033,1,1,1,279,23,2.81,279,23,46,153
1034,1,1,1,276,18,3.25,276,18,39,141
1035,1,1,1,489,28,4.39,489,28,53,159
1036,1,1,1,338,19,3.53,338,19,39,133
1037,1,1,1,373,26,3.13,373,26,39,120
1038,1,1,1,395,28,2.84,395,28,50,153
1039,1,1,1,262,22,3.36,262,22,42,134
1040,1,1,1,265,22,2.96,265,22,48,160
1041,1,1,1,358,19,3.21,358,19,42,140
1042,1,1,1,432,24,3.63,432,24,42,140
1043,1,1,1,223,22,2.41,223,22,35,105
1044,1,1,1,366,26,4.05,366,26,46,165
1045,1,1,1,409,23,2.92,409,23,35,108
1046,1,1,1,352,23,3.92,352,23,42,126
1047,1,1,1,252,17,3.99,252,17,40,137
1048,1,1,1,401,20,4.74,401,20,43,124
1049,1,1,1,672,24,5.71,672,24,27,53
1050,1,1,1,332,23,3.58,332,23,48,160
1051,1,1,1,391,24,3.84,391,24,50,155
1052,1,1,1,356,17,3.98,356,17,38,115
1053,1,1,1,660,29,3.65,660,29,51,152
1054,1,8,0,541,31,3.38,541,31,32,108
1055,1,1,1,307,21,3.04,307,21,25,83
1056,1,1,1,313,20,2.69,313,20,37,109
1057,1,1,1,315,24,3.24,315,24,38,132
1058,1,1,1,330,24,3.72,330,24,42,140
1059,1,1,1,382,25,2.74,382,25,48,160
1060,1,1,1,330,25,3.67,330,25,48,160
1061,1,1,1,279,20,4.16,279,20,40,127
1062,1,1,1,357,25,2.66,357,25,53,178
1063,1,1,1,314,17,3.24,314,17,49,106
1064,1,1,1,420,25,3.26,420,25,35,113
1065,1,1,1,416,25,3.63,416,25,47,150
1066,1,1,1,355,25,3.99,355,25,46,151
1067,1,1,1,309,23,2.95,309,23,42,138
1068,1,1,1,543,28,4.14,543,28,35,115
1069,1,1,1,305,17,3.19,305,17,42,140
1070,1,1,1,363,25,4.29,363,25,50,171
1071,1,1,1,262,21,3.07,262,21,43,143
1072,1,1,1,419,28,6.77,419,28,44,136
1073,1,1,1,373,20,2.58,373,20,43,139
1074,1,1,1,317,22,3.29,317,22,40,138
1075,1,1,1,384,22,3.81,384,22,33,112
1076,1,1,1,282,22,3.62,282,22,43,144
1077,1,1,1,461,30,4.0,461,30,45,159
1078,1,1,1,345,24,3.34,345,24,35,119
1079,1,1,1,251,20,3.46,251,20,44,148
1080,1,1,1,466,30,2.56,466,30,36,93
1081,1,1,1,361,19,3.34,361,19,39,127
1082,1,1,1,331,22,3.16,331,22,38,129
1083,1,1,1,363,24,3.66,363,24,48,160
1084,1,1,1,365,22,3.87,365,22,43,134
1085,1,1,1,426,31,2.61,426,31,45,140
1086,1,1,1,550,29,4.11,550,29,48,160
1087,1,1,1,466,26,3.24,466,26,37,129
1088,1,1,1,407,26,3.45,407,26,54,180
1089,1,1,1,328,28,3.64,328,28,47,152
1090,1,8,0,432,23,3.73,432,23,35,62
1091,1,1,1,393,22,2.62,393,22,40,130
1092,1,1,1,195,21,2.93,195,21,48,128
1093,1,1,1,285,17,2.77,285,17,42,140
1094,1,1,1,289,18,3.79,289,18,44,129
1095,1,1,1,288,17,3.7,288,17,38,117
1096,1,1,1,306,24,3.62,306,24,44,148
1097,1,6,0,620,49,4.25,620,49,80,151
1098,1,1,1,298,23,3.24,298,23,47,132
1099,1,1,1,331,20,4.83,331,20,42,140
1100,1,1,1,322,21,3.45,322,21,42,140
1101,1,1,1,526,26,4.62,526,26,42,133
1102,1,1,1,333,23,4.24,333,23,44,148
1103,1,1,1,270,18,3.8,270,18,42,140
1104,1,1,1,247,21,3.76,247,21,33,90
1105,1,8,0,417,43,3.68,417,43,47,98
1106,1,1,1,359,29,3.11,359,29,33,105
1107,1,1,1,343,22,3.49,343,22,36,119
1108,1,1,1,368,25,3.54,368,25,47,155
1109,1,1,1,560,28,3.9,560,28,40,123
1110,1,1,1,461,20,2.96,461,20,40,135
1111,1,1,1,380,24,3.66,380,24,54,180
1112,1,1,1,365,26,3.26,365,26,50,169
1113,1,1,1,339,27,3.09,339,27,55,158
1114,1,1,1,226,18,2.97,226,18,42,140
1115,1,1,1,267,20,3.34,267,20,48,160
1116,1,1,1,340,26,2.97,340,26,41,125
1117,1,1,1,232,24,2.38,232,24,44,149
1118,1,1,1,270,22,3.41,270,22,52,182
1119,1,1,1,282,22,2.84,282,22,45,107
1120,1,1,1,533,27,3.03,533,27,53,157
1121,1,1,1,437,28,3.12,437,28,42,139
1122,1,1,1,222,18,3.16,222,18,40,127
1123,1,1,1,461,24,3.46,461,24,51,167
1124,1,1,1,278,16,3.81,278,16,42,140
1125,1,1,1,332,23,3.87,332,23,37,123
1126,1,1,1,269,22,2.91,269,22,45,153
1127,1,1,1,312,23,3.68,312,23,45,147
1128,1,1,1,346,25,3.08,346,25,54,180
1129,1,1,1,621,32,4.18,621,32,61,163
1130,1,1,1,348,23,2.75,348,23,47,151
1131,1,1,1,459,25,3.77,459,25,44,149
1132,1,1,1,312,25,3.37,312,25,20,57
1133,1,1,1,330,24,2.92,330,24,43,143
1134,1,1,1,549,25,3.07,549,25,44,153
1135,1,1,1,293,24,4.3,293,24,46,147
1136,1,1,1,445,21,3.43,445,21,40,137
1137,1,1,1,331,24,2.94,331,24,53,158
1138,1,1,1,408,23,3.55,408,23,48,160
1139,1,1,1,375,26,3.17,375,26,39,126
1140,1,1,1,529,30,3.53,529,30,40,134
1141,1,1,1,389,24,2.72,389,24,48,160
1142,1,1,1,534,32,3.8,534,32,44,138
1143,1,1,1,298,20,3.17,298,20,42,140
1144,1,1,1,311,17,2.43,311,17,32,120
1145,1,1,1,338,26,3.02,338,26,54,180
1146,1,1,1,476,26,4.2,476,26,47,125
1147,1,1,1,317,19,2.99,317,19,42,140
1148,1,1,1,241,21,3.05,241,21,40,136
1149,1,1,1,201,20,2.55,201,20,40,122
1150,1,1,1,237,21,3.29,237,21,36,118
1151,1,1,1,348,22,3.84,348,22,41,128
1152,1,1,1,585,32,4.93,585,32,29,82
1153,1,1,1,352,29,3.28,352,29,50,158
1154,1,1,1,329,21,2.68,329,21,44,149
1155,1,1,1,366,22,2.79,366,22,42,140
1156,1,1,1,391,27,3.31,391,27,50,168
1157,1,1,1,297,26,2.72,297,26,41,119
1158,1,1,1,262,23,2.69,262,23,38,128
1159,1,1,1,457,24,2.59,457,24,47,155
1160,1,6,0,630,38,4.45,630,38,62,135
1161,1,1,1,324,23,2.82,324,23,51,160
1162,1,1,1,274,19,3.56,274,19,36,121
1163,1,1,1,382,25,2.85,382,25,43,137
1164,1,1,1,422,21,2.9,422,21,34,99
1165,1,1,1,359,25,2.72,359,25,34,113
1166,1,1,1,334,24,3.93,334,24,49,153
1167,1,1,1,423,21,3.34,423,21,42,140
1168,1,1,1,420,24,3.7,420,24,48,160
1169,1,1,1,589,27,3.02,589,27,36,124
1170,1,1,1,290,20,3.39,290,20,48,160
1171,1,1,1,346,19,2.52,346,19,35,116
1172,1,1,1,415,28,3.25,415,28,41,131
1173,1,1,1,302,26,2.88,302,26,55,133
1174,1,1,1,336,27,3.0,336,27,47,144
1175,1,1,1,437,27,3.68,437,27,24,80
1176,1,1,1,346,23,2.73,346,23,38,125
1177,1,1,1,302,22,3.2,302,22,50,139
1178,1,1,1,278,21,2.31,278,21,44,151
1179,1,1,1,259,26,3.21,259,26,38,123
1180,1,1,1,499,29,3.28,499,29,51,177
1181,1,1,1,249,23,3.56,249,23,46,150
1182,1,1,1,295,23,3.07,295,23,40,137
1183,1,1,1,384,25,2.78,384,25,47,155
1184,1,1,1,551,24,4.12,551,24,44,148
1185,1,1,1,462,27,3.3,462,27,47,135
1186,1,1,1,318,21,3.2,318,21,39,127
1187,1,1,1,383,27,2.9,383,27,16,54
1188,1,1,1,350,23,2.59,350,23,48,160
1189,1,1,1,629,32,4.49,629,32,48,143
1190,1,1,1,307,21,2.51,307,21,50,168
1191,1,1,1,314,26,3.84,314,26,42,140
1192,1,1,1,402,22,4.16,402,22,40,137
1193,1,1,1,275,20,3.02,275,20,47,157
1194,1,1,1,362,23,3.72,362,23,39,127
1195,1,1,1,606,34,3.93,606,34,64,136
1196,1,1,1,382,22,3.68,382,22,40,137
1197,1,1,1,383,30,2.97,383,30,37,127
1198,1,1,1,366,26,4.03,366,26,51,160
1199,1,8,0,559,22,3.63,559,22,38,103
1200,1,1,1,355,22,2.53,355,22,44,148
1201,1,1,1,435,27,3.88,435,27,44,149
1202,1,1,1,590,34,3.07,590,34,38,128
1203,1,1,1,347,25,2.86,347,25,45,144
1204,1,1,1,746,34,3.41,746,34,34,87
1205,1,1,1,524,32,4.33,524,32,40,131
1206,1,1,1,379,30,3.18,379,30,54,180
1207,1,1,1,339,26,3.08,339,26,43,143
1208,1,1,1,343,25,2.63,343,25,50,169
1209,1,1,1,510,29,3.77,510,29,52,158
1210,1,1,1,305,20,4.0,305,20,48,160
1211,1,1,1,381,26,3.81,381,26,37,126
1212,1,8,0,690,30,3.43,690,30,31,120
1213,1,1,1,348,28,2.97,348,28,44,140
1214,1,1,1,277,22,3.65,277,22,40,133
1215,1,1,1,277,20,3.82,277,20,40,137
1216,1,1,1,378,23,3.7,378,23,43,142
1217,1,1,1,336,21,4.06,336,21,48,160
1218,1,7,0,520,33,3.43,520,33,50,103
1219,1,1,1,321,17,3.11,321,17,37,131
1220,1,1,1,276,22,2.52,276,22,43,147
1221,1,1,1,334,26,3.71,334,26,48,168
1222,1,1,1,406,24,3.2,406,24,46,150
1223,1,1,1,289,21,4.05,289,21,34,96
1224,1,1,1,387,27,3.11,387,27,34,118
1225,1,1,1,352,23,3.66,352,23,50,168
1226,1,1,1,450,25,3.84,450,25,52,147
1227,1,1,1,318,19,3.06,318,19,44,148
1228,1,8,0,390,24,2.69,390,24,25,77
1229,1,1,1,273,22,4.25,273,22,39,134
1230,1,1,1,314,18,2.65,314,18,30,102
1231,1,2,0,902,46,6.1,902,46,42,78
1232,1,1,1,604,31,3.28,604,31,41,143
1233,1,1,1,320,17,2.94,320,17,42,128
1234,1,1,1,530,26,4.09,530,26,51,151
1235,1,1,1,324,26,4.23,324,26,51,164
1236,1,1,1,195,22,3.64,195,22,49,168
1237,1,1,1,587,31,3.77,587,31,50,163
1238,1,1,1,602,27,3.66,602,27,58,170
1239,1,6,0,738,41,4.33,738,41,85,123
1240,1,1,1,387,20,3.51,387,20,36,126
1241,1,1,1,312,24,2.48,312,24,35,87
1242,1,1,1,343,19,2.82,343,19,33,112
1243,1,1,1,347,23,3.56,347,23,48,160
1244,1,1,1,329,22,2.83,329,22,37,123
1245,1,1,1,434,25,3.55,434,25,45,143
1246,1,1,1,285,20,2.87,285,20,50,171
1247,1,1,1,309,29,2.39,309,29,40,135
1248,1,1,1,381,26,2.62,381,26,43,144
1249,1,1,1,329,24,2.43,329,24,44,149
1250,1,1,1,474,28,3.09,474,28,45,151
1251,1,1,1,542,29,3.23,542,29,49,147
1252,1,1,1,320,21,3.94,320,21,47,161
1253,1,1,1,372,24,11.69,372,24,51,167
1254,1,6,0,815,24,3.87,815,24,35,76
1255,1,1,1,360,27,3.76,360,27,48,160
1256,1,1,1,433,25,3.37,433,25,48,158
1257,1,1,1,420,23,3.26,420,23,44,148
1258,1,1,1,393,28,3.47,393,28,29,102
1259,1,1,1,521,27,3.56,521,27,49,137
1260,1,1,1,333,26,2.93,333,26,51,167
1261,1,1,1,377,27,3.28,377,27,49,131
1262,1,1,1,407,20,2.89,407,20,44,148
1263,1,1,1,321,20,3.34,321,20,42,120
1264,1,1,1,422,34,3.27,422,34,33,108
1265,1,1,1,242,20,3.21,242,20,41,135
1266,1,1,1,429,25,4.62,429,25,24,87
1267,1,1,1,270,17,2.78,270,17,37,123
1268,1,1,1,392,24,3.54,392,24,46,141
1269,1,1,1,293,18,2.96,293,18,44,149
1270,1,1,1,397,26,3.24,397,26,38,119
1271,1,1,1,469,23,3.67,469,23,47,151
1272,1,1,1,324,26,3.7,324,26,51,167
1273,1,1,1,419,26,2.97,419,26,57,183
1274,1,1,1,213,20,4.1,213,20,41,131
1275,1,1,1,459,24,4.62,459,24,48,160
1276,1,1,1,393,26,3.71,393,26,50,168
1277,1,1,1,359,24,4.06,359,24,43,149
1278,1,1,1,377,25,2.95,377,25,40,130
1279,1,1,1,469,29,3.5,469,29,51,170
1280,1,1,1,386,25,2.82,386,25,48,160
1281,1,1,1,263,22,2.53,263,22,43,143
1282,1,1,1,306,23,3.48,306,23,48,160
1283,1,1,1,333,22,2.6,333,22,38,129
1284,1,1,1,510,29,3.47,510,29,54,180
1285,1,1,1,299,26,3.29,299,26,56,144
1286,1,8,0,474,31,3.41,474,31,23,89
1287,1,1,1,266,20,2.37,266,20,39,126
1288,1,1,1,513,20,3.44,513,20,36,122
1289,1,1,1,328,24,3.79,328,24,30,98
1290,1,1,1,501,29,3.03,501,29,47,156
1291,1,1,1,628,28,3.26,628,28,48,136
1292,1,1,1,534,28,3.49,534,28,45,153
1293,1,1,1,635,34,3.07,635,34,37,95
1294,1,1,1,318,25,7.68,318,25,48,160
1295,1,1,1,203,18,2.94,203,18,44,148
1296,1,1,1,301,19,2.74,301,19,39,139
1297,1,1,1,636,30,3.6,636,30,38,132
1298,1,1,1,401,21,8.72,401,21,42,135
1299,1,1,1,416,27,2.71,416,27,39,122
1300,1,1,1,434,21,3.82,434,21,38,117
1301,1,1,1,387,25,2.92,387,25,37,124
1302,1,1,1,424,35,3.96,424,35,39,109
1303,1,1,1,190,20,2.65,190,20,44,148
1304,1,1,1,190,15,2.8,190,15,31,94
1305,1,1,1,334,26,3.47,334,26,48,167
1306,1,1,1,450,27,3.24,450,27,49,141
1307,1,1,1,395,22,2.72,395,22,40,133
1308,1,1,1,342,15,3.17,342,15,28,102
1309,1,1,1,447,29,3.68,447,29,29,105
1310,1,1,1,278,22,2.98,278,22,47,136
1311,1,1,1,479,27,3.65,479,27,48,160
1312,1,1,1,309,26,3.13,309,26,52,133
1313,1,1,1,752,34,3.22,752,34,42,109
1314,1,1,1,401,30,3.53,401,30,48,151
1315,1,1,1,326,21,3.65,326,21,48,160
1316,1,1,1,390,22,3.39,390,22,38,128
1317,1,1,1,367,25,2.46,367,25,46,147
1318,1,1,1,333,26,3.95,333,26,41,130
1319,1,1,1,346,22,3.37,346,22,43,141
1320,1,1,1,383,27,3.44,383,27,41,142
1321,1,1,1,287,19,2.68,287,19,33,103
1322,1,1,1,351,19,3.07,351,19,38,118
1323,1,1,1,494,35,2.75,494,35,34,116
1324,1,1,1,325,25,2.62,325,25,44,148
1325,1,1,1,191,18,3.51,191,18,38,129
1326,1,1,1,391,28,3.68,391,28,49,170
1327,1,1,1,264,24,3.11,264,24,46,147
1328,1,2,0,1076,48,4.49,1076,48,68,109
1329,1,1,1,572,26,4.05,572,26,42,133
1330,1,1,1,529,28,3.53,529,28,39,110
1331,1,1,1,633,28,3.08,633,28,48,150
1332,1,1,1,411,30,3.76,411,30,45,132
1333,1,1,1,406,26,3.55,406,26,48,160
1334,1,2,0,804,44,5.06,804,44,56,120
1335,1,1,1,310,22,3.0,310,22,41,136
1336,1,1,1,344,20,3.6,344,20,41,138
1337,1,1,1,300,29,2.92,300,29,47,143
1338,1,1,1,360,21,3.77,360,21,37,111
1339,1,1,1,270,20,2.62,270,20,31,100
1340,1,1,1,273,15,3.17,273,15,36,120
1341,1,1,1,476,25,4.1,476,25,42,131
1342,1,1,1,536,31,2.98,536,31,43,144
1343,1,1,1,302,22,2.68,302,22,32,116
1344,1,1,1,379,23,3.4,379,23,37,123
1345,1,1,1,381,24,4.47,381,24,49,164
1346,1,1,1,244,17,2.76,244,17,46,156
1347,1,1,1,434,21,3.39,434,21,43,137
1348,1,1,1,416,24,3.83,416,24,44,142
1349,1,1,1,441,20,3.22,441,20,38,132
1350,1,1,1,333,28,3.14,333,28,39,122
1351,1,1,1,476,27,3.51,476,27,44,149
1352,1,1,1,262,22,4.85,262,22,48,160
1353,1,1,1,481,30,3.76,481,30,44,140
1354,1,1,1,301,23,3.39,301,23,52,165
1355,1,1,1,275,21,3.16,275,21,49,150
1356,1,1,1,409,27,4.26,409,27,47,156
1357,1,1,1,384,24,3.69,384,24,48,157
1358,1,1,1,452,25,3.16,452,25,38,113
1359,1,1,1,370,26,3.18,370,26,47,138
1360,1,1,1,378,24,2.63,378,24,48,160
1361,1,1,1,312,25,3.11,312,25,42,144
1362,1,1,1,337,22,2.56,337,22,38,112
1363,1,1,1,364,22,4.54,364,22,43,148
1364,1,1,1,275,23,3.31,275,23,44,149
1365,1,1,1,363,27,3.44,363,27,38,120
1366,1,1,1,371,26,4.45,371,26,55,136
1367,1,1,1,262,19,3.55,262,19,38,119
1368,1,1,1,465,29,3.67,465,29,54,180
1369,1,1,1,371,19,3.67,371,19,33,114
1370,1,1,1,342,22,2.99,342,22,44,141
1371,1,1,1,471,24,3.16,471,24,44,149
1372,1,1,1,309,25,2.85,309,25,41,136
1373,1,1,1,337,25,5.04,337,25,44,133
1374,1,1,1,490,28,4.29,490,28,49,149
1375,1,1,1,392,21,3.52,392,21,39,133
1376,1,1,1,523,28,3.48,523,28,44,148
1377,1,1,1,499,26,2.84,499,26,43,143
1378,1,1,1,316,21,10.32,316,21,36,125
1379,1,1,1,359,28,3.88,359,28,50,173
1380,1,1,1,429,24,3.11,429,24,50,168
1381,1,1,1,262,23,2.89,262,23,37,127
1382,1,1,1,424,32,3.99,424,32,33,78
1383,1,1,1,646,37,4.23,646,37,48,134
1384,1,9,0,453,33,3.0,453,33,39,128
1385,1,1,1,383,27,3.05,383,27,47,152
1386,1,1,1,549,30,3.86,549,30,47,137
1387,1,1,1,306,21,3.24,306,21,37,69
1388,1,1,1,362,26,4.29,362,26,55,139
1389,1,1,1,466,25,3.79,466,25,47,155
1390,1,1,1,337,27,3.67,337,27,46,158
1391,1,1,1,268,23,3.1,268,23,37,123
1392,1,1,1,326,25,3.34,326,25,46,153
1393,1,1,1,359,24,2.51,359,24,44,142
1394,1,1,1,364,27,3.29,364,27,39,141
1395,1,1,1,313,23,2.59,313,23,41,136
1396,1,1,1,294,25,3.45,294,25,48,160
1397,1,1,1,334,25,4.17,334,25,50,172
1398,1,1,1,419,26,2.66,419,26,48,160
1399,1,1,1,374,25,2.41,374,25,44,140
1400,1,1,1,292,20,2.56,292,20,46,157
1401,1,1,1,540,29,3.09,540,29,47,159
1402,1,1,1,363,27,2.87,363,27,45,137
1403,1,1,1,313,24,3.73,313,24,44,152
1404,1,1,1,338,28,3.42,338,28,35,125
1405,1,1,1,190,19,3.0,190,19,42,140
1406,1,1,1,321,24,2.2,321,24,36,126
1407,1,1,1,257,23,2.94,257,23,38,116
1408,1,1,1,311,26,3.84,311,26,35,104
1409,1,1,1,342,37,2.9,342,37,55,151
1410,1,1,1,388,24,2.75,388,24,33,106
1411,1,1,1,425,27,3.13,425,27,40,147
1412,1,1,1,381,23,3.6,381,23,39,133
1413,1,1,1,400,24,2.52,400,24,42,140
1414,1,1,1,326,25,2.91,326,25,50,172
1415,1,1,1,195,15,2.79,195,15,33,112
1416,1,1,1,407,16,3.07,407,16,39,135
1417,1,1,1,388,26,2.78,388,26,53,129
1418,1,1,1,376,21,2.94,376,21,32,109
1419,1,1,1,350,27,3.73,350,27,47,151
1420,1,1,1,417,27,3.21,417,27,52,178
1421,1,2,0,1089,61,5.0,1089,61,58,116
1422,1,1,1,343,29,3.71,343,29,51,168
1423,1,1,1,490,31,3.18,490,31,52,166
1424,1,1,1,730,34,3.87,730,34,42,132
1425,1,1,1,350,22,3.21,350,22,45,151
1426,1,1,1,322,23,3.34,322,23,44,117
1427,1,1,1,232,16,2.55,232,16,45,149
1428,1,1,1,420,28,2.88,420,28,48,140
1429,1,1,1,366,22,3.73,366,22,48,160
1430,1,1,1,284,23,3.29,284,23,43,116
1431,1,1,1,327,21,2.61,327,21,54,166
1432,1,1,1,303,24,3.21,303,24,54,180
1433,1,3,0,741,36,4.37,741,36,45,122
1434,1,1,1,325,24,3.26,325,24,44,134
1435,1,1,1,394,23,3.6,394,23,47,161
1436,1,1,1,329,23,2.82,329,23,40,132
1437,1,1,1,573,28,4.45,573,28,54,180
1438,1,1,1,400,26,3.06,400,26,38,127
1439,1,1,1,398,27,3.55,398,27,45,152
1440,1,1,1,376,21,3.66,376,21,44,149
1441,1,1,1,200,19,3.08,200,19,46,157
1442,1,1,1,331,23,3.05,331,23,47,132
1443,1,1,1,379,22,2.84,379,22,43,144
1444,1,1,1,251,14,3.14,251,14,40,141
1445,1,1,1,326,25,2.35,326,25,32,96
1446,1,1,1,315,21,2.96,315,21,42,140
1447,1,1,1,428,24,3.13,428,24,49,172
1448,1,1,1,454,28,4.03,454,28,48,160
1449,1,1,1,354,21,2.91,354,21,44,148
1450,1,1,1,430,31,3.2,430,31,48,162
1451,1,1,1,378,24,2.89,378,24,48,140
1452,1,1,1,337,23,2.47,337,23,49,134
1453,1,1,1,348,25,3.8,348,25,51,174
1454,1,1,1,421,25,3.99,421,25,46,157
1455,1,1,1,422,26,2.71,422,26,54,180
1456,1,1,1,283,25,2.76,283,25,31,106
1457,1,1,1,447,29,5.02,447,29,34,112
1458,1,1,1,396,22,3.27,396,22,34,106
1459,1,1,1,301,25,2.89,301,25,39,132
1460,1,1,1,376,25,3.67,376,25,45,152
1461,1,1,1,481,36,3.19,481,36,35,95
1462,1,1,1,316,23,3.03,316,23,38,145
1463,1,1,1,323,19,2.97,323,19,38,128
1464,1,1,1,348,23,4.15,348,23,37,130
1465,1,7,0,420,32,3.6,420,32,41,70
1466,1,2,0,796,35,4.56,796,35,25,68
1467,1,1,1,352,22,3.26,352,22,33,107
1468,1,1,1,236,19,3.12,236,19,48,160
1469,1,1,1,294,24,2.79,294,24,57,168
1470,1,1,1,594,25,4.13,594,25,37,124
1471,1,1,1,261,24,3.38,261,24,37,123
1472,1,1,1,477,26,3.13,477,26,47,156
1473,1,1,1,258,24,2.78,258,24,44,149
1474,1,1,1,361,22,3.32,361,22,54,180
1475,1,1,1,491,24,3.01,491,24,34,117
1476,1,1,1,300,29,4.0,300,29,57,169
1477,1,1,1,451,24,2.9,451,24,38,138
1478,1,1,1,345,23,4.08,345,23,44,148
1479,1,1,1,389,27,3.72,389,27,53,181
1480,1,1,1,256,20,3.73,256,20,51,170
1481,1,1,1,360,26,3.65,360,26,45,145
1482,1,1,1,457,30,3.6,457,30,32,104
1483,1,1,1,397,29,3.03,397,29,47,151
1484,1,1,1,448,23,3.18,448,23,46,156
1485,1,1,1,347,25,3.68,347,25,54,158
1486,1,1,1,274,19,2.75,274,19,41,138
1487,1,1,1,337,37,3.46,337,37,39,93
1488,1,4,0,601,27,4.49,601,27,24,77
1489,1,1,1,346,21,2.74,346,21,37,103
1490,1,1,1,444,27,3.14,444,27,49,168
1491,1,1,1,335,28,3.08,335,28,54,180
1492,1,1,1,268,17,2.53,268,17,39,127
1493,1,1,1,375,25,2.85,375,25,36,122
1494,1,1,1,401,21,3.34,401,21,43,139
1495,1,1,1,513,29,2.93,513,29,44,148
1496,1,1,1,437,29,2.44,437,29,44,145
1497,1,1,1,532,33,2.75,532,33,42,140
1498,1,1,1,377,23,2.84,377,23,36,114
1499,1,1,1,443,24,4.64,443,24,45,142
1500,1,1,1,405,27,3.18,405,27,48,160
1501,1,1,1,361,24,2.96,361,24,50,168
1502,1,1,1,516,28,3.25,516,28,49,145
1503,1,1,1,349,23,3.56,349,23,39,132
1504,1,1,1,442,23,3.65,442,23,43,150
1505,1,1,1,425,28,2.98,425,28,35,105
1506,1,1,1,215,18,2.75,215,18,33,110
1507,1,1,1,286,20,2.18,286,20,42,140
1508,1,1,1,321,21,3.71,321,21,46,147
1509,1,1,1,292,16,2.88,292,16,35,126
1510,1,1,1,419,25,3.04,419,25,49,164
1511,1,1,1,503,25,3.59,503,25,53,133
1512,1,1,1,229,28,3.35,229,28,42,146
1513,1,1,1,307,22,2.94,307,22,32,107
1514,1,1,1,352,24,2.63,352,24,40,132
1515,1,1,1,486,24,3.76,486,24,48,160
1516,1,1,1,405,25,3.95,405,25,44,149
1517,1,1,1,458,25,3.43,458,25,44,148
1518,1,1,1,234,15,3.69,234,15,36,120
1519,1,1,1,381,24,3.16,381,24,50,168
1520,1,1,1,538,30,3.52,538,30,50,157
1521,1,1,1,476,24,3.39,476,24,47,115
1522,1,1,1,426,24,3.63,426,24,42,142
1523,1,1,1,336,27,3.76,336,27,24,77
1524,1,1,1,361,21,2.68,361,21,42,136
1525,1,1,1,326,26,2.45,326,26,42,125
1526,1,1,1,322,27,2.69,322,27,36,128
1527,1,1,1,317,21,3.11,317,21,42,145
1528,1,1,1,260,22,2.43,260,22,41,141
1529,1,1,1,463,22,2.89,463,22,42,138
1530,1,1,1,385,23,3.31,385,23,50,171
1531,1,1,1,313,24,3.3,313,24,45,148
1532,1,1,1,234,19,2.57,234,19,43,146
1533,1,1,1,390,26,2.58,390,26,43,147
1534,1,1,1,190,19,2.72,190,19,46,147
1535,1,1,1,390,22,2.57,390,22,44,134
1536,1,1,1,352,20,3.63,352,20,36,128
1537,1,1,1,385,27,4.13,385,27,32,101
1538,1,1,1,321,25,2.49,321,25,32,109
1539,1,1,1,350,26,2.89,350,26,44,149
1540,1,1,1,421,24,2.64,421,24,33,113
1541,1,1,1,347,31,3.26,347,31,49,161
1542,1,1,1,310,21,2.59,310,21,24,86
1543,1,1,1,328,24,2.94,328,24,50,168
1544,1,1,1,434,24,3.55,434,24,42,145
1545,1,1,1,357,23,2.93,357,23,54,180
1546,1,1,1,518,35,3.91,518,35,46,114
1547,1,1,1,338,24,3.16,338,24,43,149
1548,1,1,1,362,21,2.93,362,21,45,139
1549,1,1,1,319,17,2.36,319,17,36,125
1550,1,1,1,307,20,2.58,307,20,30,101
1551,1,1,1,541,28,3.13,541,28,45,150
1552,1,1,1,485,24,3.99,485,24,41,136
1553,1,1,1,518,29,2.72,518,29,49,170
1554,1,1,1,634,34,4.15,634,34,41,148
1555,1,1,1,589,27,4.21,589,27,53,176
1556,1,1,1,533,29,3.62,533,29,48,142
1557,1,1,1,521,26,2.87,521,26,49,166
1558,1,1,1,596,28,3.61,596,28,45,125
1559,1,1,1,479,25,3.82,479,25,44,148
1560,1,1,1,671,33,4.03,671,33,56,147
1561,1,1,1,641,28,3.08,641,28,42,138
1562,1,1,1,612,30,3.74,612,30,38,129
1563,1,1,1,638,29,3.1,638,29,33,121
1564,1,1,1,632,26,4.13,632,26,42,137
1565,1,1,1,539,31,3.4,539,31,48,165
1566,1,1,1,506,29,3.33,506,29,49,163
1567,1,1,1,615,32,3.51,615,32,51,155
1568,1,1,1,559,24,3.97,559,24,42,146
1569,1,1,1,450,27,2.92,450,27,54,180
1570,1,1,1,592,27,2.92,592,27,41,131
1571,1,1,1,457,31,3.39,457,31,49,163
1572,1,1,1,415,21,3.08,415,21,38,128
1573,1,1,1,370,23,2.82,370,23,29,92
1574,1,1,1,508,22,3.14,508,22,38,129
1575,1,1,1,401,35,2.99,401,35,54,162
1576,1,1,1,535,29,3.35,535,29,48,160
1577,1,1,1,442,27,3.09,442,27,48,145
1578,1,1,1,554,28,4.23,554,28,44,148
1579,1,1,1,570,24,3.6,570,24,48,160
1580,1,1,1,677,31,3.46,677,31,50,163
1581,1,1,1,492,23,3.38,492,23,40,138
1582,1,1,1,617,29,3.68,617,29,48,160
1583,1,1,1,567,28,3.59,567,28,47,155
1584,1,1,1,612,28,4.25,612,28,46,157
1585,1,1,1,618,30,4.14,618,30,43,142
1586,1,1,1,581,26,3.17,581,26,51,167
1587,1,1,1,617,30,3.37,617,30,47,162
1588,1,1,1,622,29,3.09,622,29,49,172
1589,1,1,1,501,18,2.99,501,18,25,81
1590,1,1,1,518,25,3.33,518,25,46,153
1591,1,1,1,583,27,3.62,583,27,52,147
1592,1,1,1,476,24,3.04,476,24,55,162
1593,1,1,1,453,27,3.09,453,27,48,160
1594,1,1,1,484,25,2.95,484,25,42,140
1595,1,1,1,515,24,4.35,515,24,45,152
1596,1,1,1,475,29,4.19,475,29,52,170
1597,1,1,1,513,27,2.9,513,27,40,135
1598,1,1,1,500,24,3.91,500,24,41,135
1599,1,1,1,460,26,3.27,460,26,48,160
1600,1,1,1,555,24,3.65,555,24,53,112
1601,1,1,1,498,24,3.65,498,24,38,128
1602,1,1,1,565,31,4.45,565,31,53,176
1603,1,1,1,485,24,2.71,485,24,40,136
1604,1,1,1,600,30,4.15,600,30,47,158
1605,1,1,1,576,28,3.41,576,28,40,138
1606,1,1,1,587,30,2.94,587,30,34,102
1607,1,1,1,354,23,3.82,354,23,40,138
1608,1,1,1,360,24,3.24,360,24,43,140
1609,1,1,1,375,27,3.85,375,27,29,101
1610,1,1,1,317,25,3.17,317,25,48,160
1611,1,1,1,425,26,3.75,425,26,46,156
1612,1,1,1,362,23,3.44,362,23,49,161
1613,1,1,1,413,28,3.39,413,28,56,135
1614,1,1,1,360,25,2.96,360,25,41,140
1615,1,1,1,440,30,2.87,440,30,53,157
1616,1,1,1,387,20,3.63,387,20,42,140
1617,1,1,1,395,27,2.58,395,27,47,158
1618,1,1,1,415,23,2.62,415,23,44,148
1619,1,1,1,442,22,2.73,442,22,43,144
1620,1,1,1,397,29,2.71,397,29,43,123
1621,1,1,1,409,25,3.11,409,25,38,129
1622,1,1,1,405,25,3.22,405,25,31,107
1623,1,1,1,378,29,2.9,378,29,39,130
1624,1,1,1,379,21,2.74,379,21,38,128
1625,1,5,0,437,34,3.63,437,34,43,116
1626,1,1,1,393,22,2.49,393,22,48,140
1627,1,1,1,378,25,4.46,378,25,44,147
1628,1,1,1,512,23,4.14,512,23,51,163
1629,1,1,1,443,28,3.88,443,28,50,171
1630,1,1,1,337,24,2.85,337,24,44,148
1631,1,1,1,349,26,3.12,349,26,53,165
1632,1,1,1,379,24,4.41,379,24,39,131
1633,1,1,1,458,25,4.09,458,25,50,168
1634,1,1,1,456,28,3.87,456,28,38,142
1635,1,1,1,545,28,2.92,545,28,49,161
1636,1,1,1,590,34,2.95,590,34,46,136
1637,1,1,1,496,25,3.1,496,25,43,148
1638,1,1,1,470,26,3.28,470,26,48,165
1639,1,1,1,433,24,3.52,433,24,51,144
1640,1,1,1,468,29,3.41,468,29,47,157
1641,1,1,1,427,22,3.71,427,22,36,120
1642,1,1,1,484,28,2.86,484,28,53,160
1643,1,1,1,531,33,3.85,531,33,50,156
1644,1,1,1,542,32,3.4,542,32,51,173
1645,1,1,1,491,27,3.75,491,27,48,136
1646,1,1,1,614,36,3.66,614,36,46,142
1647,1,1,1,539,28,3.47,539,28,40,127
1648,1,1,1,331,23,3.16,331,23,47,135
1649,1,1,1,444,28,3.77,444,28,45,147
1650,1,1,1,347,24,3.67,347,24,47,143
1651,1,1,1,310,22,2.78,310,22,37,123
1652,1,1,1,332,21,3.23,332,21,38,129
1653,1,1,1,337,25,2.94,337,25,50,169
1654,1,1,1,338,23,3.01,338,23,35,120
1655,1,1,1,413,28,3.61,413,28,48,158
1656,1,1,1,342,23,3.82,342,23,50,153
1657,1,1,1,320,27,4.26,320,27,46,147
1658,1,1,1,376,23,4.76,376,23,45,154
1659,1,1,1,429,29,2.73,429,29,35,111
1660,1,1,1,401,28,3.13,401,28,32,115
1661,1,1,1,307,29,3.11,307,29,41,137
1662,1,1,1,387,30,3.17,387,30,35,84
1663,1,1,1,370,30,3.02,370,30,40,106
1664,1,1,1,335,27,3.24,335,27,45,152
1665,1,1,1,303,19,3.39,303,19,38,133
1666,1,1,1,333,21,2.65,333,21,22,83
1667,1,1,1,407,26,3.62,407,26,39,124
1668,1,1,1,367,24,3.77,367,24,42,132
1669,1,1,1,410,31,3.47,410,31,36,118
1670,1,1,1,363,27,3.22,363,27,38,132
1671,1,1,1,386,23,3.12,386,23,34,114
1672,1,1,1,528,28,3.53,528,28,45,157
1673,1,1,1,533,22,3.93,533,22,46,143
1674,1,1,1,492,28,3.66,492,28,57,183
1675,1,1,1,457,29,3.31,457,29,45,146
1676,1,1,1,582,28,3.66,582,28,40,127
1677,1,1,1,605,30,4.43,605,30,47,158
1678,1,1,1,531,35,3.07,531,35,51,154
1679,1,1,1,574,35,4.31,574,35,42,118
1680,1,1,1,407,25,3.57,407,25,37,123
1681,1,1,1,554,36,4.27,554,36,51,157
1682,1,1,1,446,27,3.65,446,27,50,169
1683,1,1,1,478,25,4.1,478,25,49,144
1684,1,1,1,430,27,3.23,430,27,48,160
1685,1,1,1,469,24,9.03,469,24,45,156
1686,1,1,1,512,24,3.74,512,24,47,145
1687,1,1,1,480,26,3.55,480,26,48,160
1688,1,1,1,447,31,3.24,447,31,50,171
1689,1,1,1,409,23,3.6,409,23,48,160
1690,1,1,1,468,29,5.1,468,29,40,132
1691,1,1,1,507,32,3.36,507,32,54,135
1692,1,1,1,433,21,3.03,433,21,39,133
1693,1,1,1,594,31,4.06,594,31,43,145
1694,1,1,1,464,26,2.81,464,26,43,143
1695,1,1,1,586,27,3.33,586,27,46,138
1696,1,1,1,556,27,3.57,556,27,35,120
1697,1,1,1,527,31,2.88,527,31,52,144
1698,1,1,1,533,25,3.06,533,25,45,151
1699,1,1,1,518,33,3.61,518,33,40,135
1700,1,1,1,460,23,3.01,460,23,44,148
1701,1,1,1,301,24,3.65,301,24,50,163
1702,1,1,1,447,26,2.79,447,26,42,140
1703,1,1,1,448,27,3.97,448,27,48,160
1704,1,1,1,409,24,4.12,409,24,45,151
1705,1,1,1,348,26,3.0,348,26,48,160
1706,1,1,1,417,28,2.77,417,28,49,160
1707,1,1,1,332,21,3.83,332,21,36,120
1708,1,1,1,382,36,3.59,382,36,46,145
1709,1,1,1,586,31,3.28,586,31,49,167
1710,1,1,1,557,24,3.82,557,24,32,109
1711,1,1,1,608,34,2.92,608,34,44,135
1712,1,1,1,514,30,2.95,514,30,46,153
1713,1,1,1,614,28,3.53,614,28,40,140
1714,1,1,1,559,30,3.66,559,30,54,167
1715,1,1,1,601,28,3.96,601,28,44,149
1716,1,1,1,521,28,3.88,521,28,51,173
1717,1,1,1,617,32,3.57,617,32,45,153
1718,1,1,1,620,26,4.79,620,26,38,121
1719,1,1,1,588,30,3.59,588,30,52,179
1720,1,1,1,602,28,3.89,602,28,39,136
1721,1,1,1,426,22,2.94,426,22,48,160
1722,1,1,1,324,21,3.34,324,21,41,124
1723,1,1,1,501,31,4.16,501,31,49,164
1724,1,1,1,445,22,4.0,445,22,36,108
1725,1,1,1,203,30,3.83,203,30,50,95
1726,1,1,1,528,31,4.11,528,31,48,162
1727,1,1,1,439,21,3.16,439,21,44,145
1728,1,1,1,343,24,3.46,343,24,52,151
1729,1,1,1,392,20,3.62,392,20,47,115
1730,1,1,1,348,21,2.64,348,21,36,131
1731,1,1,1,314,22,3.0,314,22,48,131
1732,1,1,1,431,26,2.84,431,26,49,143
1733,1,1,1,462,25,2.78,462,25,46,145
1734,1,1,1,612,29,4.58,612,29,49,141
1735,1,1,1,790,32,3.98,790,32,31,91
1736,1,1,1,569,30,3.5,569,30,48,117
1737,1,1,1,612,28,3.21,612,28,31,95
1738,1,1,1,511,26,3.21,511,26,45,153
1739,1,1,1,530,34,3.42,530,34,39,125
1740,1,1,1,588,36,3.42,588,36,43,129
1741,1,1,1,794,30,3.19,794,30,43,114
1742,1,1,1,736,28,3.7,736,28,40,120
1743,1,1,1,534,28,3.13,534,28,45,146
1744,1,1,1,592,25,3.57,592,25,42,140
1745,1,1,1,619,28,3.16,619,28,49,158
1746,1,1,1,585,31,4.27,585,31,42,134
1747,1,1,1,599,28,5.41,599,28,48,160
1748,1,1,1,743,35,3.55,743,35,46,133
1749,1,1,1,766,45,3.55,766,45,34,101
1750,1,1,1,705,38,3.65,705,38,47,124
1751,1,1,1,643,31,3.07,643,31,53,138
1752,1,1,1,659,31,3.49,659,31,44,150
1753,1,1,1,723,38,5.5,723,38,55,150
1754,1,1,1,753,31,4.1,753,31,38,109
1755,1,1,1,604,27,4.33,604,27,58,177
1756,1,1,1,415,24,2.75,415,24,45,154
1757,1,1,1,306,24,3.59,306,24,40,137
1758,1,1,1,401,26,3.4,401,26,50,163
1759,1,1,1,349,25,2.92,349,25,48,160
1760,1,1,1,345,23,3.72,345,23,40,130
1761,1,1,1,476,27,3.85,476,27,53,160
1762,1,1,1,352,22,3.06,352,22,40,127
1763,1,6,0,450,51,4.28,450,51,84,127
1764,1,1,1,306,29,3.96,306,29,49,127
1765,1,1,1,311,24,3.41,311,24,48,160
1766,1,1,1,340,29,4.2,340,29,52,167
1767,1,1,1,319,24,3.59,319,24,46,150
1768,1,1,1,365,29,4.41,365,29,50,168
1769,1,1,1,499,27,3.78,499,27,49,147
1770,1,1,1,486,29,3.97,486,29,46,151
1771,1,1,1,488,25,4.21,488,25,50,168
1772,1,1,1,478,24,3.27,478,24,34,117
1773,1,1,1,514,27,4.43,514,27,41,137
1774,1,1,1,504,25,4.36,504,25,50,168
1775,1,1,1,411,21,4.23,411,21,47,151
1776,1,1,1,465,24,4.14,465,24,58,153
1777,1,1,1,468,24,3.23,468,24,48,160
1778,1,1,1,457,21,4.24,457,21,36,120
1779,1,1,1,500,31,4.22,500,31,47,150
1780,1,1,1,524,29,4.8,524,29,49,164
1781,1,1,1,515,29,3.48,515,29,54,180
1782,1,1,1,487,27,3.52,487,27,45,150
1783,1,1,1,473,26,3.7,473,26,48,160
1784,1,1,1,453,25,3.88,453,25,39,117
1785,1,1,1,598,25,3.52,598,25,42,146
1786,1,1,1,530,33,2.98,530,33,46,156
1787,1,1,1,584,28,3.86,584,28,44,151
1788,1,1,1,619,33,4.18,619,33,61,178
1789,1,1,1,589,30,5.04,589,30,43,145
1790,1,1,1,544,29,4.23,544,29,49,166
1791,1,1,1,623,32,3.98,623,32,50,168
1792,1,1,1,695,36,3.16,695,36,48,145
1793,1,1,1,364,28,3.35,364,28,46,147
1794,1,1,1,344,25,2.73,344,25,51,173
1795,1,1,1,495,30,3.33,495,30,50,168
1796,1,1,1,547,35,3.53,547,35,34,120
1797,1,1,1,474,30,4.74,474,30,36,118
1798,1,1,1,510,32,3.12,510,32,46,125
1799,1,1,1,424,27,2.81,424,27,36,108
1800,1,1,1,348,25,3.78,348,25,45,153
1801,1,1,1,524,27,3.95,524,27,45,118
1802,1,1,1,634,24,3.16,634,24,35,110
1803,1,1,1,767,38,4.4,767,38,36,90
1804,1,1,1,373,26,4.31,373,26,47,161
1805,1,1,1,349,29,2.57,349,29,39,128
1806,1,1,1,476,24,3.54,476,24,44,143
1807,1,1,1,460,33,3.13,460,33,41,127
1808,1,1,1,431,24,3.82,431,24,48,160
1809,1,1,1,501,27,3.14,501,27,51,166
1810,1,1,1,388,28,4.06,388,28,43,134
1811,1,1,1,446,23,3.45,446,23,44,148
1812,1,1,1,416,25,4.37,416,25,43,143
1813,1,1,1,521,30,5.21,521,30,47,150
1814,1,1,1,483,25,4.73,483,25,45,143
1815,1,1,1,507,30,3.41,507,30,47,157
1816,1,1,1,572,25,4.78,572,25,44,148
1817,1,1,1,618,32,3.71,618,32,52,163
1818,1,1,1,727,31,3.89,727,31,48,135
1819,1,1,1,611,31,3.82,611,31,51,163
1820,1,1,1,566,33,3.54,566,33,54,127
1821,1,1,1,705,31,4.17,705,31,42,129
1822,1,1,1,566,33,4.82,566,33,53,163
1823,1,1,1,610,31,3.75,610,31,48,171
1824,1,1,1,727,37,6.34,727,37,48,101
1825,1,1,1,519,29,3.76,519,29,41,140
1826,1,1,1,683,31,4.66,683,31,45,146
1827,1,1,1,777,29,4.56,777,29,48,118
1828,1,1,1,609,31,3.83,609,31,49,168
1829,1,1,1,525,20,4.13,525,20,42,140
1830,1,1,1,647,31,4.03,647,31,45,153
1831,1,1,1,543,27,5.15,543,27,46,150
1832,1,1,1,634,26,3.62,634,26,38,130
1833,1,1,1,580,27,4.1,580,27,57,164
1834,1,1,1,684,37,3.24,684,37,50,140
1835,1,1,1,613,32,4.17,613,32,45,132
1836,1,1,1,699,35,3.24,699,35,38,129
1837,1,1,1,674,31,3.94,674,31,41,141
1838,1,1,1,501,25,3.87,501,25,48,160
1839,1,1,1,652,36,3.36,652,36,49,112
1840,1,1,1,435,39,2.67,435,39,33,104
1841,1,1,1,383,21,4.06,383,21,48,160
1842,1,1,1,386,26,3.28,386,26,48,142
1843,1,1,1,311,22,2.81,311,22,42,124
1844,1,1,1,418,24,2.91,418,24,36,129
1845,1,1,1,374,30,3.28,374,30,46,141
1846,1,1,1,423,21,4.49,423,21,39,139
1847,1,1,1,423,24,3.95,423,24,37,123
1848,1,1,1,360,27,3.0,360,27,50,172
1849,1,1,1,536,29,3.44,536,29,43,138
1850,1,1,1,392,30,2.95,392,30,47,152
1851,1,1,1,441,21,3.44,441,21,42,142
1852,1,1,1,387,22,3.73,387,22,42,140
1853,1,1,1,641,35,3.54,641,35,45,159
1854,1,1,1,726,33,4.22,726,33,39,134
1855,1,1,1,715,39,3.79,715,39,45,154
1856,1,1,1,685,38,5.25,685,38,45,147
1857,1,1,1,701,38,3.4,701,38,43,140
1858,1,1,1,684,35,3.69,684,35,43,143
1859,1,1,1,650,33,3.89,650,33,44,149
1860,1,1,1,706,42,4.87,706,42,50,121
1861,1,1,1,694,36,3.77,694,36,40,116
1862,1,1,1,632,35,2.81,632,35,44,137
1863,1,1,1,765,33,3.26,765,33,49,140
1864,1,1,1,676,26,3.31,676,26,43,152
1865,1,1,1,631,32,3.48,631,32,51,160
1866,1,1,1,789,31,3.38,789,31,27,82
1867,1,1,1,806,35,4.74,806,35,35,105
1868,1,1,1,788,39,3.81,788,39,43,104
1869,1,1,1,692,34,5.74,692,34,44,148
1870,1,1,1,696,28,3.91,696,28,36,127
1871,1,1,1,703,34,3.98,703,34,32,113
1872,1,1,1,738,37,3.16,738,37,36,109
1873,1,1,1,732,39,3.7,732,39,44,120
1874,1,1,1,763,33,3.54,763,33,35,106
1875,1,1,1,751,37,4.53,751,37,40,124
1876,1,1,1,803,37,3.8,803,37,35,111
1877,1,1,1,802,29,4.55,802,29,35,122
1878,1,1,1,600,34,3.0,600,34,37,118
1879,1,1,1,614,31,3.78,614,31,48,157
1880,1,1,1,660,29,3.57,660,29,47,147
1881,1,1,1,585,26,3.32,585,26,48,160
1882,1,1,1,611,31,4.48,611,31,42,140
1883,1,1,1,558,35,3.47,558,35,58,176
1884,1,1,1,706,37,3.49,706,37,33,114
1885,1,1,1,564,32,3.6,564,32,51,145
1886,1,1,1,535,28,3.05,535,28,41,137
1887,1,1,1,444,21,3.12,444,21,37,121
1888,1,1,1,654,38,4.22,654,38,53,160
1889,1,1,1,637,29,3.14,637,29,48,160
1890,1,1,1,487,27,3.69,487,27,48,160
1891,1,1,1,483,26,3.45,483,26,50,166
1892,1,1,1,512,29,4.19,512,29,43,149
1893,1,1,1,461,25,3.92,461,25,38,129
1894,1,1,1,482,25,3.44,482,25,45,161
1895,1,1,1,520,26,2.87,520,26,46,158
1896,1,1,1,474,24,4.11,474,24,54,180
1897,1,1,1,479,27,2.99,479,27,48,162
1898,1,1,1,504,24,3.57,504,24,40,136
1899,1,1,1,518,29,3.05,518,29,45,152
1900,1,1,1,685,32,3.21,685,32,45,135
1901,1,1,1,659,29,3.21,659,29,53,165
1902,1,1,1,666,25,3.7,666,25,31,107
1903,1,1,1,526,31,3.02,526,31,49,163
1904,1,1,1,755,39,3.52,755,39,45,113
1905,1,1,1,648,28,3.94,648,28,50,168
1906,1,1,1,622,34,3.59,622,34,46,155
1907,1,1,1,650,31,3.77,650,31,46,153
1908,1,1,1,707,34,4.53,707,34,38,107
1909,1,1,1,633,37,4.43,633,37,56,127
1910,1,1,1,700,35,3.8,700,35,49,121
1911,1,1,1,615,26,3.59,615,26,35,103
1912,1,1,1,870,41,3.89,870,41,49,110
1913,1,1,1,634,35,4.48,634,35,49,166
1914,1,1,1,658,30,3.29,658,30,37,128
1915,1,1,1,790,30,5.49,790,30,37,117
1916,1,1,1,664,43,5.03,664,43,36,121
1917,1,1,1,636,31,5.04,636,31,34,118
1918,1,1,1,776,43,3.35,776,43,44,127
1919,1,1,1,776,34,4.09,776,34,43,136
1920,1,1,1,671,33,3.67,671,33,45,144
1921,1,1,1,807,32,3.91,807,32,53,135
1922,1,1,1,618,29,3.52,618,29,41,125
1923,1,1,1,575,30,4.19,575,30,49,153
1924,1,1,1,599,32,6.14,599,32,51,155
1925,1,1,1,689,33,3.83,689,33,52,134
1926,1,1,1,524,25,3.34,524,25,49,168
1927,1,1,1,470,16,3.29,470,16,30,101
1928,1,1,1,524,29,3.19,524,29,36,111
1929,1,1,1,543,27,3.29,543,27,52,128
1930,1,1,1,575,26,3.6,575,26,36,118
1931,1,1,1,503,27,5.02,503,27,49,163
1932,1,1,1,531,26,4.03,531,26,50,168
1933,1,1,1,588,29,3.95,588,29,52,174
1934,1,1,1,482,28,4.81,482,28,36,120
1935,1,1,1,486,32,3.68,486,32,52,161
1936,1,1,1,367,23,3.74,367,23,44,149
1937,1,1,1,444,30,3.76,444,30,35,124
1938,1,1,1,538,38,3.22,538,38,35,103
1939,1,1,1,504,22,3.9,504,22,44,149
1940,1,1,1,489,28,3.72,489,28,45,125
1941,1,1,1,477,27,3.9,477,27,38,131
1942,1,1,1,489,30,2.9,489,30,35,114
1943,1,1,1,442,22,3.57,442,22,32,91
1944,1,1,1,399,34,4.51,399,34,33,117
1945,1,1,1,460,30,2.87,460,30,36,118
1946,1,1,1,405,23,3.55,405,23,34,120
1947,1,1,1,450,31,3.83,450,31,46,149
1948,1,1,1,483,34,3.66,483,34,33,109
1949,1,1,1,441,26,3.51,441,26,48,160
1950,1,1,1,504,27,3.96,504,27,54,180
1951,1,1,1,377,21,4.2,377,21,47,158
1952,1,1,1,437,20,3.24,437,20,35,120
1953,1,1,1,445,26,2.87,445,26,53,150
1954,1,1,1,473,26,4.35,473,26,49,152
1955,1,1,1,392,21,3.71,392,21,44,150
1956,1,1,1,444,26,3.82,444,26,44,139
1957,1,1,1,423,23,3.51,423,23,43,137
1958,1,1,1,396,25,3.72,396,25,43,149
1959,1,1,1,469,26,3.14,469,26,45,150
1960,1,1,1,405,23,3.55,405,23,43,141
1961,1,1,1,434,29,4.12,434,29,50,146
1962,1,1,1,549,31,3.2,549,31,42,146
1963,1,1,1,485,24,2.96,485,24,41,142
1964,1,1,1,534,28,3.77,534,28,42,138
1965,1,1,1,591,30,3.86,591,30,47,160
1966,1,1,1,561,35,3.88,561,35,54,180
1967,1,1,1,543,23,3.52,543,23,42,129
1968,1,1,1,486,24,2.99,486,24,44,148
1969,1,1,1,632,34,4.06,632,34,58,172
1970,1,1,1,466,26,3.04,466,26,54,180
1971,1,1,1,602,30,3.75,602,30,50,168
1972,1,1,1,572,25,3.18,572,25,42,140
1973,1,1,1,569,26,3.59,569,26,42,140
1974,1,1,1,562,35,3.74,562,35,50,163
1975,1,1,1,605,28,3.68,605,28,47,160
1976,1,1,1,594,37,3.04,594,37,52,144
1977,1,1,1,684,33,3.79,684,33,42,126
1978,1,1,1,485,23,3.43,485,23,41,138
1979,1,1,1,606,26,3.94,606,26,47,158
1980,1,1,1,539,25,3.06,539,25,44,149
1981,1,1,1,537,29,4.13,537,29,43,143
1982,1,1,1,613,36,3.87,613,36,43,138
1983,1,1,1,545,28,3.35,545,28,50,157
1984,1,1,1,582,31,4.79,582,31,51,175
1985,1,1,1,585,25,3.72,585,25,60,177
1986,1,1,1,705,33,4.08,705,33,48,155
1987,1,1,1,687,33,3.9,687,33,45,158
1988,1,1,1,569,36,2.91,569,36,46,120
1989,1,1,1,670,35,3.54,670,35,40,138
1990,1,1,1,646,25,2.89,646,25,30,97
1991,1,1,1,729,32,4.57,729,32,36,116
1992,1,1,1,710,35,3.44,710,35,38,119
1993,1,1,1,597,31,3.47,597,31,45,143
1994,1,1,1,644,29,3.1,644,29,50,169
1995,1,1,1,634,32,4.38,634,32,38,128
1996,1,1,1,692,34,3.62,692,34,49,124
1997,1,1,1,676,35,4.9,676,35,40,117
1998,1,1,1,816,42,3.41,816,42,52,116
1999,1,8,0,858,33,3.89,858,33,35,80
2000,1,1,1,587,31,4.05,587,31,33,113
2001,1,1,1,551,35,3.8,551,35,36,126
2002,1,1,1,714,32,3.08,714,32,35,116
2003,1,1,1,692,36,3.17,692,36,49,130
2004,1,1,1,600,31,6.5,600,31,48,127
2005,1,1,1,480,27,3.76,480,27,36,120
2006,1,1,1,512,31,2.73,512,31,37,119
2007,1,1,1,473,25,3.37,473,25,48,165
2008,1,1,1,433,24,3.0,433,24,50,154
2009,1,1,1,436,27,3.93,436,27,51,173
2010,1,1,1,494,27,3.0,494,27,43,153
2011,1,1,1,473,24,3.3,473,24,46,156
2012,1,1,1,455,23,3.08,455,23,48,160
2013,1,1,1,452,24,4.24,452,24,54,180
2014,1,1,1,466,28,4.21,466,28,51,159
2015,1,1,1,443,33,3.23,443,33,47,150
2016,1,1,1,488,25,3.29,488,25,47,161
2017,1,1,1,455,26,3.81,455,26,39,132
2018,1,1,1,728,35,3.25,728,35,50,147
2019,1,1,1,704,28,3.5,704,28,36,113
2020,1,1,1,796,39,4.19,796,39,43,114
2021,1,1,1,780,37,4.13,780,37,51,138
2022,1,1,1,817,44,4.49,817,44,43,137
2023,1,1,1,771,33,3.96,771,33,45,131
2024,1,1,1,717,32,4.16,717,32,38,115
2025,1,1,1,768,33,4.02,768,33,39,136
2026,1,1,1,301,23,2.96,301,23,35,105
2027,1,1,1,360,23,2.92,360,23,45,153
2028,1,1,1,334,21,3.62,334,21,42,140
2029,1,1,1,333,19,3.36,333,19,44,151
2030,1,1,1,401,26,3.59,401,26,60,176
2031,1,1,1,302,26,3.95,302,26,47,150
2032,1,1,1,367,24,3.84,367,24,53,181
2033,1,1,1,366,26,3.48,366,26,44,144
2034,1,1,1,302,19,2.71,302,19,44,152
2035,1,1,1,277,25,3.94,277,25,48,153
2036,1,1,1,392,22,3.84,392,22,48,160
2037,1,1,1,387,21,3.98,387,21,44,142
2038,1,1,1,306,24,3.1,306,24,50,168
2039,1,1,1,388,26,3.07,388,26,48,160
2040,1,1,1,413,27,2.68,413,27,33,111
2041,1,1,1,411,27,4.44,411,27,45,155
2042,1,1,1,309,26,3.66,309,26,50,171
2043,1,1,1,376,21,3.5,376,21,31,103
2044,1,1,1,328,30,3.23,328,30,50,167
2045,1,1,1,363,26,2.42,363,26,44,155
2046,1,1,1,385,27,3.16,385,27,45,152
2047,1,1,1,358,23,3.48,358,23,44,144
2048,1,1,1,396,27,3.42,396,27,50,172
2049,1,1,1,335,21,3.54,335,21,42,140
2050,1,1,1,298,22,3.91,298,22,47,156
2051,1,1,1,404,25,3.49,404,25,46,157
2052,1,1,1,584,27,3.07,584,27,42,139
2053,1,1,1,468,28,3.33,468,28,50,171
2054,1,1,1,427,28,3.02,427,28,47,153
2055,1,1,1,606,29,3.36,606,29,47,162
2056,1,1,1,506,26,3.35,506,26,45,147
2057,1,1,1,471,30,3.42,471,30,38,126
2058,1,1,1,559,22,3.26,559,22,40,137
2059,1,1,1,450,27,3.65,450,27,45,148
2060,1,1,1,621,23,3.87,621,23,38,107
2061,1,1,1,498,29,3.06,498,29,55,164
2062,1,1,1,648,37,4.37,648,37,47,135
2063,1,1,1,594,28,3.28,594,28,49,169
2064,1,1,1,643,34,3.46,643,34,50,156
2065,1,1,1,586,24,3.9,586,24,56,130
2066,1,1,1,536,27,3.05,536,27,39,133
2067,1,1,1,619,41,4.21,619,41,37,103
2068,1,1,1,612,30,3.15,612,30,52,172
2069,1,1,1,511,34,4.09,511,34,55,138
2070,1,1,1,479,36,3.41,479,36,43,112
2071,1,1,1,590,29,3.77,590,29,40,116
2072,1,1,1,832,37,5.06,832,37,45,118
2073,1,1,1,688,48,3.87,688,48,58,134
2074,1,1,1,595,34,3.88,595,34,47,146
2075,1,1,1,656,26,4.19,656,26,47,150
2076,1,1,1,589,32,3.3,589,32,51,142
2077,1,1,1,513,32,4.15,513,32,47,149
2078,1,1,1,618,41,4.4,618,41,46,138
2079,1,1,1,633,40,4.17,633,40,53,130
2080,1,1,1,550,20,3.49,550,20,44,148
2081,1,1,1,556,32,3.81,556,32,53,151
2082,1,1,1,586,23,3.71,586,23,36,109
2083,1,1,1,559,25,3.42,559,25,55,170
2084,1,1,1,474,19,3.23,474,19,42,111
2085,1,1,1,659,33,3.74,659,33,56,166
2086,1,1,1,662,34,4.61,662,34,39,128
2087,1,1,1,621,28,4.16,621,28,54,147
2088,1,1,1,601,32,2.97,601,32,49,163
2089,1,1,1,755,45,3.49,755,45,48,122
2090,1,1,1,617,27,3.41,617,27,49,169
2091,1,1,1,608,34,3.75,608,34,45,148
2092,1,1,1,734,37,4.25,734,37,47,149
2093,1,1,1,557,28,2.93,557,28,41,146
2094,1,1,1,544,25,3.86,544,25,39,124
2095,1,1,1,464,28,3.43,464,28,53,155
2096,1,1,1,514,29,4.03,514,29,54,168
2097,1,1,1,590,34,5.21,590,34,41,139
2098,1,1,1,625,31,4.92,625,31,40,137
2099,1,1,1,626,33,4.23,626,33,39,123
2100,1,1,1,530,26,4.48,530,26,39,119
2101,1,1,1,552,29,2.8,552,29,38,130
2102,1,1,1,530,26,4.21,530,26,55,156
2103,1,1,1,724,33,3.64,724,33,52,150
2104,1,1,1,774,23,4.15,774,23,43,129
2105,1,1,1,650,35,5.82,650,35,50,128
2106,1,1,1,493,27,4.17,493,27,50,168
2107,1,1,1,552,24,4.88,552,24,48,156
2108,1,1,1,547,28,4.29,547,28,38,116
2109,1,1,1,663,31,3.91,663,31,36,118
2110,1,1,1,613,32,3.47,613,32,44,150
2111,1,1,1,560,26,3.26,560,26,41,136
2112,1,1,1,716,34,3.72,716,34,45,130
2113,1,1,1,469,35,3.9,469,35,47,127
2114,1,1,1,538,27,4.34,538,27,49,163
2115,2,2,1,1071,72,4.99,1071,72,68,127
2116,2,2,1,1212,55,4.63,1212,55,61,107
2117,2,2,1,866,56,3.55,866,56,70,122
2118,2,2,1,715,56,3.66,715,56,71,127
2119,2,2,1,688,51,3.23,688,51,64,104
2120,2,2,1,1105,66,5.27,1105,66,65,127
2121,2,2,1,845,41,3.96,845,41,49,81
2122,2,2,1,1076,69,4.19,1076,69,74,123
2123,2,2,1,1202,48,4.09,1202,48,72,133
2124,2,2,1,979,23,4.25,979,23,26,69
2125,2,2,1,1231,47,6.53,1231,47,65,109
2126,2,2,1,702,22,3.3,702,22,43,102
2127,2,2,1,1367,57,6.15,1367,57,56,108
2128,2,2,1,826,44,3.96,826,44,75,142
2129,2,2,1,1112,64,4.05,1112,64,72,108
2130,2,2,1,942,50,5.08,942,50,65,138
2131,2,2,1,901,63,3.82,901,63,87,147
2132,2,2,1,1005,48,3.72,1005,48,74,138
2133,2,2,1,1287,26,4.2,1287,26,50,87
2134,2,2,1,1180,53,5.13,1180,53,59,122
2135,2,2,1,792,60,3.89,792,60,64,114
2136,2,2,1,758,61,3.32,758,61,62,117
2137,2,2,1,612,42,3.82,612,42,79,122
2138,2,2,1,754,54,3.32,754,54,61,106
2139,2,2,1,937,49,4.02,937,49,69,138
2140,2,2,1,959,66,5.31,959,66,84,149
2141,2,2,1,1046,48,5.23,1046,48,60,107
2142,2,2,1,977,41,4.77,977,41,51,95
2143,2,2,1,943,66,5.41,943,66,75,127
2144,2,2,1,1236,62,4.35,1236,62,48,96
2145,2,2,1,821,47,5.65,821,47,70,118
2146,2,2,1,1311,45,6.31,1311,45,65,99
2147,2,7,0,667,30,3.55,667,30,45,81
2148,2,2,1,890,63,3.76,890,63,64,113
2149,2,2,1,1217,36,4.82,1217,36,49,116
2150,2,7,0,764,46,3.97,764,46,62,128
2151,2,2,1,801,64,5.14,801,64,65,124
2152,2,2,1,910,46,3.56,910,46,69,134
2153,2,2,1,1018,53,3.97,1018,53,50,123
2154,2,2,1,770,78,3.62,770,78,67,113
2155,2,2,1,957,79,4.97,957,79,78,125
2156,2,2,1,703,56,3.54,703,56,65,114
2157,2,2,1,1196,41,4.88,1196,41,62,119
2158,2,2,1,956,56,4.56,956,56,79,136
2159,2,2,1,1103,42,4.56,1103,42,55,108
2160,2,2,1,1004,35,4.44,1004,35,51,102
2161,2,2,1,1001,43,4.09,1001,43,73,123
2162,2,2,1,1097,55,4.5,1097,55,68,135
2163,2,2,1,832,59,3.9,832,59,68,122
2164,2,8,0,1166,28,4.96,1166,28,26,93
2165,2,2,1,845,57,4.84,845,57,73,146
2166,2,2,1,689,43,3.63,689,43,44,87
2167,2,2,1,1028,59,4.64,1028,59,52,101
2168,2,2,1,1040,53,5.18,1040,53,65,136
2169,2,8,0,1190,24,5.34,1190,24,46,114
2170,2,2,1,1253,65,4.9,1253,65,74,135
2171,2,2,1,849,62,4.28,849,62,67,147
2172,2,2,1,1024,61,4.5,1024,61,80,127
2173,2,2,1,1007,44,4.21,1007,44,67,113
2174,2,2,1,756,69,4.9,756,69,67,125
2175,2,2,1,1084,41,6.07,1084,41,70,130
2176,2,8,0,1167,36,3.89,1167,36,28,99
2177,2,2,1,1314,73,5.18,1314,73,78,140
2178,2,2,1,1100,31,5.8,1100,31,31,89
2179,2,2,1,887,40,4.08,887,40,61,129
2180,2,2,1,1000,56,5.68,1000,56,76,119
2181,2,8,0,667,32,3.0,667,32,24,80
2182,2,2,1,784,33,3.38,784,33,41,125
2183,2,2,1,866,29,3.96,866,29,43,92
2184,2,2,1,938,49,4.23,938,49,63,112
2185,2,2,1,991,52,4.18,991,52,69,115
2186,2,2,1,822,42,3.86,822,42,62,123
2187,2,2,1,1094,71,4.63,1094,71,73,136
2188,2,2,1,670,47,4.09,670,47,56,103
2189,2,2,1,834,63,4.57,834,63,58,117
2190,2,9,0,790,26,3.37,790,26,38,68
2191,2,2,1,1170,44,4.43,1170,44,54,113
2192,2,2,1,1349,44,6.9,1349,44,56,99
2193,2,2,1,1023,32,4.1,1023,32,51,107
2194,2,2,1,1164,50,4.0,1164,50,68,119
2195,2,2,1,1255,54,5.04,1255,54,54,127
2196,2,2,1,795,36,4.17,795,36,42,84
2197,2,2,1,1249,51,4.77,1249,51,67,124
2198,2,2,1,1187,33,4.49,1187,33,66,122
2199,2,2,1,901,65,4.79,901,65,69,125
2200,2,2,1,1198,49,5.29,1198,49,92,156
2201,2,2,1,1124,73,5.59,1124,73,82,138
2202,2,2,1,1056,64,6.29,1056,64,58,113
2203,2,2,1,1225,31,5.12,1225,31,35,75
2204,2,2,1,1093,58,5.7,1093,58,61,139
2205,2,2,1,623,38,3.62,623,38,57,106
2206,2,2,1,999,49,5.39,999,49,63,145
2207,2,2,1,1026,32,3.6,1026,32,47,105
2208,2,2,1,1006,26,4.22,1006,26,51,95
2209,2,2,1,1018,62,5.1,1018,62,63,104
2210,2,2,1,726,39,3.96,726,39,56,107
2211,2,2,1,991,57,4.81,991,57,70,132
2212,2,2,1,1140,21,4.63,1140,21,37,73
2213,2,2,1,1055,63,5.04,1055,63,89,156
2214,2,2,1,1001,54,4.06,1001,54,56,113
2215,2,2,1,1001,53,4.74,1001,53,75,137
2216,2,2,1,1042,57,3.74,1042,57,55,116
2217,2,2,1,827,49,3.44,827,49,73,128
2218,2,2,1,1064,66,3.87,1064,66,79,135
2219,2,2,1,1092,43,4.96,1092,43,54,108
2220,2,7,0,1254,42,4.87,1254,42,76,152
2221,2,6,0,1046,26,5.6,1046,26,46,95
2222,2,0,0,1181,26,4.45,1181,26,37,91
2223,2,2,1,1178,69,5.6,1178,69,62,122
2224,2,2,1,1202,72,6.64,1202,72,80,134
2225,2,2,1,1116,22,4.39,1116,22,42,104
2226,2,2,1,820,57,3.91,820,57,72,145
2227,2,2,1,1467,51,4.5,1467,51,57,103
2228,2,2,1,924,45,4.55,924,45,64,123
2229,2,2,1,1109,62,4.64,1109,62,89,157
2230,2,2,1,1155,74,4.49,1155,74,77,132
2231,2,2,1,982,41,3.82,982,41,43,90
2232,2,2,1,1073,46,5.31,1073,46,59,118
2233,2,2,1,914,41,3.92,914,41,65,120
2234,2,2,1,1014,60,3.64,1014,60,65,114
2235,2,2,1,1119,68,3.84,1119,68,68,119
2236,2,2,1,832,35,4.66,832,35,52,107
2237,2,2,1,1064,56,4.09,1064,56,81,133
2238,2,2,1,813,38,4.2,813,38,59,129
2239,2,2,1,1073,60,4.7,1073,60,70,119
2240,2,2,1,1134,59,3.92,1134,59,61,96
2241,2,2,1,1102,57,3.98,1102,57,59,113
2242,2,2,1,1057,41,3.78,1057,41,61,104
2243,2,2,1,551,50,3.32,551,50,52,115
2244,2,2,1,702,36,3.01,702,36,59,105
2245,2,2,1,1273,80,5.09,1273,80,77,150
2246,2,2,1,1096,71,6.51,1096,71,77,144
2247,2,2,1,812,38,4.19,812,38,43,87
2248,2,2,1,1094,29,4.8,1094,29,50,91
2249,2,2,1,905,51,3.8,905,51,56,117
2250,2,2,1,969,72,4.28,969,72,71,128
2251,2,2,1,668,53,3.74,668,53,69,127
2252,2,2,1,885,48,4.37,885,48,65,128
2253,2,2,1,995,57,5.95,995,57,67,138
2254,2,2,1,1002,53,4.28,1002,53,72,127
2255,2,2,1,934,57,4.08,934,57,77,131
2256,2,2,1,942,34,3.57,942,34,37,90
2257,2,2,1,598,45,4.02,598,45,56,116
2258,2,6,0,622,34,3.16,622,34,41,86
2259,2,2,1,1116,47,5.28,1116,47,65,122
2260,2,2,1,991,70,4.57,991,70,66,125
2261,2,2,1,982,71,4.41,982,71,72,132
2262,2,2,1,864,74,4.31,864,74,78,106
2263,2,2,1,975,58,5.44,975,58,85,148
2264,2,2,1,875,43,4.52,875,43,86,136
2265,2,2,1,1103,53,5.47,1103,53,74,121
2266,2,2,1,918,34,3.78,918,34,48,90
2267,2,2,1,1418,47,5.61,1418,47,66,143
2268,2,2,1,639,18,3.84,639,18,44,90
2269,2,2,1,987,59,3.89,987,59,70,138
2270,2,2,1,1045,44,5.0,1045,44,64,115
2271,2,2,1,1015,43,4.06,1015,43,49,107
2272,2,2,1,1087,41,5.58,1087,41,59,126
2273,2,2,1,1418,62,5.76,1418,62,72,140
2274,2,2,1,1149,30,4.79,1149,30,52,121
2275,2,2,1,941,50,5.69,941,50,48,103
2276,2,2,1,1076,63,4.33,1076,63,78,126
2277,2,2,1,546,29,5.83,546,29,49,98
2278,2,2,1,798,36,3.7,798,36,63,114
2279,2,2,1,664,39,10.67,664,39,67,118
2280,2,2,1,984,53,4.9,984,53,58,105
2281,2,2,1,1160,70,4.33,1160,70,69,117
2282,2,2,1,1093,50,4.31,1093,50,61,112
2283,2,2,1,768,49,4.53,768,49,78,127
2284,2,2,1,963,49,4.47,963,49,74,133
2285,2,2,1,979,36,4.58,979,36,53,111
2286,2,2,1,1127,62,5.02,1127,62,85,132
2287,2,2,1,1173,44,4.37,1173,44,54,102
2288,2,8,0,1127,36,4.11,1127,36,33,93
2289,2,2,1,1143,64,4.39,1143,64,66,126
2290,2,2,1,670,32,4.36,670,32,67,125
2291,2,2,1,835,30,3.74,835,30,47,97
2292,2,3,0,869,40,4.24,869,40,61,121
2293,2,2,1,1282,60,6.84,1282,60,64,115
2294,2,2,1,928,65,4.17,928,65,68,130
2295,2,2,1,1071,62,4.26,1071,62,56,94
2296,2,7,0,1100,32,4.21,1100,32,44,94
2297,2,2,1,921,64,3.87,921,64,54,93
2298,2,2,1,962,25,5.07,962,25,60,121
2299,2,2,1,800,47,4.65,800,47,52,111
2300,2,2,1,803,51,3.28,803,51,57,125
2301,2,2,1,910,76,3.62,910,76,79,125
2302,2,2,1,767,65,3.58,767,65,75,142
2303,2,1,0,807,20,3.13,807,20,30,77
2304,2,2,1,1093,53,4.36,1093,53,44,97
2305,2,2,1,761,29,3.5,761,29,47,110
2306,2,2,1,905,41,4.29,905,41,63,126
2307,2,2,1,1082,52,4.18,1082,52,57,110
2308,2,7,0,774,55,3.26,774,55,55,96
2309,2,2,1,1178,39,4.12,1178,39,50,123
2310,2,2,1,929,36,3.82,929,36,52,91
2311,2,8,0,1144,37,3.8,1144,37,38,93
2312,2,2,1,936,60,5.3,936,60,82,145
2313,2,2,1,968,31,4.36,968,31,57,108
2314,2,2,1,1138,37,4.74,1138,37,72,140
2315,2,2,1,1014,73,4.48,1014,73,68,132
2316,2,2,1,1107,43,4.02,1107,43,54,117
2317,2,2,1,942,52,4.31,942,52,56,125
2318,2,2,1,1113,34,5.4,1113,34,36,99
2319,2,2,1,933,54,5.69,933,54,69,132
2320,2,2,1,838,58,3.81,838,58,47,113
2321,2,2,1,1004,67,3.89,1004,67,84,155
2322,2,2,1,1097,65,4.46,1097,65,74,129
2323,2,2,1,1105,58,4.6,1105,58,86,136
2324,2,2,1,994,53,6.19,994,53,75,130
2325,2,2,1,753,54,3.27,753,54,62,106
2326,2,2,1,979,62,5.88,979,62,82,125
2327,2,2,1,1021,67,3.62,1021,67,78,131
2328,2,2,1,1030,51,4.53,1030,51,69,128
2329,2,2,1,1028,53,5.27,1028,53,72,125
2330,2,2,1,898,54,5.24,898,54,89,155
2331,2,2,1,482,45,4.24,482,45,57,99
2332,2,0,0,1298,25,4.72,1298,25,41,93
2333,2,2,1,946,60,3.93,946,60,75,121
2334,2,7,0,1311,36,7.65,1311,36,54,118
2335,2,2,1,1030,50,4.22,1030,50,56,105
2336,2,2,1,994,36,5.1,994,36,54,116
2337,2,2,1,730,59,4.58,730,59,59,123
2338,2,2,1,1046,47,4.42,1046,47,61,114
2339,2,2,1,886,61,4.57,886,61,62,111
2340,2,0,0,1017,48,5.2,1017,48,76,153
2341,2,2,1,1004,53,4.08,1004,53,61,125
2342,2,2,1,1210,59,6.35,1210,59,69,119
2343,2,3,0,1092,41,4.57,1092,41,33,86
2344,2,2,1,796,44,3.5,796,44,73,137
2345,2,2,1,883,67,4.95,883,67,70,129
2346,2,2,1,1031,69,4.98,1031,69,71,118
2347,2,2,1,993,64,4.22,993,64,67,105
2348,2,2,1,964,42,4.21,964,42,35,106
2349,2,2,1,898,51,4.0,898,51,60,110
2350,2,2,1,834,66,5.36,834,66,71,94
2351,2,2,1,757,44,3.84,757,44,55,98
2352,2,2,1,1040,65,4.6,1040,65,74,126
2353,2,3,0,1098,33,5.49,1098,33,42,98
2354,2,2,1,1074,47,5.38,1074,47,52,103
2355,2,2,1,845,33,3.56,845,33,45,103
2356,2,2,1,956,50,4.91,956,50,68,125
2357,2,2,1,1086,41,4.29,1086,41,45,86
2358,2,2,1,996,61,4.66,996,61,60,113
2359,2,2,1,1298,35,5.23,1298,35,53,105
2360,2,2,1,995,34,4.98,995,34,61,128
2361,2,2,1,904,52,3.76,904,52,73,133
2362,2,2,1,777,53,3.98,777,53,58,123
2363,2,2,1,823,45,3.93,823,45,54,103
2364,2,7,0,1158,36,3.76,1158,36,39,81
2365,2,2,1,872,48,3.47,872,48,88,152
2366,2,2,1,971,50,4.01,971,50,73,122
2367,2,2,1,1018,55,4.77,1018,55,85,144
2368,2,2,1,1176,83,5.76,1176,83,75,132
2369,2,2,1,1171,65,5.23,1171,65,74,136
2370,2,2,1,626,37,3.59,626,37,52,116
2371,2,2,1,1103,62,4.64,1103,62,68,118
2372,2,2,1,979,46,4.14,979,46,71,122
2373,2,2,1,1218,35,4.68,1218,35,53,99
2374,2,2,1,985,43,3.84,985,43,62,119
2375,2,2,1,745,52,4.55,745,52,69,143
2376,2,2,1,927,43,3.73,927,43,69,135
2377,2,2,1,830,32,4.53,830,32,49,106
2378,2,2,1,840,60,4.93,840,60,69,141
2379,2,2,1,840,33,4.4,840,33,44,106
2380,2,2,1,743,32,3.44,743,32,63,121
2381,2,2,1,1305,70,4.39,1305,70,67,117
2382,2,2,1,1145,85,5.14,1145,85,77,134
2383,2,2,1,795,57,4.58,795,57,83,128
2384,2,0,0,1182,45,4.16,1182,45,67,127
2385,2,2,1,1051,42,6.23,1051,42,60,139
2386,2,2,1,964,56,3.87,964,56,64,127
2387,2,0,0,766,18,3.67,766,18,28,55
2388,2,2,1,784,59,4.57,784,59,69,133
2389,2,2,1,1080,42,4.31,1080,42,60,125
2390,2,2,1,987,32,4.16,987,32,59,125
2391,2,2,1,683,43,3.78,683,43,42,77
2392,2,2,1,1255,54,6.55,1255,54,75,127
2393,2,2,1,1304,65,5.06,1304,65,72,116
2394,2,2,1,1026,39,4.43,1026,39,57,119
2395,2,2,1,836,46,5.4,836,46,66,134
2396,2,2,1,919,64,4.08,919,64,73,132
2397,2,8,0,1253,25,6.47,1253,25,34,111
2398,2,2,1,1150,55,5.08,1150,55,80,123
2399,2,2,1,916,65,4.61,916,65,68,128
2400,2,2,1,798,42,3.9,798,42,80,103
2401,2,2,1,943,57,3.9,943,57,65,133
2402,2,2,1,1019,39,3.86,1019,39,57,105
2403,2,2,1,1259,77,4.49,1259,77,73,125
2404,2,2,1,1060,66,5.44,1060,66,68,116
2405,2,2,1,1097,58,4.73,1097,58,82,141
2406,2,2,1,486,27,3.91,486,27,40,101
2407,2,2,1,973,37,4.12,973,37,58,95
2408,2,2,1,737,63,3.61,737,63,76,130
2409,2,2,1,933,48,3.65,933,48,67,133
2410,2,2,1,1162,62,5.79,1162,62,63,119
2411,2,2,1,1375,30,4.49,1375,30,47,95
2412,2,2,1,847,36,3.68,847,36,55,104
2413,2,2,1,1129,53,4.77,1129,53,84,136
2414,2,2,1,1338,48,5.07,1338,48,65,135
2415,2,2,1,1144,45,4.34,1144,45,74,168
2416,2,2,1,1001,31,4.09,1001,31,51,107
2417,2,2,1,856,62,4.07,856,62,58,110
2418,2,2,1,1321,46,4.22,1321,46,54,96
2419,2,2,1,786,36,3.1,786,36,55,115
2420,2,2,1,1026,54,5.21,1026,54,67,112
2421,2,2,1,1000,54,3.51,1000,54,63,123
2422,2,2,1,1280,51,5.45,1280,51,73,132
2423,2,2,1,1035,45,4.34,1035,45,65,136
2424,2,2,1,1004,36,4.74,1004,36,72,121
2425,2,2,1,1007,55,4.25,1007,55,65,119
2426,2,2,1,1357,63,4.47,1357,63,60,109
2427,2,2,1,938,35,4.73,938,35,56,119
2428,2,2,1,1109,40,5.39,1109,40,59,113
2429,2,2,1,1021,55,5.08,1021,55,54,110
2430,2,2,1,845,62,4.15,845,62,64,114
2431,2,2,1,1195,70,5.3,1195,70,87,136
2432,2,2,1,1140,70,4.23,1140,70,63,128
2433,2,2,1,848,42,3.92,848,42,71,139
2434,2,2,1,1113,56,3.95,1113,56,82,138
2435,2,2,1,933,68,4.15,933,68,74,139
2436,2,2,1,1058,50,3.81,1058,50,55,104
2437,2,2,1,885,65,4.05,885,65,66,139
2438,2,2,1,954,58,4.25,954,58,85,142
2439,2,8,0,970,38,4.43,970,38,37,111
2440,2,2,1,1145,57,5.3,1145,57,75,148
2441,2,2,1,961,48,3.79,961,48,56,116
2442,2,2,1,984,41,4.9,984,41,45,92
2443,2,2,1,970,54,3.77,970,54,73,121
2444,2,2,1,614,27,3.04,614,27,27,65
2445,2,2,1,705,46,3.64,705,46,52,100
2446,2,2,1,1221,54,4.31,1221,54,59,114
2447,2,2,1,1170,64,4.82,1170,64,63,111
2448,2,2,1,1075,50,6.1,1075,50,68,128
2449,2,2,1,830,42,3.94,830,42,55,110
2450,2,2,1,1063,30,4.36,1063,30,55,104
2451,2,2,1,1083,66,4.61,1083,66,79,135
2452,2,2,1,1016,57,4.14,1016,57,71,142
2453,2,2,1,1012,68,4.54,1012,68,66,121
2454,2,2,1,848,65,3.52,848,65,56,87
2455,2,2,1,1156,62,4.74,1156,62,67,113
2456,2,2,1,1106,60,4.85,1106,60,66,125
2457,2,2,1,1012,60,6.62,1012,60,68,126
2458,2,2,1,1245,21,4.46,1245,21,27,70
2459,2,2,1,1157,67,4.23,1157,67,73,141
2460,2,2,1,692,46,3.5,692,46,62,108
2461,2,2,1,855,29,4.14,855,29,38,67
2462,2,2,1,1221,72,5.45,1221,72,81,153
2463,2,2,1,978,69,3.98,978,69,73,133
2464,2,2,1,946,42,5.06,946,42,52,105
2465,2,2,1,1144,69,4.29,1144,69,68,130
2466,2,3,0,1170,22,4.27,1170,22,27,69
2467,2,2,1,956,53,3.91,956,53,69,127
2468,2,2,1,715,46,3.89,715,46,61,126
2469,2,2,1,1040,78,4.92,1040,78,84,142
2470,2,2,1,1237,57,7.23,1237,57,68,113
2471,2,2,1,964,47,3.84,964,47,45,115
2472,2,1,0,856,60,4.04,856,60,65,116
2473,2,2,1,1113,44,5.05,1113,44,66,127
2474,2,2,1,865,33,3.65,865,33,60,105
2475,2,2,1,829,57,4.17,829,57,90,144
2476,2,2,1,747,53,4.67,747,53,58,103
2477,2,2,1,662,29,3.82,662,29,51,108
2478,2,2,1,912,47,3.88,912,47,59,107
2479,2,2,1,1056,55,3.79,1056,55,65,120
2480,2,2,1,922,61,5.05,922,61,77,144
2481,2,2,1,960,66,3.94,960,66,68,128
2482,2,2,1,779,47,4.26,779,47,60,121
2483,2,2,1,1035,57,4.01,1035,57,73,130
2484,2,2,1,1099,46,4.17,1099,46,57,114
2485,2,2,1,835,65,3.71,835,65,73,124
2486,2,2,1,1202,39,3.94,1202,39,60,117
2487,2,2,1,923,65,3.65,923,65,65,121
2488,2,2,1,826,37,3.76,826,37,46,106
2489,2,2,1,833,47,3.55,833,47,49,98
2490,2,2,1,559,42,3.06,559,42,48,83
2491,2,2,1,1122,51,4.53,1122,51,49,95
2492,2,2,1,1039,62,4.53,1039,62,58,101
2493,2,2,1,1216,48,5.25,1216,48,65,128
2494,2,2,1,901,66,4.0,901,66,70,124
2495,2,2,1,905,36,3.85,905,36,52,111
2496,2,2,1,775,41,4.58,775,41,60,112
2497,2,2,1,1164,80,4.35,1164,80,87,140
2498,2,2,1,1056,75,4.29,1056,75,74,140
2499,2,3,0,1426,32,5.3,1426,32,33,111
2500,2,2,1,790,49,4.08,790,49,79,139
2501,2,2,1,801,38,3.52,801,38,46,91
2502,2,2,1,898,52,4.88,898,52,47,113
2503,2,2,1,865,62,5.18,865,62,61,104
2504,2,2,1,1014,60,4.61,1014,60,56,107
2505,2,2,1,1384,48,4.63,1384,48,72,135
2506,2,2,1,1273,42,4.54,1273,42,51,106
2507,2,2,1,935,50,3.96,935,50,41,104
2508,2,2,1,959,66,4.38,959,66,62,118
2509,2,2,1,877,38,3.86,877,38,51,112
2510,2,8,0,668,33,4.42,668,33,37,117
2511,2,2,1,980,57,3.89,980,57,81,136
2512,2,3,0,928,24,4.35,928,24,25,75
2513,2,2,1,1211,29,5.15,1211,29,44,92
2514,2,2,1,1267,42,6.24,1267,42,54,104
2515,2,2,1,951,43,4.22,951,43,69,123
2516,2,8,0,1181,37,4.57,1181,37,49,125
2517,2,2,1,929,55,3.78,929,55,74,124
2518,2,2,1,834,60,3.91,834,60,61,109
2519,2,2,1,818,36,3.68,818,36,62,154
2520,2,2,1,968,46,5.11,968,46,82,136
2521,2,2,1,1017,46,4.15,1017,46,58,116
2522,2,2,1,973,55,4.01,973,55,58,116
2523,2,2,1,900,43,3.72,900,43,60,109
2524,2,2,1,917,46,4.49,917,46,70,118
2525,2,2,1,1019,27,4.11,1019,27,34,62
2526,2,2,1,1346,57,5.06,1346,57,72,137
2527,2,2,1,1090,65,4.98,1090,65,82,144
2528,2,2,1,1028,53,5.53,1028,53,62,119
2529,2,3,0,706,31,3.96,706,31,52,111
2530,2,2,1,1014,45,4.03,1014,45,84,139
2531,2,2,1,1067,59,3.99,1067,59,75,136
2532,2,2,1,879,65,4.21,879,65,65,121
2533,2,2,1,921,60,3.83,921,60,63,128
2534,2,2,1,1344,50,5.25,1344,50,59,116
2535,2,2,1,1181,58,4.02,1181,58,64,120
2536,2,2,1,1029,39,4.25,1029,39,55,109
2537,2,2,1,1411,51,5.51,1411,51,23,64
2538,2,2,1,961,57,4.32,961,57,60,122
2539,2,2,1,903,61,4.51,903,61,72,131
2540,2,2,1,839,39,3.94,839,39,51,111
2541,2,2,1,1006,48,3.97,1006,48,65,123
2542,2,2,1,891,57,4.22,891,57,87,150
2543,2,2,1,944,43,5.12,944,43,63,109
2544,2,2,1,563,37,3.17,563,37,60,122
2545,2,2,1,1123,66,3.87,1123,66,77,133
2546,2,2,1,980,42,3.6,980,42,46,111
2547,2,2,1,839,47,4.22,839,47,75,132
2548,2,2,1,988,41,3.8,988,41,49,116
2549,2,2,1,871,30,6.57,871,30,61,120
2550,2,7,0,922,37,5.29,922,37,62,89
2551,2,2,1,1014,46,4.03,1014,46,46,117
2552,2,2,1,736,33,3.55,736,33,66,115
2553,2,2,1,910,35,3.53,910,35,62,117
2554,2,2,1,1011,56,4.71,1011,56,58,97
2555,2,2,1,969,35,3.88,969,35,36,97
2556,2,2,1,941,40,3.58,941,40,61,135
2557,2,2,1,926,52,4.67,926,52,63,126
2558,2,9,0,713,32,4.37,713,32,36,85
2559,2,2,1,1106,67,4.23,1106,67,70,120
2560,2,2,1,879,62,4.07,879,62,51,102
2561,2,2,1,1106,60,4.99,1106,60,62,107
2562,2,2,1,1156,44,4.23,1156,44,67,118
2563,2,2,1,1040,45,4.98,1040,45,74,127
2564,2,7,0,1045,26,4.02,1045,26,43,62
2565,2,2,1,871,56,4.37,871,56,67,102
2566,2,2,1,784,41,4.2,784,41,75,123
2567,2,2,1,824,49,4.5,824,49,50,104
2568,2,2,1,800,33,3.67,800,33,48,116
2569,2,2,1,821,38,4.0,821,38,55,110
2570,2,2,1,1390,42,7.17,1390,42,53,100
2571,2,8,0,1098,35,5.94,1098,35,38,103
2572,2,2,1,934,53,3.83,934,53,59,109
2573,2,2,1,961,80,4.59,961,80,75,126
2574,2,2,1,824,35,4.76,824,35,54,105
2575,2,2,1,1058,48,4.04,1058,48,60,115
2576,2,2,1,1022,55,4.76,1022,55,71,108
2577,2,2,1,735,48,3.96,735,48,71,139
2578,2,2,1,1075,74,5.69,1075,74,65,130
2579,2,2,1,1121,51,4.08,1121,51,56,117
2580,2,2,1,1141,62,5.6,1141,62,69,123
2581,2,2,1,884,45,4.58,884,45,65,131
2582,2,2,1,874,50,4.74,874,50,63,97
2583,2,2,1,662,52,3.55,662,52,72,127
2584,2,8,0,699,25,3.63,699,25,40,103
2585,2,2,1,986,62,4.13,986,62,61,99
2586,2,2,1,870,62,3.6,870,62,72,136
2587,2,2,1,1300,48,4.87,1300,48,70,138
2588,2,2,1,911,63,4.06,911,63,68,136
2589,2,2,1,1096,26,5.37,1096,26,38,80
2590,2,2,1,1076,41,4.26,1076,41,55,116
2591,2,2,1,1125,54,4.52,1125,54,61,122
2592,2,2,1,1242,63,4.9,1242,63,84,131
2593,2,2,1,883,45,4.27,883,45,46,87
2594,2,2,1,1019,30,4.65,1019,30,56,115
2595,2,2,1,842,67,5.12,842,67,67,114
2596,2,2,1,1189,47,3.98,1189,47,50,96
2597,2,2,1,1344,51,4.44,1344,51,68,117
2598,2,2,1,964,47,3.7,964,47,37,91
2599,2,2,1,779,33,4.87,779,33,65,126
2600,2,2,1,818,46,4.13,818,46,52,109
2601,2,2,1,927,50,3.39,927,50,52,104
2602,2,2,1,792,49,4.18,792,49,51,101
2603,2,2,1,810,44,3.86,810,44,66,115
2604,2,2,1,1046,54,5.32,1046,54,69,126
2605,2,2,1,898,35,4.65,898,35,66,111
2606,2,2,1,1118,53,6.29,1118,53,60,126
2607,2,2,1,918,49,5.84,918,49,64,130
2608,2,2,1,769,34,3.92,769,34,56,98
2609,2,2,1,1052,63,4.74,1052,63,68,130
2610,2,2,1,1211,70,4.95,1211,70,77,137
2611,2,2,1,1355,48,5.06,1355,48,44,105
2612,2,2,1,1411,60,7.08,1411,60,66,114
2613,2,2,1,929,33,3.84,929,33,52,96
2614,2,2,1,1016,48,5.62,1016,48,68,112
2615,2,2,1,849,54,4.84,849,54,60,132
2616,2,2,1,1045,38,3.96,1045,38,56,115
2617,2,2,1,1091,78,4.42,1091,78,78,131
2618,2,2,1,695,68,3.41,695,68,74,130
2619,2,2,1,949,60,4.09,949,60,67,119
2620,2,2,1,805,54,3.76,805,54,61,121
2621,2,2,1,802,60,3.75,802,60,73,125
2622,2,2,1,1159,51,6.25,1159,51,45,105
2623,2,2,1,1026,68,4.16,1026,68,81,140
2624,2,2,1,713,55,4.11,713,55,68,126
2625,2,2,1,948,44,3.86,948,44,57,115
2626,2,2,1,1311,56,4.81,1311,56,51,98
2627,2,2,1,826,24,4.17,826,24,44,100
2628,2,2,1,1076,52,3.86,1076,52,51,98
2629,2,2,1,1276,56,4.7,1276,56,63,115
2630,2,2,1,879,66,3.96,879,66,64,131
2631,2,2,1,1088,34,3.85,1088,34,44,100
2632,2,7,0,948,23,6.42,948,23,19,50
2633,2,2,1,1188,53,4.74,1188,53,74,116
2634,2,3,0,838,33,4.17,838,33,35,91
2635,2,2,1,1180,44,4.6,1180,44,55,131
2636,2,2,1,981,37,4.5,981,37,48,116
2637,2,2,1,1135,73,4.88,1135,73,78,124
2638,2,2,1,751,33,3.67,751,33,56,103
2639,2,2,1,1212,60,4.62,1212,60,63,110
2640,2,2,1,919,58,4.96,919,58,67,116
2641,2,2,1,1286,59,5.62,1286,59,61,110
2642,2,2,1,901,60,4.03,901,60,74,121
2643,2,2,1,760,48,3.29,760,48,53,103
2644,2,3,0,1003,32,3.67,1003,32,37,108
2645,2,2,1,1166,65,4.55,1166,65,84,141
2646,2,2,1,1214,69,5.21,1214,69,73,133
2647,2,2,1,1171,55,4.64,1171,55,74,146
2648,2,2,1,1184,61,4.54,1184,61,70,142
2649,2,2,1,994,48,4.11,994,48,65,118
2650,2,2,1,1117,34,4.63,1117,34,64,144
2651,2,2,1,1266,40,4.18,1266,40,59,103
2652,2,2,1,1151,56,5.36,1151,56,65,119
2653,2,2,1,1046,43,4.92,1046,43,44,106
2654,2,2,1,1213,33,4.07,1213,33,35,85
2655,2,2,1,1012,42,5.11,1012,42,65,117
2656,2,2,1,1006,43,3.68,1006,43,61,122
2657,2,2,1,1263,46,4.8,1263,46,60,116
2658,2,2,1,1099,35,4.43,1099,35,58,119
2659,2,2,1,1238,70,4.79,1238,70,76,131
2660,2,2,1,1240,56,5.64,1240,56,47,99
2661,2,2,1,1314,60,4.49,1314,60,56,103
2662,2,2,1,1259,54,4.4,1259,54,58,102
2663,2,2,1,831,34,5.16,831,34,49,102
2664,2,2,1,1168,68,5.65,1168,68,73,148
2665,2,8,0,922,39,3.77,922,39,43,136
2666,2,2,1,1089,36,3.99,1089,36,36,90
2667,2,2,1,1091,55,5.39,1091,55,68,113
2668,2,2,1,1141,54,4.61,1141,54,51,111
2669,2,2,1,1142,48,5.19,1142,48,55,120
2670,2,2,1,1124,62,5.03,1124,62,74,135
2671,2,2,1,1207,57,3.96,1207,57,73,139
2672,2,2,1,1211,49,4.66,1211,49,73,127
2673,2,2,1,1349,45,5.45,1349,45,63,134
2674,2,2,1,1353,37,5.37,1353,37,52,99
2675,2,2,1,1264,63,4.09,1264,63,73,141
2676,2,2,1,1098,57,4.67,1098,57,79,139
2677,2,2,1,1262,47,6.14,1262,47,66,123
2678,2,2,1,1325,62,4.29,1325,62,75,129
2679,2,2,1,1266,76,4.77,1266,76,82,148
2680,2,2,1,1211,38,3.93,1211,38,64,115
2681,2,2,1,969,53,4.53,969,53,70,127
2682,2,2,1,1086,61,4.36,1086,61,76,116
2683,2,2,1,1050,57,4.22,1050,57,83,141
2684,2,2,1,1069,45,3.93,1069,45,67,120
2685,2,2,1,1170,71,3.96,1170,71,77,147
2686,2,2,1,989,42,4.96,989,42,61,123
2687,2,2,1,1258,66,4.34,1258,66,87,147
2688,2,2,1,1088,72,4.01,1088,72,82,140
2689,2,2,1,1140,53,5.25,1140,53,68,130
2690,2,2,1,1375,58,4.98,1375,58,63,106
2691,2,2,1,1219,52,5.86,1219,52,66,121
2692,2,2,1,920,70,5.48,920,70,63,113
2693,2,2,1,1124,68,3.89,1124,68,66,128
2694,2,2,1,1115,77,5.29,1115,77,69,127
2695,2,8,0,1002,39,4.29,1002,39,42,106
2696,2,2,1,1212,49,4.67,1212,49,49,94
2697,2,2,1,1250,51,4.78,1250,51,71,127
2698,2,2,1,1320,53,6.19,1320,53,56,102
2699,2,3,0,1266,32,5.17,1266,32,25,88
2700,2,2,1,1117,47,4.06,1117,47,68,122
2701,2,2,1,1359,47,4.3,1359,47,65,121
2702,2,2,1,1208,48,4.61,1208,48,62,120
2703,2,3,0,1098,43,5.6,1098,43,41,106
2704,2,2,1,1188,48,4.34,1188,48,69,141
2705,2,3,0,1164,30,4.09,1164,30,42,108
2706,2,2,1,1127,44,4.6,1127,44,66,111
2707,2,2,1,1271,50,5.53,1271,50,68,133
2708,2,2,1,1351,40,4.27,1351,40,42,81
2709,2,2,1,1182,46,4.31,1182,46,68,118
2710,2,2,1,1266,61,4.72,1266,61,74,129
2711,2,2,1,1182,68,4.64,1182,68,67,118
2712,2,2,1,1282,27,4.9,1282,27,37,76
2713,2,2,1,1089,35,8.14,1089,35,51,99
2714,2,2,1,1088,56,5.27,1088,56,81,155
2715,2,2,1,1154,59,4.86,1154,59,66,118
2716,2,2,1,967,42,5.36,967,42,69,123
2717,2,2,1,1122,61,5.37,1122,61,62,109
2718,2,2,1,939,74,4.46,939,74,78,124
2719,2,2,1,1024,63,4.14,1024,63,66,136
2720,2,2,1,822,62,4.32,822,62,70,132
2721,2,2,1,1196,66,4.28,1196,66,72,117
2722,2,2,1,1099,66,5.48,1099,66,69,123
2723,2,2,1,1046,49,5.15,1046,49,69,127
2724,2,2,1,840,39,3.5,840,39,46,95
2725,2,2,1,904,67,4.01,904,67,76,131
2726,2,2,1,1238,42,5.31,1238,42,72,134
2727,2,2,1,1217,51,5.38,1217,51,63,112
2728,2,2,1,1381,48,6.08,1381,48,50,95
2729,2,2,1,1225,79,4.39,1225,79,86,145
2730,2,2,1,1275,59,4.5,1275,59,77,144
2731,2,2,1,1016,64,3.87,1016,64,66,119
2732,2,3,0,1038,27,4.71,1038,27,30,97
2733,2,2,1,882,40,4.65,882,40,52,109
2734,2,2,1,973,49,5.65,973,49,64,122
2735,2,2,1,1161,62,4.41,1161,62,74,146
2736,2,2,1,982,37,3.92,982,37,57,102
2737,2,2,1,987,33,3.79,987,33,46,117
2738,2,2,1,1047,55,3.95,1047,55,63,121
2739,2,2,1,930,31,3.68,930,31,33,64
2740,2,2,1,905,61,3.62,905,61,76,120
2741,2,2,1,945,75,4.08,945,75,77,143
2742,2,2,1,894,39,3.66,894,39,65,122
2743,2,2,1,860,26,3.96,860,26,38,82
2744,2,2,1,976,54,3.93,976,54,77,129
2745,2,2,1,1005,62,4.13,1005,62,63,127
2746,2,2,1,863,31,4.69,863,31,58,105
2747,2,2,1,802,57,3.73,802,57,71,129
2748,2,2,1,1040,47,5.21,1040,47,65,122
2749,2,2,1,1218,72,4.17,1218,72,62,125
2750,2,2,1,1224,57,3.99,1224,57,63,124
2751,2,2,1,1235,50,4.28,1235,50,50,120
2752,2,2,1,1135,37,4.0,1135,37,48,96
2753,2,2,1,1243,63,4.46,1243,63,68,127
2754,2,2,1,946,36,4.87,946,36,48,112
2755,2,2,1,1170,44,5.53,1170,44,40,106
2756,2,2,1,1184,50,5.74,1184,50,55,104
2757,2,2,1,1177,72,4.35,1177,72,74,140
2758,2,2,1,1136,58,4.17,1136,58,62,131
2759,2,2,1,1095,81,4.7,1095,81,81,130
2760,2,2,1,1103,63,4.29,1103,63,71,119
2761,2,2,1,1102,49,5.3,1102,49,74,132
2762,2,2,1,1056,54,4.19,1056,54,58,127
2763,2,2,1,1245,46,5.3,1245,46,61,125
2764,2,2,1,1094,33,5.1,1094,33,47,88
2765,2,2,1,1141,43,4.05,1141,43,59,121
2766,2,2,1,1141,44,4.22,1141,44,72,136
2767,2,2,1,1159,44,4.4,1159,44,68,127
2768,2,2,1,1170,52,5.72,1170,52,69,116
2769,2,2,1,1138,45,4.15,1138,45,60,116
2770,2,2,1,1164,49,4.79,1164,49,71,129
2771,2,2,1,1031,45,3.75,1031,45,67,120
2772,2,2,1,1216,41,5.33,1216,41,67,123
2773,2,2,1,1395,26,4.41,1395,26,36,81
2774,2,2,1,1232,54,5.09,1232,54,86,145
2775,2,2,1,1022,78,4.85,1022,78,87,153
2776,2,2,1,1104,66,4.33,1104,66,86,141
2777,2,2,1,996,59,5.0,996,59,88,144
2778,2,2,1,988,66,4.95,988,66,93,156
2779,2,2,1,1184,70,4.9,1184,70,81,139
2780,2,2,1,1137,66,4.0,1137,66,74,133
2781,2,2,1,1189,66,5.61,1189,66,80,133
2782,2,2,1,1030,65,4.1,1030,65,87,126
2783,2,2,1,1267,30,6.22,1267,30,39,112
2784,2,2,1,1287,74,5.47,1287,74,81,131
2785,2,2,1,699,56,3.73,699,56,71,122
2786,2,2,1,1161,69,5.09,1161,69,95,159
2787,2,2,1,1055,47,3.92,1055,47,60,109
2788,2,2,1,1260,43,5.29,1260,43,57,109
2789,2,2,1,1296,30,4.95,1296,30,48,97
2790,2,2,1,1312,40,4.41,1312,40,56,105
2791,2,2,1,1376,43,4.11,1376,43,50,89
2792,2,2,1,1247,36,4.82,1247,36,53,84
2793,2,2,1,971,51,4.05,971,51,75,130
2794,2,2,1,1193,36,4.4,1193,36,53,117
2795,2,2,1,1345,50,4.68,1345,50,54,112
2796,2,2,1,1050,41,4.81,1050,41,50,114
2797,2,2,1,1240,43,4.39,1240,43,59,114
2798,2,2,1,1180,41,4.59,1180,41,55,116
2799,2,2,1,1028,46,3.82,1028,46,61,100
2800,2,2,1,927,71,3.84,927,71,78,146
2801,2,2,1,776,70,3.86,776,70,69,136
2802,2,2,1,660,32,4.1,660,32,36,84
2803,2,2,1,665,43,3.56,665,43,62,133
2804,2,2,1,918,51,3.89,918,51,48,87
2805,2,6,0,718,60,4.85,718,60,73,129
2806,2,2,1,924,63,4.11,924,63,84,151
2807,2,2,1,827,52,3.8,827,52,62,136
2808,2,2,1,970,49,3.73,970,49,78,122
2809,2,2,1,645,39,3.28,645,39,61,105
2810,2,2,1,1040,53,4.71,1040,53,40,95
2811,2,2,1,985,63,5.32,985,63,83,161
2812,2,2,1,1035,27,4.33,1035,27,50,90
2813,2,2,1,1199,18,5.19,1199,18,42,82
2814,2,2,1,796,31,4.58,796,31,80,125
2815,2,2,1,1228,48,4.77,1228,48,68,124
2816,2,2,1,1033,54,5.01,1033,54,51,96
2817,2,2,1,1357,53,4.67,1357,53,64,117
2818,2,7,0,928,52,3.75,928,52,56,103
2819,2,2,1,971,54,3.89,971,54,64,136
2820,2,2,1,809,39,4.65,809,39,53,90
2821,2,2,1,1060,49,4.69,1060,49,63,118
2822,2,2,1,1242,62,5.3,1242,62,66,120
2823,2,2,1,744,63,4.78,744,63,65,119
2824,2,7,0,1078,39,5.8,1078,39,34,65
2825,2,2,1,1362,46,4.97,1362,46,56,115
2826,2,2,1,966,71,5.84,966,71,73,131
2827,2,2,1,903,67,4.34,903,67,63,127
2828,2,2,1,987,67,5.37,987,67,66,126
2829,2,2,1,1048,66,5.14,1048,66,66,123
2830,2,2,1,990,53,5.24,990,53,61,110
2831,2,2,1,973,76,4.49,973,76,80,136
2832,2,2,1,1038,64,5.24,1038,64,63,111
2833,2,2,1,1025,69,4.16,1025,69,70,136
2834,2,2,1,908,75,5.49,908,75,75,135
2835,2,2,1,803,67,3.94,803,67,79,126
2836,2,2,1,823,81,3.93,823,81,87,124
2837,2,2,1,733,57,3.46,733,57,71,116
2838,2,2,1,947,66,4.11,947,66,65,111
2839,2,2,1,960,49,4.16,960,49,63,132
2840,2,2,1,1076,52,4.08,1076,52,53,103
2841,2,2,1,1204,59,5.28,1204,59,67,118
2842,2,2,1,1159,49,4.85,1159,49,77,143
2843,2,2,1,1159,51,4.61,1159,51,65,114
2844,2,2,1,969,34,4.36,969,34,58,111
2845,2,2,1,1151,19,5.66,1151,19,35,88
2846,2,2,1,1205,42,5.68,1205,42,69,134
2847,2,2,1,1191,35,4.81,1191,35,53,94
2848,2,2,1,1174,50,3.95,1174,50,64,124
2849,2,2,1,988,48,3.67,988,48,79,139
2850,2,2,1,1093,54,4.26,1093,54,64,112
2851,2,2,1,1062,43,3.9,1062,43,62,138
2852,2,2,1,985,38,5.33,985,38,69,138
2853,2,2,1,1109,40,4.06,1109,40,46,101
2854,2,2,1,1159,41,4.39,1159,41,57,107
2855,2,2,1,1040,45,3.9,1040,45,65,120
2856,2,2,1,1001,36,3.93,1001,36,69,120
2857,2,2,1,1155,45,4.46,1155,45,69,130
2858,2,2,1,852,46,3.73,852,46,82,144
2859,2,2,1,1119,45,3.83,1119,45,62,127
2860,2,2,1,1188,53,4.6,1188,53,72,128
2861,2,2,1,1178,42,4.55,1178,42,46,97
2862,2,2,1,1185,51,5.68,1185,51,57,114
2863,2,2,1,1072,45,11.6,1072,45,68,127
2864,2,2,1,1319,38,21.85,1319,38,58,127
2865,2,2,1,1265,27,4.25,1265,27,60,119
2866,2,2,1,1146,27,5.94,1146,27,54,98
2867,2,2,1,916,35,4.07,916,35,52,111
2868,2,2,1,984,36,5.38,984,36,76,127
2869,2,2,1,984,21,4.85,984,21,45,112
2870,2,2,1,1250,27,5.84,1250,27,43,82
2871,2,2,1,1160,31,5.29,1160,31,64,116
2872,2,4,0,987,33,4.04,987,33,43,93
2873,2,2,1,1438,39,5.59,1438,39,55,104
2874,2,2,1,825,40,4.71,825,40,57,112
2875,2,2,1,886,50,5.92,886,50,72,140
2876,2,2,1,933,40,4.56,933,40,55,120
2877,2,2,1,1066,53,5.16,1066,53,65,124
2878,2,2,1,1174,45,7.77,1174,45,63,128
2879,2,2,1,971,51,4.39,971,51,57,118
2880,2,2,1,929,41,5.74,929,41,51,100
2881,2,2,1,875,38,3.64,875,38,57,119
2882,2,2,1,832,37,3.98,832,37,63,133
2883,2,0,0,1069,35,4.98,1069,35,53,115
2884,2,2,1,933,46,3.47,933,46,57,109
2885,2,2,1,1061,59,4.2,1061,59,76,132
2886,2,2,1,960,34,3.55,960,34,54,114
2887,2,2,1,930,41,4.07,930,41,77,130
2888,2,2,1,1199,29,5.47,1199,29,56,133
2889,2,2,1,1162,44,5.89,1162,44,56,120
2890,2,2,1,1080,19,4.15,1080,19,30,45
2891,2,2,1,1229,20,5.43,1229,20,34,85
2892,2,2,1,1016,34,4.25,1016,34,61,119
2893,2,2,1,828,42,5.74,828,42,46,107
2894,2,2,1,1098,27,5.47,1098,27,39,88
2895,2,2,1,951,40,3.53,951,40,59,113
2896,2,2,1,1064,33,4.49,1064,33,41,107
2897,2,7,0,893,35,4.72,893,35,50,88
2898,2,2,1,958,59,4.36,958,59,73,137
2899,2,2,1,1296,47,5.09,1296,47,58,126
2900,2,2,1,1381,41,4.6,1381,41,39,84
2901,2,2,1,1288,43,6.62,1288,43,48,99
2902,2,0,0,1183,30,5.03,1183,30,27,65
2903,2,2,1,1242,41,5.89,1242,41,62,122
2904,2,2,1,1248,46,4.77,1248,46,53,114
2905,2,2,1,1122,35,4.95,1122,35,55,122
2906,2,2,1,1077,51,4.32,1077,51,66,119
2907,2,2,1,1202,40,4.19,1202,40,51,112
2908,2,2,1,1259,37,5.31,1259,37,45,89
2909,2,2,1,1285,52,4.88,1285,52,84,141
2910,2,2,1,1113,46,5.29,1113,46,53,118
2911,2,2,1,1240,54,4.58,1240,54,74,142
2912,2,2,1,1222,37,4.42,1222,37,58,119
2913,2,2,1,1309,50,4.64,1309,50,58,128
2914,2,2,1,1391,42,5.11,1391,42,51,112
2915,2,2,1,1169,41,5.08,1169,41,56,117
2916,2,2,1,1009,54,4.01,1009,54,69,143
2917,2,2,1,1254,43,4.48,1254,43,65,119
2918,2,2,1,1214,57,4.26,1214,57,72,145
2919,2,2,1,1048,45,4.22,1048,45,71,133
2920,2,2,1,1085,35,4.06,1085,35,49,99
2921,2,2,1,1036,44,4.3,1036,44,50,117
2922,2,2,1,1189,47,4.44,1189,47,61,112
2923,2,2,1,1188,42,6.5,1188,42,59,116
2924,2,2,1,1124,52,5.47,1124,52,74,137
2925,2,2,1,1204,60,5.33,1204,60,82,141
2926,2,2,1,1135,55,4.35,1135,55,57,120
2927,2,2,1,1033,52,4.55,1033,52,75,122
2928,2,2,1,1182,62,4.44,1182,62,71,139
2929,2,2,1,1254,49,5.15,1254,49,55,104
2930,2,2,1,1063,61,4.84,1063,61,95,156
2931,2,2,1,1252,51,7.06,1252,51,69,136
2932,2,2,1,985,49,4.96,985,49,83,150
2933,2,2,1,1063,41,3.88,1063,41,68,125
2934,2,2,1,1054,39,4.02,1054,39,64,117
2935,2,2,1,1040,30,4.17,1040,30,54,114
2936,2,2,1,909,59,4.71,909,59,75,141
2937,2,2,1,1107,31,5.46,1107,31,74,138
2938,2,2,1,1119,42,5.04,1119,42,62,142
2939,2,2,1,1002,44,4.17,1002,44,67,108
2940,2,2,1,931,50,4.92,931,50,87,153
2941,2,2,1,989,52,4.11,989,52,76,130
2942,2,2,1,1085,53,4.3,1085,53,69,131
2943,2,2,1,1161,30,3.81,1161,30,43,77
2944,2,2,1,1059,44,5.26,1059,44,84,144
2945,2,2,1,1130,78,4.76,1130,78,83,143
2946,2,2,1,841,31,4.42,841,31,45,88
2947,2,2,1,995,65,4.14,995,65,78,130
2948,2,2,1,1064,45,5.01,1064,45,75,131
2949,2,2,1,1096,46,4.4,1096,46,85,152
2950,2,2,1,1058,53,4.89,1058,53,86,143
2951,2,2,1,973,58,4.45,973,58,80,154
2952,2,2,1,1017,59,5.98,1017,59,78,138
2953,2,2,1,1097,29,7.07,1097,29,60,114
2954,2,2,1,800,48,4.16,800,48,43,68
2955,2,2,1,841,59,3.98,841,59,66,123
2956,2,2,1,923,63,4.18,923,63,58,120
2957,2,1,0,1030,27,4.01,1030,27,28,96
2958,2,3,0,867,22,4.68,867,22,20,77
2959,2,2,1,882,43,4.56,882,43,29,58
2960,2,2,1,1074,44,4.56,1074,44,62,129
2961,2,2,1,896,36,4.69,896,36,40,98
2962,2,2,1,846,51,4.22,846,51,83,142
2963,2,2,1,1042,55,4.9,1042,55,84,140
2964,2,2,1,1201,44,4.91,1201,44,60,115
2965,2,2,1,994,47,4.2,994,47,69,131
2966,2,2,1,966,51,3.84,966,51,86,141
2967,2,2,1,606,35,2.98,606,35,46,109
2968,2,2,1,903,46,3.78,903,46,73,134
2969,2,2,1,1060,53,4.05,1060,53,83,133
2970,2,2,1,733,44,3.26,733,44,43,109
2971,2,2,1,1194,42,4.49,1194,42,60,111
2972,2,2,1,1073,39,4.61,1073,39,63,113
2973,2,2,1,1014,39,4.54,1014,39,66,124
2974,2,2,1,996,34,3.81,996,34,53,126
2975,2,2,1,937,39,4.33,937,39,54,107
2976,2,2,1,826,32,4.1,826,32,63,119
2977,2,2,1,1162,37,4.7,1162,37,50,100
2978,2,2,1,1088,41,3.75,1088,41,59,107
2979,2,2,1,959,48,3.97,959,48,71,121
2980,2,2,1,952,36,3.98,952,36,70,130
2981,2,2,1,1114,18,4.2,1114,18,31,80
2982,2,2,1,1016,32,5.44,1016,32,48,103
2983,2,2,1,1067,32,4.61,1067,32,47,117
2984,2,2,1,1142,47,5.39,1142,47,64,136
2985,2,2,1,922,50,3.77,922,50,68,129
2986,2,2,1,1026,38,4.42,1026,38,60,134
2987,2,2,1,1318,41,4.45,1318,41,60,112
2988,2,2,1,949,35,4.3,949,35,65,123
2989,2,2,1,1239,43,5.36,1239,43,52,105
2990,2,2,1,1089,47,3.77,1089,47,54,106
2991,2,2,1,1250,51,7.31,1250,51,62,120
2992,2,2,1,1101,46,4.7,1101,46,70,120
2993,2,2,1,1023,68,5.98,1023,68,71,133
2994,2,2,1,1203,53,4.5,1203,53,83,147
2995,2,2,1,1028,70,3.6,1028,70,72,109
2996,2,2,1,989,56,3.75,989,56,78,151
2997,2,2,1,963,51,3.5,963,51,63,116
2998,2,2,1,1002,60,3.73,1002,60,61,122
2999,2,2,1,884,64,4.29,884,64,70,124
3000,2,2,1,748,42,4.63,748,42,44,89
3001,2,2,1,1018,65,6.19,1018,65,76,130
3002,2,2,1,1223,42,6.68,1223,42,61,123
3003,2,2,1,1046,69,4.01,1046,69,77,130
3004,2,2,1,1372,49,5.17,1372,49,63,132
3005,2,2,1,1160,56,4.27,1160,56,79,117
3006,2,2,1,1202,31,4.18,1202,31,42,86
3007,2,2,1,1231,50,4.88,1231,50,57,111
3008,2,2,1,1062,45,3.94,1062,45,73,140
3009,2,2,1,1398,34,5.01,1398,34,35,80
3010,2,2,1,1048,63,5.47,1048,63,96,155
3011,2,2,1,1229,37,5.11,1229,37,41,84
3012,2,2,1,1262,30,4.57,1262,30,40,83
3013,2,2,1,1240,47,4.28,1240,47,59,119
3014,2,2,1,1066,52,6.16,1066,52,70,136
3015,2,2,1,1203,59,4.42,1203,59,73,132
3016,2,2,1,978,55,4.2,978,55,63,135
3017,2,2,1,1000,50,4.6,1000,50,70,135
3018,2,2,1,1108,51,3.94,1108,51,68,111
3019,2,2,1,1104,70,4.99,1104,70,70,112
3020,2,2,1,1098,56,5.08,1098,56,78,146
3021,2,2,1,1250,54,5.15,1250,54,61,127
3022,2,2,1,1004,70,4.27,1004,70,82,146
3023,2,2,1,972,67,4.01,972,67,82,145
3024,2,2,1,1072,78,4.61,1072,78,79,132
3025,2,2,1,1100,46,5.22,1100,46,58,106
3026,2,2,1,1098,67,5.19,1098,67,69,133
3027,2,2,1,1107,63,4.45,1107,63,67,126
3028,2,2,1,1240,57,4.27,1240,57,70,124
3029,2,2,1,1085,48,4.65,1085,48,76,146
3030,2,2,1,1122,39,4.03,1122,39,53,99
3031,2,2,1,1292,38,4.61,1292,38,58,119
3032,2,2,1,1205,53,7.58,1205,53,76,128
3033,2,2,1,1201,36,5.01,1201,36,58,108
3034,2,2,1,1058,42,5.48,1058,42,58,109
3035,2,2,1,1126,39,4.66,1126,39,62,129
3036,2,2,1,1248,32,4.48,1248,32,44,104
3037,2,2,1,1082,47,4.62,1082,47,54,107
3038,2,2,1,1398,56,5.55,1398,56,68,119
3039,2,2,1,1261,16,5.1,1261,16,33,69
3040,2,2,1,1156,52,5.05,1156,52,66,122
3041,2,2,1,1306,42,6.37,1306,42,57,132
3042,2,2,1,1168,46,4.35,1168,46,60,114
3043,2,2,1,1157,47,4.69,1157,47,59,107
3044,2,2,1,1151,47,4.09,1151,47,62,110
3045,2,2,1,1286,50,5.65,1286,50,65,116
3046,2,2,1,1205,45,4.59,1205,45,66,130
3047,2,2,1,1094,40,4.17,1094,40,62,112
3048,2,2,1,1427,38,4.86,1427,38,54,105
3049,2,8,0,1531,28,5.33,1531,28,39,104
3050,2,2,1,1205,37,4.39,1205,37,65,114
3051,2,2,1,1545,38,5.05,1545,38,52,104
3052,2,3,0,1354,48,5.52,1354,48,48,128
3053,2,2,1,1500,24,4.97,1500,24,30,56
3054,2,2,1,1103,72,4.36,1103,72,74,140
3055,2,2,1,1155,40,4.93,1155,40,51,103
3056,2,2,1,1215,58,4.12,1215,58,55,128
3057,2,2,1,1002,53,3.72,1002,53,67,127
3058,2,2,1,1003,68,4.43,1003,68,71,116
3059,2,2,1,1337,62,4.7,1337,62,71,135
3060,2,2,1,1168,49,4.33,1168,49,53,110
3061,2,2,1,1486,50,7.71,1486,50,66,129
3062,2,2,1,1361,51,5.5,1361,51,53,106
3063,2,2,1,1151,54,3.8,1151,54,46,97
3064,2,2,1,1308,71,5.25,1308,71,77,129
3065,2,2,1,1074,62,3.73,1074,62,55,107
3066,2,2,1,1297,64,5.95,1297,64,77,131
3067,2,2,1,912,43,3.49,912,43,39,84
3068,2,2,1,1383,48,4.9,1383,48,64,124
3069,2,2,1,1215,44,5.99,1215,44,62,114
3070,2,2,1,1410,55,5.2,1410,55,65,100
3071,2,2,1,1229,26,4.75,1229,26,49,105
3072,2,2,1,1239,31,5.18,1239,31,63,116
3073,2,2,1,1267,39,4.57,1267,39,46,126
3074,2,2,1,1318,51,4.48,1318,51,54,114
3075,2,2,1,1466,34,4.85,1466,34,45,81
3076,2,2,1,880,52,3.94,880,52,73,108
3077,2,2,1,949,31,5.83,949,31,53,117
3078,2,2,1,823,37,3.65,823,37,52,106
3079,2,2,1,968,33,4.14,968,33,53,109
3080,2,2,1,784,33,3.61,784,33,63,115
3081,2,2,1,866,44,5.06,866,44,51,110
3082,2,2,1,1069,27,5.22,1069,27,25,45
3083,2,2,1,754,43,4.45,754,43,59,108
3084,2,2,1,1042,37,3.74,1042,37,49,119
3085,2,2,1,1086,36,4.59,1086,36,47,98
3086,2,2,1,1447,40,6.59,1447,40,52,112
3087,2,2,1,1236,66,4.93,1236,66,85,152
3088,2,2,1,1139,50,4.2,1139,50,71,130
3089,2,2,1,1132,62,4.22,1132,62,53,118
3090,2,2,1,1040,43,4.58,1040,43,77,133
3091,2,2,1,678,48,6.0,678,48,37,93
3092,2,7,0,732,39,3.44,732,39,72,119
3093,2,2,1,1160,44,4.63,1160,44,75,139
3094,2,2,1,1086,46,4.17,1086,46,63,115
3095,2,2,1,920,48,3.65,920,48,86,139
3096,2,2,1,1250,65,5.17,1250,65,72,136
3097,2,2,1,904,64,3.6,904,64,79,124
3098,2,2,1,1051,63,4.62,1051,63,65,119
3099,2,2,1,1190,57,6.64,1190,57,66,118
3100,2,2,1,1033,64,4.5,1033,64,90,144
3101,2,2,1,1044,42,5.23,1044,42,61,127
3102,2,2,1,1319,23,4.81,1319,23,26,54
3103,2,2,1,1173,53,4.54,1173,53,86,151
3104,2,2,1,1059,53,5.31,1059,53,71,142
3105,2,2,1,1200,56,6.8,1200,56,64,118
3106,2,2,1,1181,41,4.57,1181,41,52,99
3107,2,2,1,879,30,4.98,879,30,69,124
3108,2,2,1,1095,49,5.96,1095,49,82,144
3109,2,2,1,1038,53,3.73,1038,53,67,123
3110,2,2,1,1042,34,4.61,1042,34,45,87
3111,2,2,1,1044,53,4.12,1044,53,69,109
3112,2,2,1,1034,64,3.83,1034,64,82,136
3113,2,7,0,1010,28,4.32,1010,28,49,100
3114,2,2,1,863,43,5.37,863,43,45,83
3115,2,2,1,1032,53,3.82,1032,53,61,112
3116,2,1,0,628,29,2.88,628,29,45,104
3117,2,2,1,911,40,4.37,911,40,59,107
3118,2,2,1,1055,57,3.74,1055,57,63,105
3119,2,3,0,1148,36,4.38,1148,36,32,88
3120,2,3,0,1017,47,3.53,1017,47,56,119
3121,2,2,1,1234,39,4.55,1234,39,50,118
3122,2,0,0,1284,47,4.65,1284,47,63,140
3123,2,3,0,1318,20,4.31,1318,20,26,99
3124,2,0,0,1372,23,5.43,1372,23,38,79
3125,2,2,1,1179,31,5.34,1179,31,38,84
3126,2,2,1,1208,42,4.24,1208,42,41,97
3127,2,8,0,948,30,4.51,948,30,34,118
3128,2,2,1,1127,37,4.44,1127,37,45,99
3129,2,8,0,1022,20,4.91,1022,20,30,108
3130,2,7,0,748,50,3.66,748,50,66,118
3131,2,3,0,925,43,3.79,925,43,69,117
3132,2,2,1,990,38,4.11,990,38,41,94
3133,2,3,0,1122,39,4.11,1122,39,36,103
3134,2,8,0,1048,35,4.35,1048,35,37,99
3135,2,3,0,856,47,4.58,856,47,46,116
3136,2,3,0,946,31,5.45,946,31,38,116
3137,2,8,0,1081,24,5.35,1081,24,23,58
3138,2,2,1,1051,24,5.41,1051,24,21,50
3139,2,3,0,1150,28,4.71,1150,28,58,114
3140,2,2,1,1367,26,4.96,1367,26,52,107
3141,2,2,1,1371,27,6.57,1371,27,47,92
3142,2,2,1,1499,24,4.95,1499,24,22,52
3143,2,2,1,1006,32,3.98,1006,32,50,100
3144,2,2,1,1661,31,5.05,1661,31,43,92
3145,2,2,1,1005,36,3.79,1005,36,54,119
3146,2,2,1,1219,55,4.93,1219,55,61,119
3147,3,3,1,1237,24,4.36,1237,24,35,98
3148,3,3,1,890,42,4.33,890,42,60,150
3149,3,3,1,947,47,4.47,947,47,69,164
3150,3,3,1,648,42,3.74,648,42,73,146
3151,3,3,1,1302,38,4.54,1302,38,47,102
3152,3,3,1,835,37,5.37,835,37,45,108
3153,3,3,1,984,38,3.56,984,38,46,131
3154,3,3,1,767,45,4.13,767,45,62,141
3155,3,3,1,1035,39,4.1,1035,39,54,136
3156,3,3,1,1019,47,4.22,1019,47,54,128
3157,3,3,1,830,41,4.38,830,41,53,120
3158,3,3,1,705,44,3.31,705,44,47,132
3159,3,3,1,956,48,4.33,956,48,41,99
3160,3,3,1,882,52,3.86,882,52,67,128
3161,3,3,1,916,51,3.89,916,51,52,133
3162,3,3,1,454,38,3.43,454,38,62,116
3163,3,3,1,1178,45,3.96,1178,45,52,113
3164,3,3,1,678,44,5.68,678,44,68,153
3165,3,3,1,648,42,3.46,648,42,58,133
3166,3,3,1,982,55,4.83,982,55,62,135
3167,3,3,1,793,46,3.29,793,46,81,164
3168,3,3,1,676,46,4.81,676,46,62,134
3169,3,6,0,863,26,3.5,863,26,38,80
3170,3,3,1,1075,54,5.11,1075,54,64,155
3171,3,3,1,791,59,4.15,791,59,76,137
3172,3,3,1,774,42,4.09,774,42,58,139
3173,3,3,1,1150,47,4.1,1150,47,46,106
3174,3,3,1,853,53,4.1,853,53,66,162
3175,3,3,1,913,54,3.64,913,54,66,155
3176,3,3,1,790,53,3.94,790,53,55,152
3177,3,3,1,1101,38,4.94,1101,38,58,165
3178,3,3,1,793,50,3.73,793,50,45,96
3179,3,3,1,870,42,4.18,870,42,44,123
3180,3,7,0,830,48,3.77,830,48,49,67
3181,3,3,1,1026,48,3.77,1026,48,56,135
3182,3,3,1,1286,42,4.16,1286,42,59,134
3183,3,3,1,1003,49,3.93,1003,49,60,139
3184,3,3,1,1273,51,5.16,1273,51,53,110
3185,3,3,1,999,41,3.89,999,41,63,146
3186,3,3,1,1387,39,4.85,1387,39,56,92
3187,3,3,1,859,45,3.51,859,45,51,111
3188,3,3,1,1092,42,4.12,1092,42,48,116
3189,3,3,1,1101,51,3.78,1101,51,46,109
3190,3,3,1,1150,41,3.96,1150,41,37,96
3191,3,3,1,1414,65,5.69,1414,65,62,148
3192,3,3,1,1149,53,6.15,1149,53,74,174
3193,3,3,1,989,35,4.32,989,35,53,126
3194,3,3,1,834,26,4.85,834,26,32,98
3195,3,9,0,657,24,4.11,657,24,25,76
3196,3,3,1,1007,43,4.37,1007,43,50,134
3197,3,3,1,985,53,4.7,985,53,53,126
3198,3,2,0,1030,35,4.19,1030,35,34,101
3199,3,3,1,733,40,3.77,733,40,72,124
3200,3,3,1,861,39,3.45,861,39,52,124
3201,3,3,1,868,41,3.63,868,41,45,98
3202,3,3,1,1001,50,3.98,1001,50,62,134
3203,3,3,1,937,55,3.55,937,55,65,142
3204,3,3,1,1040,47,4.24,1040,47,67,164
3205,3,3,1,930,38,3.83,930,38,51,138
3206,3,8,0,1037,25,3.89,1037,25,37,115
3207,3,3,1,1265,59,4.59,1265,59,64,140
3208,3,3,1,1022,38,3.55,1022,38,38,115
3209,3,3,1,514,43,3.1,514,43,50,123
3210,3,9,0,833,42,3.8,833,42,56,132
3211,3,3,1,1078,48,3.89,1078,48,54,112
3212,3,3,1,1400,50,4.95,1400,50,55,131
3213,3,3,1,1111,48,4.33,1111,48,51,122
3214,3,3,1,645,47,4.22,645,47,58,149
3215,3,3,1,1189,48,4.22,1189,48,59,135
3216,3,3,1,664,30,3.74,664,30,52,143
3217,3,3,1,834,46,3.7,834,46,59,146
3218,3,3,1,928,39,3.66,928,39,63,166
3219,3,3,1,752,37,3.39,752,37,48,119
3220,3,3,1,954,46,5.23,954,46,53,128
3221,3,3,1,730,40,3.59,730,40,58,132
3222,3,3,1,962,41,3.61,962,41,47,133
3223,3,3,1,968,37,4.22,968,37,45,127
3224,3,3,1,1090,60,3.79,1090,60,64,128
3225,3,3,1,1157,53,4.95,1157,53,47,126
3226,3,3,1,1383,44,4.55,1383,44,48,107
3227,3,3,1,598,29,2.89,598,29,66,89
3228,3,3,1,1196,39,4.83,1196,39,62,120
3229,3,3,1,1297,54,4.45,1297,54,69,173
3230,3,3,1,1017,57,3.75,1017,57,70,142
3231,3,3,1,905,52,3.45,905,52,59,142
3232,3,3,1,904,55,3.9,904,55,76,152
3233,3,3,1,1104,53,4.23,1104,53,65,152
3234,3,3,1,942,38,4.89,942,38,51,134
3235,3,3,1,1150,57,4.3,1150,57,61,138
3236,3,3,1,1003,52,3.87,1003,52,60,148
3237,3,3,1,823,34,3.85,823,34,59,139
3238,3,3,1,592,50,3.15,592,50,52,124
3239,3,3,1,969,46,4.41,969,46,61,137
3240,3,3,1,936,48,4.95,936,48,68,145
3241,3,3,1,1193,37,4.66,1193,37,47,107
3242,3,3,1,1344,55,5.4,1344,55,63,157
3243,3,3,1,1346,52,4.79,1346,52,55,125
3244,3,3,1,1167,45,4.55,1167,45,60,144
3245,3,3,1,962,52,4.4,962,52,66,134
3246,3,3,1,1074,52,3.95,1074,52,56,142
3247,3,8,0,1103,43,4.48,1103,43,46,115
3248,3,3,1,758,39,3.87,758,39,43,134
3249,3,3,1,1070,35,3.75,1070,35,40,116
3250,3,3,1,804,44,4.03,804,44,75,136
3251,3,8,0,875,39,3.84,875,39,60,168
3252,3,3,1,901,39,3.79,901,39,29,110
3253,3,3,1,1331,49,5.0,1331,49,47,129
3254,3,3,1,893,47,4.11,893,47,51,129
3255,3,3,1,1375,35,4.43,1375,35,45,125
3256,3,3,1,928,45,3.66,928,45,54,141
3257,3,9,0,745,40,3.81,745,40,43,94
3258,3,3,1,795,42,3.45,795,42,46,121
3259,3,3,1,931,39,4.38,931,39,49,136
3260,3,3,1,1221,41,4.0,1221,41,54,127
3261,3,3,1,760,37,3.51,760,37,30,94
3262,3,3,1,791,37,3.82,791,37,66,149
3263,3,3,1,802,51,4.29,802,51,71,155
3264,3,3,1,736,45,4.25,736,45,55,124
3265,3,3,1,1367,47,4.62,1367,47,62,142
3266,3,3,1,1006,23,3.65,1006,23,32,91
3267,3,3,1,883,35,3.34,883,35,30,96
3268,3,6,0,1280,19,5.02,1280,19,31,80
3269,3,3,1,1151,53,5.09,1151,53,60,140
3270,3,3,1,1103,51,4.19,1103,51,63,143
3271,3,3,1,829,28,3.14,829,28,41,118
3272,3,3,1,1057,40,4.28,1057,40,52,137
3273,3,8,0,951,25,3.8,951,25,28,68
3274,3,3,1,898,58,3.95,898,58,68,158
3275,3,3,1,818,19,3.39,818,19,36,132
3276,3,3,1,772,33,3.41,772,33,43,129
3277,3,3,1,801,36,3.68,801,36,53,132
3278,3,3,1,928,36,3.96,928,36,30,89
3279,3,3,1,1131,49,4.42,1131,49,62,147
3280,3,3,1,1110,47,4.93,1110,47,59,149
3281,3,5,0,704,44,3.48,704,44,57,102
3282,3,3,1,1323,41,5.43,1323,41,65,162
3283,3,3,1,882,39,3.76,882,39,54,138
3284,3,3,1,708,44,3.31,708,44,60,132
3285,3,3,1,899,31,3.43,899,31,29,96
3286,3,3,1,1031,36,3.54,1031,36,51,136
3287,3,3,1,988,43,4.35,988,43,40,100
3288,3,3,1,1137,47,5.43,1137,47,55,135
3289,3,3,1,900,49,4.05,900,49,55,119
3290,3,3,1,597,30,2.92,597,30,37,95
3291,3,3,1,961,36,4.76,961,36,49,134
3292,3,3,1,964,36,3.98,964,36,56,133
3293,3,3,1,1195,48,4.67,1195,48,45,103
3294,3,3,1,742,50,3.7,742,50,73,123
3295,3,3,1,619,60,3.76,619,60,87,157
3296,3,3,1,1110,46,4.89,1110,46,62,162
3297,3,3,1,983,46,4.34,983,46,54,143
3298,3,3,1,1366,40,4.75,1366,40,44,130
3299,3,3,1,1068,41,4.31,1068,41,46,123
3300,3,3,1,626,52,4.23,626,52,75,122
3301,3,3,1,692,43,3.96,692,43,52,121
3302,3,3,1,745,53,4.31,745,53,72,155
3303,3,3,1,907,50,4.22,907,50,59,133
3304,3,3,1,856,55,4.07,856,55,53,123
3305,3,3,1,828,49,4.9,828,49,70,170
3306,3,3,1,773,51,3.63,773,51,63,135
3307,3,3,1,1073,55,4.08,1073,55,68,143
3308,3,3,1,867,43,4.43,867,43,35,111
3309,3,3,1,1027,35,3.68,1027,35,37,94
3310,3,3,1,1343,28,4.26,1343,28,40,110
3311,3,3,1,995,46,4.35,995,46,58,134
3312,3,3,1,545,33,4.13,545,33,25,71
3313,3,3,1,893,55,3.56,893,55,66,141
3314,3,3,1,665,28,4.32,665,28,65,150
3315,3,3,1,1063,51,3.86,1063,51,59,122
3316,3,3,1,1114,42,5.29,1114,42,56,146
3317,3,3,1,1007,40,4.64,1007,40,34,88
3318,3,3,1,832,56,3.56,832,56,64,132
3319,3,3,1,881,46,3.59,881,46,47,117
3320,3,7,0,1064,49,5.05,1064,49,94,163
3321,3,3,1,1096,56,4.4,1096,56,58,132
3322,3,3,1,732,53,3.27,732,53,60,127
3323,3,7,0,1053,48,4.1,1053,48,59,150
3324,3,3,1,828,35,3.75,828,35,43,133
3325,3,3,1,1281,45,4.27,1281,45,57,151
3326,3,3,1,879,45,3.75,879,45,65,148
3327,3,3,1,942,46,3.5,942,46,70,139
3328,3,3,1,941,48,4.15,941,48,61,151
3329,3,3,1,645,35,3.48,645,35,52,143
3330,3,3,1,1111,40,3.84,1111,40,54,143
3331,3,3,1,988,36,4.19,988,36,29,83
3332,3,3,1,1010,42,3.89,1010,42,51,107
3333,3,3,1,639,55,3.78,639,55,40,87
3334,3,3,1,1029,45,4.2,1029,45,46,108
3335,3,3,1,1080,46,3.63,1080,46,56,135
3336,3,3,1,958,51,3.84,958,51,65,152
3337,3,3,1,1178,53,4.11,1178,53,61,152
3338,3,3,1,861,37,3.52,861,37,42,98
3339,3,3,1,882,37,3.36,882,37,58,137
3340,3,3,1,714,44,3.74,714,44,67,157
3341,3,3,1,1151,52,4.74,1151,52,72,144
3342,3,3,1,1128,52,4.34,1128,52,46,127
3343,3,3,1,1005,45,4.78,1005,45,56,117
3344,3,3,1,1037,51,3.74,1037,51,71,147
3345,3,3,1,710,39,10.4,710,39,53,126
3346,3,3,1,1154,58,4.76,1154,58,65,135
3347,3,3,1,1188,32,4.23,1188,32,42,113
3348,3,3,1,947,32,3.96,947,32,35,109
3349,3,3,1,806,38,4.52,806,38,50,134
3350,3,3,1,1231,44,3.95,1231,44,59,154
3351,3,3,1,836,44,5.28,836,44,68,139
3352,3,3,1,1154,55,4.4,1154,55,57,132
3353,3,3,1,814,54,3.34,814,54,59,134
3354,3,3,1,866,30,4.69,866,30,36,128
3355,3,3,1,705,36,3.06,705,36,40,98
3356,3,3,1,1001,40,3.94,1001,40,44,105
3357,3,3,1,757,35,4.09,757,35,55,124
3358,3,3,1,1304,48,6.68,1304,48,51,122
3359,3,3,1,857,50,4.55,857,50,67,140
3360,3,3,1,1196,53,4.86,1196,53,63,158
3361,3,3,1,1095,50,4.23,1095,50,62,142
3362,3,3,1,1275,43,6.27,1275,43,62,151
3363,3,3,1,1120,36,4.79,1120,36,40,124
3364,3,3,1,932,43,3.42,932,43,44,117
3365,3,3,1,1118,56,4.49,1118,56,40,115
3366,3,3,1,938,57,4.4,938,57,64,142
3367,3,3,1,902,40,4.82,902,40,39,96
3368,3,3,1,1182,39,4.41,1182,39,48,128
3369,3,9,0,726,33,3.89,726,33,63,121
3370,3,3,1,928,63,4.03,928,63,63,136
3371,3,3,1,1222,46,5.0,1222,46,51,134
3372,3,3,1,1136,44,3.99,1136,44,55,123
3373,3,3,1,1023,22,3.86,1023,22,45,86
3374,3,3,1,755,41,4.59,755,41,49,120
3375,3,3,1,1085,40,3.79,1085,40,63,134
3376,3,3,1,1306,41,4.73,1306,41,42,115
3377,3,3,1,1122,47,4.06,1122,47,53,124
3378,3,3,1,793,40,4.22,793,40,56,133
3379,3,3,1,682,38,3.65,682,38,58,138
3380,3,3,1,942,43,4.45,942,43,64,125
3381,3,3,1,1043,52,4.49,1043,52,52,137
3382,3,3,1,903,52,3.53,903,52,72,147
3383,3,2,0,1181,37,4.91,1181,37,46,91
3384,3,3,1,989,42,3.98,989,42,61,145
3385,3,3,1,863,36,3.57,863,36,39,110
3386,3,3,1,1115,45,4.85,1115,45,37,77
3387,3,3,1,837,34,6.37,837,34,51,142
3388,3,3,1,992,36,4.14,992,36,48,152
3389,3,3,1,629,35,3.47,629,35,47,128
3390,3,3,1,1142,62,5.0,1142,62,66,122
3391,3,3,1,800,38,4.29,800,38,61,157
3392,3,3,1,959,42,3.96,959,42,59,134
3393,3,3,1,966,64,4.62,966,64,71,125
3394,3,3,1,1062,38,4.93,1062,38,40,119
3395,3,3,1,704,58,3.78,704,58,80,163
3396,3,3,1,983,45,4.19,983,45,59,154
3397,3,3,1,1139,56,4.99,1139,56,74,135
3398,3,3,1,726,44,3.25,726,44,51,118
3399,3,3,1,804,47,3.45,804,47,48,123
3400,3,3,1,709,43,3.46,709,43,53,152
3401,3,3,1,989,55,3.81,989,55,70,147
3402,3,3,1,1099,60,4.06,1099,60,49,106
3403,3,3,1,941,37,5.1,941,37,51,153
3404,3,3,1,980,42,3.68,980,42,60,143
3405,3,3,1,557,42,3.88,557,42,64,152
3406,3,8,0,1059,36,4.86,1059,36,35,99
3407,3,3,1,885,45,3.42,885,45,51,135
3408,3,3,1,1022,41,3.5,1022,41,32,98
3409,3,3,1,1010,56,4.05,1010,56,80,175
3410,3,3,1,845,60,3.54,845,60,41,65
3411,3,3,1,789,37,4.81,789,37,44,128
3412,3,3,1,1001,49,3.74,1001,49,54,141
3413,3,3,1,1044,45,4.45,1044,45,52,139
3414,3,3,1,986,42,3.9,986,42,47,123
3415,3,3,1,997,41,3.75,997,41,62,145
3416,3,3,1,1042,50,4.01,1042,50,70,171
3417,3,3,1,889,43,3.57,889,43,68,131
3418,3,3,1,701,38,3.83,701,38,47,131
3419,3,3,1,921,41,3.79,921,41,37,108
3420,3,3,1,1235,53,4.97,1235,53,61,133
3421,3,3,1,883,50,4.09,883,50,66,143
3422,3,3,1,1100,42,5.09,1100,42,63,163
3423,3,3,1,701,51,3.64,701,51,78,188
3424,3,3,1,1096,36,4.37,1096,36,48,119
3425,3,3,1,670,32,4.11,670,32,39,85
3426,3,2,0,842,33,4.13,842,33,36,100
3427,3,3,1,768,32,3.42,768,32,31,119
3428,3,3,1,871,52,4.93,871,52,68,146
3429,3,3,1,1030,36,5.5,1030,36,58,151
3430,3,3,1,1031,50,4.79,1031,50,48,126
3431,3,3,1,863,43,3.7,863,43,45,111
3432,3,3,1,1074,44,4.67,1074,44,48,119
3433,3,3,1,858,44,4.4,858,44,60,126
3434,3,3,1,864,53,3.51,864,53,67,149
3435,3,8,0,1077,22,5.12,1077,22,19,60
3436,3,3,1,855,39,3.61,855,39,47,158
3437,3,3,1,1149,50,4.58,1149,50,60,142
3438,3,3,1,938,30,4.67,938,30,48,110
3439,3,3,1,1004,62,3.77,1004,62,69,158
3440,3,3,1,823,54,3.9,823,54,67,143
3441,3,3,1,848,42,4.37,848,42,57,144
3442,3,8,0,990,30,4.59,990,30,26,100
3443,3,3,1,975,42,4.34,975,42,57,136
3444,3,3,1,901,33,3.34,901,33,38,84
3445,3,3,1,1227,36,4.04,1227,36,41,108
3446,3,3,1,818,52,3.59,818,52,60,139
3447,3,3,1,1192,54,4.62,1192,54,63,139
3448,3,3,1,1109,34,4.41,1109,34,45,125
3449,3,3,1,842,31,3.62,842,31,52,145
3450,3,0,0,940,51,4.65,940,51,59,109
3451,3,3,1,794,46,4.14,794,46,56,142
3452,3,2,0,1115,42,4.95,1115,42,53,112
3453,3,8,0,797,38,3.12,797,38,51,130
3454,3,3,1,620,25,4.29,620,25,34,72
3455,3,3,1,1086,49,4.43,1086,49,67,121
3456,3,3,1,893,23,3.5,893,23,22,58
3457,3,3,1,1197,45,4.16,1197,45,48,129
3458,3,3,1,876,50,4.28,876,50,60,138
3459,3,3,1,602,39,3.36,602,39,54,143
3460,3,3,1,637,28,3.69,637,28,34,154
3461,3,3,1,776,52,3.59,776,52,63,154
3462,3,3,1,773,44,4.7,773,44,65,149
3463,3,3,1,859,38,4.09,859,38,49,138
3464,3,3,1,1170,48,4.34,1170,48,50,135
3465,3,3,1,1091,54,4.1,1091,54,67,146
3466,3,3,1,853,37,3.41,853,37,58,141
3467,3,3,1,1004,45,4.22,1004,45,53,155
3468,3,3,1,452,32,4.0,452,32,24,71
3469,3,3,1,945,48,4.59,945,48,65,156
3470,3,3,1,879,44,4.01,879,44,57,121
3471,3,3,1,1179,47,4.6,1179,47,60,139
3472,3,3,1,1058,39,3.89,1058,39,45,127
3473,3,3,1,656,52,3.13,656,52,70,157
3474,3,3,1,767,44,3.91,767,44,64,152
3475,3,3,1,860,37,3.56,860,37,32,89
3476,3,3,1,908,44,3.6,908,44,62,135
3477,3,3,1,1353,50,4.93,1353,50,46,90
3478,3,3,1,1080,34,4.86,1080,34,48,99
3479,3,3,1,838,46,3.83,838,46,67,148
3480,3,3,1,967,53,5.49,967,53,62,142
3481,3,3,1,655,24,3.46,655,24,31,116
3482,3,3,1,1054,35,4.38,1054,35,31,103
3483,3,3,1,527,31,3.45,527,31,49,109
3484,3,3,1,735,46,4.5,735,46,59,129
3485,3,3,1,928,34,4.08,928,34,27,90
3486,3,3,1,1187,53,4.47,1187,53,69,152
3487,3,3,1,1195,46,4.97,1195,46,54,137
3488,3,3,1,916,34,4.09,916,34,43,109
3489,3,3,1,1002,44,3.41,1002,44,51,121
3490,3,3,1,754,34,3.65,754,34,42,112
3491,3,3,1,866,31,3.78,866,31,36,123
3492,3,3,1,1519,31,5.27,1519,31,30,70
3493,3,3,1,900,42,3.61,900,42,66,156
3494,3,2,0,1051,55,3.73,1051,55,55,125
3495,3,3,1,882,59,4.75,882,59,67,152
3496,3,3,1,790,44,4.03,790,44,63,125
3497,3,8,0,766,30,3.69,766,30,17,61
3498,3,3,1,851,43,3.33,851,43,51,116
3499,3,3,1,836,42,3.88,836,42,61,146
3500,3,3,1,1197,42,5.46,1197,42,58,139
3501,3,3,1,757,33,8.92,757,33,47,117
3502,3,3,1,1064,41,3.76,1064,41,49,107
3503,3,2,0,945,55,4.08,945,55,39,103
3504,3,3,1,989,58,4.38,989,58,59,126
3505,3,8,0,1228,28,4.54,1228,28,24,96
3506,3,3,1,1172,45,3.93,1172,45,59,147
3507,3,7,0,780,42,4.05,780,42,59,132
3508,3,3,1,593,33,4.19,593,33,35,97
3509,3,3,1,1173,45,3.96,1173,45,44,122
3510,3,3,1,1035,53,4.95,1035,53,68,151
3511,3,3,1,969,51,5.01,969,51,73,165
3512,3,3,1,1011,54,4.04,1011,54,66,145
3513,3,3,1,1169,57,4.39,1169,57,64,142
3514,3,3,1,912,54,3.9,912,54,63,138
3515,3,3,1,989,44,3.66,989,44,56,137
3516,3,3,1,911,43,4.18,911,43,59,160
3517,3,3,1,909,45,3.65,909,45,44,105
3518,3,3,1,995,20,3.67,995,20,21,102
3519,3,3,1,1178,55,4.28,1178,55,68,148
3520,3,3,1,1358,44,4.86,1358,44,64,144
3521,3,3,1,1108,44,4.99,1108,44,66,156
3522,3,3,1,1107,52,5.23,1107,52,57,138
3523,3,3,1,979,39,4.1,979,39,45,114
3524,3,3,1,1142,44,3.99,1142,44,41,108
3525,3,3,1,729,33,4.14,729,33,43,113
3526,3,3,1,753,41,3.76,753,41,39,125
3527,3,3,1,1028,49,3.92,1028,49,52,144
3528,3,3,1,851,45,4.84,851,45,60,124
3529,3,3,1,913,49,3.93,913,49,50,113
3530,3,3,1,396,24,3.3,396,24,34,128
3531,3,3,1,1229,47,4.4,1229,47,58,129
3532,3,3,1,791,29,3.57,791,29,22,79
3533,3,3,1,990,34,3.57,990,34,45,113
3534,3,3,1,1080,40,4.39,1080,40,59,134
3535,3,8,0,920,32,3.62,920,32,32,118
3536,3,0,0,819,38,3.27,819,38,35,77
3537,3,3,1,951,31,3.6,951,31,35,86
3538,3,3,1,1196,42,4.71,1196,42,54,121
3539,3,3,1,839,30,4.05,839,30,34,112
3540,3,3,1,804,54,4.2,804,54,75,167
3541,3,3,1,969,41,3.85,969,41,32,101
3542,3,3,1,868,39,4.05,868,39,44,109
3543,3,3,1,764,30,3.8,764,30,42,136
3544,3,3,1,1170,49,5.18,1170,49,72,142
3545,3,3,1,1048,35,4.16,1048,35,36,116
3546,3,3,1,774,40,3.52,774,40,46,130
3547,3,3,1,1026,40,3.51,1026,40,46,107
3548,3,3,1,1083,58,4.39,1083,58,57,140
3549,3,3,1,1028,32,4.22,1028,32,48,134
3550,3,2,0,1293,42,4.99,1293,42,40,105
3551,3,3,1,1186,40,4.53,1186,40,57,160
3552,3,3,1,1331,44,5.09,1331,44,69,150
3553,3,3,1,705,32,3.54,705,32,40,110
3554,3,3,1,1003,38,5.22,1003,38,65,154
3555,3,3,1,1048,47,4.36,1048,47,55,136
3556,3,3,1,861,48,3.72,861,48,64,151
3557,3,2,0,964,38,4.33,964,38,57,130
3558,3,3,1,956,49,4.18,956,49,55,120
3559,3,3,1,1128,41,4.19,1128,41,43,101
3560,3,3,1,746,37,3.71,746,37,44,100
3561,3,3,1,1100,45,5.01,1100,45,66,157
3562,3,3,1,1031,44,3.87,1031,44,52,140
3563,3,3,1,801,41,3.23,801,41,48,140
3564,3,3,1,696,60,3.82,696,60,71,142
3565,3,3,1,846,56,3.44,846,56,52,139
3566,3,3,1,885,34,3.93,885,34,53,147
3567,3,3,1,1295,41,4.65,1295,41,37,106
3568,3,3,1,1309,48,4.49,1309,48,56,134
3569,3,3,1,1106,45,4.36,1106,45,67,151
3570,3,3,1,1103,40,4.26,1103,40,59,133
3571,3,3,1,1219,44,4.94,1219,44,61,155
3572,3,3,1,1109,46,4.01,1109,46,55,139
3573,3,3,1,819,36,4.23,819,36,51,129
3574,3,3,1,967,68,4.01,967,68,80,137
3575,3,3,1,946,39,4.89,946,39,41,117
3576,3,3,1,901,36,3.81,901,36,50,148
3577,3,3,1,867,51,4.0,867,51,64,139
3578,3,3,1,1056,58,4.08,1056,58,64,145
3579,3,7,0,843,33,3.59,843,33,43,84
3580,3,3,1,845,56,3.79,845,56,78,169
3581,3,8,0,1036,30,5.4,1036,30,29,75
3582,3,3,1,1133,51,4.29,1133,51,54,130
3583,3,3,1,718,41,3.65,718,41,44,131
3584,3,3,1,864,53,3.52,864,53,46,122
3585,3,3,1,971,51,4.34,971,51,65,152
3586,3,3,1,950,67,4.83,950,67,72,145
3587,3,3,1,1178,39,4.61,1178,39,52,118
3588,3,3,1,1278,45,4.65,1278,45,46,118
3589,3,3,1,1145,51,5.71,1145,51,64,151
3590,3,7,0,645,31,3.64,645,31,59,93
3591,3,3,1,710,52,3.13,710,52,55,113
3592,3,8,0,479,50,3.51,479,50,62,140
3593,3,3,1,600,47,3.59,600,47,60,151
3594,3,3,1,796,39,3.63,796,39,67,151
3595,3,3,1,773,25,4.36,773,25,48,117
3596,3,3,1,1183,51,3.99,1183,51,56,137
3597,3,3,1,724,37,3.32,724,37,44,113
3598,3,3,1,996,37,3.48,996,37,51,132
3599,3,3,1,1124,46,5.38,1124,46,58,142
3600,3,3,1,1139,51,4.29,1139,51,65,135
3601,3,3,1,980,45,3.65,980,45,37,102
3602,3,3,1,1055,50,5.07,1055,50,71,162
3603,3,3,1,1145,44,4.0,1145,44,53,122
3604,3,3,1,1261,36,5.23,1261,36,41,87
3605,3,3,1,967,50,4.93,967,50,63,137
3606,3,3,1,780,53,3.55,780,53,71,136
3607,3,3,1,1008,55,4.37,1008,55,63,136
3608,3,3,1,915,33,3.92,915,33,33,95
3609,3,3,1,896,40,4.07,896,40,64,149
3610,3,3,1,1307,57,4.78,1307,57,59,136
3611,3,3,1,457,34,2.65,457,34,38,98
3612,3,3,1,987,39,4.9,987,39,54,123
3613,3,3,1,1230,53,4.71,1230,53,59,124
3614,3,3,1,804,44,3.95,804,44,51,139
3615,3,3,1,906,33,5.08,906,33,43,120
3616,3,3,1,867,41,4.54,867,41,43,110
3617,3,3,1,1418,41,5.15,1418,41,49,127
3618,3,3,1,1125,49,4.13,1125,49,74,165
3619,3,3,1,917,51,3.66,917,51,61,142
3620,3,3,1,768,39,4.23,768,39,42,114
3621,3,3,1,697,43,4.01,697,43,48,90
3622,3,3,1,599,35,3.39,599,35,39,113
3623,3,3,1,1052,52,4.06,1052,52,41,117
3624,3,3,1,909,51,4.06,909,51,59,149
3625,3,3,1,920,42,3.53,920,42,73,148
3626,3,8,0,1094,30,3.77,1094,30,26,110
3627,3,3,1,558,40,3.79,558,40,42,123
3628,3,3,1,611,43,3.28,611,43,57,143
3629,3,8,0,1039,34,4.93,1039,34,30,84
3630,3,3,1,1079,46,4.11,1079,46,50,126
3631,3,2,0,1562,27,4.87,1562,27,39,96
3632,3,3,1,764,43,3.47,764,43,49,104
3633,3,3,1,835,37,3.24,835,37,31,94
3634,3,3,1,1341,45,4.13,1341,45,48,123
3635,3,3,1,879,46,3.67,879,46,44,109
3636,3,3,1,882,33,4.43,882,33,46,156
3637,3,3,1,1056,53,4.0,1056,53,57,129
3638,3,3,1,1192,46,5.05,1192,46,50,131
3639,3,3,1,660,40,3.21,660,40,55,135
3640,3,3,1,1061,38,4.42,1061,38,50,117
3641,3,3,1,712,47,3.15,712,47,57,111
3642,3,3,1,1255,45,5.11,1255,45,59,146
3643,3,3,1,1281,53,5.65,1281,53,57,137
3644,3,3,1,1024,48,3.77,1024,48,45,128
3645,3,8,0,658,28,4.05,658,28,42,118
3646,3,3,1,941,51,4.62,941,51,56,136
3647,3,3,1,1032,40,3.69,1032,40,42,127
3648,3,3,1,965,59,3.76,965,59,72,148
3649,3,3,1,1111,46,4.58,1111,46,50,146
3650,3,3,1,1053,33,4.15,1053,33,51,131
3651,3,3,1,1200,29,4.56,1200,29,55,126
3652,3,3,1,1444,28,5.45,1444,28,43,117
3653,3,3,1,924,37,4.13,924,37,33,74
3654,3,8,0,1062,24,4.06,1062,24,17,53
3655,3,3,1,970,46,4.77,970,46,72,153
3656,3,3,1,1151,20,4.57,1151,20,34,115
3657,3,8,0,1082,19,5.33,1082,19,33,95
3658,3,3,1,1216,30,4.42,1216,30,43,106
3659,3,3,1,1044,35,4.47,1044,35,54,118
3660,3,3,1,1378,48,4.33,1378,48,53,141
3661,3,3,1,1173,57,4.54,1173,57,77,173
3662,3,3,1,1196,48,4.63,1196,48,38,101
3663,3,3,1,1085,48,3.98,1085,48,51,148
3664,3,3,1,1042,43,3.68,1042,43,29,87
3665,3,3,1,1096,47,3.82,1096,47,41,119
3666,3,3,1,1025,43,3.81,1025,43,39,115
3667,3,3,1,944,38,3.46,944,38,46,130
3668,3,3,1,1172,45,4.53,1172,45,52,130
3669,3,3,1,1130,41,4.1,1130,41,42,110
3670,3,3,1,902,54,4.41,902,54,49,106
3671,3,3,1,811,50,3.54,811,50,47,116
3672,3,3,1,922,49,4.54,922,49,61,155
3673,3,3,1,1183,53,5.91,1183,53,66,137
3674,3,3,1,1272,49,4.46,1272,49,53,132
3675,3,3,1,1245,49,4.2,1245,49,64,158
3676,3,3,1,1188,55,6.31,1188,55,72,170
3677,3,3,1,1189,48,6.11,1189,48,62,146
3678,3,3,1,1066,50,3.73,1066,50,63,139
3679,3,3,1,953,44,4.24,953,44,59,143
3680,3,3,1,1072,48,4.44,1072,48,39,113
3681,3,3,1,956,39,4.15,956,39,54,144
3682,3,3,1,1105,54,4.74,1105,54,62,144
3683,3,3,1,961,42,3.87,961,42,54,130
3684,3,3,1,1000,47,3.79,1000,47,44,127
3685,3,3,1,1147,56,4.67,1147,56,70,165
3686,3,3,1,1403,41,6.59,1403,41,53,137
3687,3,3,1,1241,36,4.51,1241,36,41,110
3688,3,3,1,892,35,3.92,892,35,55,159
3689,3,3,1,1275,44,4.87,1275,44,56,129
3690,3,3,1,1124,34,4.32,1124,34,50,122
3691,3,3,1,1307,43,4.85,1307,43,56,109
3692,3,3,1,1103,41,5.23,1103,41,54,118
3693,3,3,1,1316,32,5.56,1316,32,31,96
3694,3,3,1,1232,39,6.15,1232,39,56,120
3695,3,3,1,1084,51,5.53,1084,51,55,136
3696,3,3,1,1227,62,4.41,1227,62,69,135
3697,3,3,1,1448,47,5.02,1448,47,43,118
3698,3,3,1,1172,41,4.43,1172,41,48,120
3699,3,3,1,1351,46,5.07,1351,46,53,121
3700,3,3,1,1195,46,4.59,1195,46,50,116
3701,3,3,1,1192,31,4.22,1192,31,47,145
3702,3,3,1,1212,54,4.33,1212,54,54,131
3703,3,3,1,963,49,4.26,963,49,54,127
3704,3,3,1,1026,52,5.12,1026,52,54,118
3705,3,3,1,1161,54,4.24,1161,54,69,132
3706,3,3,1,1003,67,3.83,1003,67,61,117
3707,3,3,1,1053,54,3.88,1053,54,73,176
3708,3,3,1,1126,55,4.1,1126,55,57,133
3709,3,3,1,1252,45,4.54,1252,45,61,154
3710,3,3,1,1073,44,3.74,1073,44,51,123
3711,3,3,1,1079,49,3.74,1079,49,60,123
3712,3,3,1,1040,41,4.47,1040,41,53,138
3713,3,3,1,857,46,3.77,857,46,55,132
3714,3,3,1,1044,40,3.97,1044,40,47,126
3715,3,3,1,1057,57,5.11,1057,57,62,149
3716,3,3,1,1137,47,3.88,1137,47,51,132
3717,3,7,0,751,42,6.62,751,42,62,113
3718,3,3,1,1025,47,3.77,1025,47,55,134
3719,3,3,1,1093,42,3.92,1093,42,42,123
3720,3,3,1,1129,45,4.87,1129,45,56,129
3721,3,3,1,1013,48,3.76,1013,48,55,135
3722,3,3,1,1022,40,3.83,1022,40,42,98
3723,3,3,1,893,51,4.19,893,51,59,123
3724,3,3,1,982,50,4.29,982,50,65,139
3725,3,3,1,1190,54,5.14,1190,54,53,110
3726,3,3,1,1070,45,3.97,1070,45,50,108
3727,3,3,1,1033,49,4.35,1033,49,58,136
3728,3,9,0,813,42,3.49,813,42,33,81
3729,3,3,1,954,30,4.45,954,30,24,62
3730,3,3,1,1352,53,5.31,1352,53,61,134
3731,3,3,1,1122,54,4.45,1122,54,64,131
3732,3,3,1,1021,48,4.06,1021,48,61,155
3733,3,3,1,1309,35,3.94,1309,35,22,55
3734,3,3,1,860,48,3.67,860,48,70,155
3735,3,3,1,896,36,4.33,896,36,43,134
3736,3,3,1,1103,53,3.99,1103,53,60,138
3737,3,3,1,887,32,3.4,887,32,43,131
3738,3,3,1,931,33,5.08,931,33,57,147
3739,3,3,1,966,22,4.61,966,22,34,103
3740,3,8,0,1167,18,3.85,1167,18,34,118
3741,3,8,0,1080,23,4.61,1080,23,37,139
3742,3,3,1,942,35,4.26,942,35,54,126
3743,3,5,0,988,29,3.62,988,29,35,73
3744,3,8,0,807,20,3.27,807,20,17,80
3745,3,3,1,1139,36,4.54,1139,36,40,102
3746,3,3,1,1000,35,4.75,1000,35,52,120
3747,3,8,0,1067,28,3.97,1067,28,22,75
3748,3,3,1,1077,34,4.45,1077,34,34,104
3749,3,8,0,949,18,3.6,949,18,29,106
3750,3,3,1,967,41,4.48,967,41,54,128
3751,3,8,0,1144,28,4.3,1144,28,40,129
3752,3,3,1,1301,36,4.76,1301,36,39,114
3753,3,3,1,1257,38,4.22,1257,38,37,121
3754,3,3,1,1123,45,4.0,1123,45,47,145
3755,3,3,1,1346,38,4.73,1346,38,33,111
3756,3,3,1,1268,38,4.43,1268,38,39,125
3757,3,8,0,1192,29,4.49,1192,29,30,114
3758,3,3,1,1386,42,4.56,1386,42,46,136
3759,3,3,1,1251,43,4.6,1251,43,38,110
3760,3,3,1,1384,35,4.57,1384,35,31,102
3761,3,3,1,1359,28,4.52,1359,28,33,102
3762,3,3,1,1197,35,5.57,1197,35,44,131
3763,3,3,1,1147,38,4.14,1147,38,40,131
3764,3,3,1,1198,43,3.92,1198,43,56,134
3765,3,3,1,1093,45,5.12,1093,45,50,138
3766,3,3,1,1077,47,4.21,1077,47,57,136
3767,3,3,1,1216,51,4.76,1216,51,63,147
3768,3,3,1,1041,47,4.85,1041,47,43,108
3769,3,3,1,1189,40,3.94,1189,40,51,108
3770,3,3,1,1240,43,4.38,1240,43,45,121
3771,3,3,1,1323,51,4.86,1323,51,48,122
3772,3,3,1,1320,50,5.29,1320,50,57,139
3773,3,3,1,1176,41,4.2,1176,41,57,144
3774,3,3,1,1197,55,5.15,1197,55,69,152
3775,3,8,0,1058,32,5.65,1058,32,14,67
3776,3,3,1,985,44,4.94,985,44,61,145
3777,3,3,1,1013,44,3.99,1013,44,61,138
3778,3,3,1,1351,38,4.3,1351,38,36,88
3779,3,3,1,1096,41,4.5,1096,41,51,129
3780,3,3,1,1089,43,4.02,1089,43,43,95
3781,3,3,1,1147,41,4.23,1147,41,47,129
3782,3,3,1,894,40,3.5,894,40,43,110
3783,3,3,1,939,54,4.58,939,54,67,145
3784,3,3,1,1149,48,4.08,1149,48,57,139
3785,3,3,1,1344,48,4.82,1344,48,55,129
3786,3,3,1,1122,59,5.03,1122,59,69,145
3787,3,3,1,840,40,3.19,840,40,75,125
3788,3,8,0,1153,29,4.87,1153,29,24,91
3789,3,3,1,1160,46,4.72,1160,46,63,154
3790,3,3,1,1210,60,4.61,1210,60,75,158
3791,3,3,1,1058,34,3.68,1058,34,40,136
3792,3,3,1,1148,33,3.97,1148,33,53,134
3793,3,3,1,1351,54,4.87,1351,54,60,128
3794,3,3,1,1325,39,4.44,1325,39,46,128
3795,3,3,1,1248,40,4.29,1248,40,45,130
3796,3,3,1,1255,34,4.62,1255,34,45,115
3797,3,3,1,1103,40,5.22,1103,40,43,120
3798,3,3,1,1370,35,4.46,1370,35,50,123
3799,3,3,1,1089,44,4.15,1089,44,50,107
3800,3,3,1,969,41,4.28,969,41,34,110
3801,3,3,1,847,28,3.95,847,28,38,88
3802,3,3,1,802,51,3.84,802,51,58,136
3803,3,3,1,713,39,3.66,713,39,42,113
3804,3,3,1,464,41,3.62,464,41,60,144
3805,3,9,0,382,34,3.03,382,34,51,127
3806,3,1,0,504,38,2.97,504,38,40,62
3807,3,4,0,593,43,3.49,593,43,34,63
3808,3,3,1,588,47,3.57,588,47,40,103
3809,3,3,1,843,32,4.03,843,32,24,77
3810,3,3,1,1234,33,4.28,1234,33,40,101
3811,3,3,1,1277,40,4.45,1277,40,51,126
3812,3,3,1,1312,29,4.65,1312,29,44,96
3813,3,3,1,1350,34,4.55,1350,34,38,98
3814,3,3,1,1464,50,4.61,1464,50,56,127
3815,3,3,1,1047,37,4.09,1047,37,63,140
3816,3,3,1,1528,39,4.68,1528,39,44,115
3817,3,3,1,1146,33,4.34,1146,33,35,116
3818,3,3,1,1142,49,5.89,1142,49,47,126
3819,3,3,1,1096,29,4.59,1096,29,46,107
3820,3,3,1,1282,48,4.62,1282,48,53,134
3821,3,3,1,1212,52,4.01,1212,52,57,147
3822,3,3,1,1163,31,3.96,1163,31,37,91
3823,3,3,1,1098,51,3.79,1098,51,67,161
3824,3,3,1,1125,31,5.98,1125,31,44,112
3825,3,3,1,1416,38,5.59,1416,38,58,116
3826,3,3,1,993,33,3.91,993,33,54,119
3827,3,3,1,1464,47,5.33,1464,47,38,103
3828,3,3,1,1007,51,5.23,1007,51,68,130
3829,3,3,1,831,52,4.16,831,52,66,146
3830,3,3,1,1001,50,4.23,1001,50,69,147
3831,3,3,1,990,44,4.16,990,44,62,133
3832,3,3,1,914,44,4.34,914,44,55,129
3833,3,3,1,854,50,3.63,854,50,53,109
3834,3,3,1,869,55,4.62,869,55,50,109
3835,3,3,1,907,48,4.46,907,48,60,145
3836,3,3,1,1001,57,4.65,1001,57,59,142
3837,3,3,1,934,52,4.11,934,52,71,144
3838,3,3,1,730,50,4.11,730,50,67,153
3839,3,3,1,978,52,4.77,978,52,64,151
3840,3,3,1,860,56,4.42,860,56,72,155
3841,3,3,1,942,27,4.59,942,27,39,91
3842,3,3,1,893,34,3.92,893,34,54,125
3843,3,3,1,1146,30,4.36,1146,30,40,105
3844,3,3,1,1077,45,4.56,1077,45,53,123
3845,3,3,1,1142,44,3.8,1142,44,57,146
3846,3,3,1,1194,36,4.1,1194,36,40,95
3847,3,3,1,1002,50,4.02,1002,50,50,131
3848,3,3,1,1202,41,4.44,1202,41,53,133
3849,3,3,1,1173,44,3.95,1173,44,53,126
3850,3,3,1,1019,33,3.94,1019,33,36,90
3851,3,3,1,1034,60,4.33,1034,60,67,147
3852,3,3,1,1306,57,6.76,1306,57,63,150
3853,3,3,1,1331,37,6.01,1331,37,48,115
3854,3,3,1,970,48,4.05,970,48,32,94
3855,3,3,1,819,47,3.85,819,47,56,156
3856,3,3,1,1209,48,4.54,1209,48,55,132
3857,3,3,1,900,41,3.82,900,41,36,79
3858,3,3,1,916,53,4.64,916,53,44,106
3859,3,3,1,950,35,4.14,950,35,23,84
3860,3,7,0,1276,48,4.8,1276,48,72,125
3861,3,3,1,1174,44,4.12,1174,44,41,119
3862,3,8,0,981,35,4.67,981,35,31,93
3863,3,3,1,1031,47,4.32,1031,47,49,125
3864,3,3,1,927,50,5.12,927,50,65,149
3865,3,3,1,835,43,3.7,835,43,39,109
3866,3,7,0,937,46,3.49,937,46,44,113
3867,3,3,1,1090,46,3.84,1090,46,61,142
3868,3,3,1,1127,54,3.85,1127,54,55,130
3869,3,3,1,1308,35,5.2,1308,35,46,110
3870,3,3,1,1095,36,3.88,1095,36,54,139
3871,3,3,1,1252,44,4.59,1252,44,50,114
3872,3,3,1,1264,52,4.6,1264,52,60,153
3873,3,3,1,1364,53,5.38,1364,53,53,115
3874,3,7,0,1011,38,3.92,1011,38,51,92
3875,3,3,1,982,33,3.73,982,33,31,104
3876,3,3,1,1243,47,4.53,1243,47,60,151
3877,3,3,1,1313,35,4.13,1313,35,38,88
3878,3,3,1,1311,53,5.16,1311,53,51,115
3879,3,3,1,917,37,3.6,917,37,30,89
3880,3,3,1,948,33,4.59,948,33,50,129
3881,3,3,1,957,41,3.4,957,41,51,126
3882,3,3,1,1047,43,5.13,1047,43,38,104
3883,3,3,1,1102,42,4.68,1102,42,41,115
3884,3,3,1,1150,44,4.49,1150,44,54,113
3885,3,3,1,1188,46,4.09,1188,46,39,109
3886,3,8,0,1029,25,4.02,1029,25,21,57
3887,3,3,1,901,27,3.5,901,27,21,76
3888,3,3,1,1101,34,3.69,1101,34,22,85
3889,3,3,1,1087,37,4.55,1087,37,49,136
3890,3,3,1,1040,37,4.99,1040,37,52,131
3891,3,3,1,1016,38,4.14,1016,38,71,159
3892,3,3,1,1072,51,4.5,1072,51,56,158
3893,3,3,1,1140,46,4.1,1140,46,64,139
3894,3,3,1,1085,45,3.93,1085,45,54,129
3895,3,3,1,1184,46,4.61,1184,46,51,129
3896,3,8,0,1105,29,4.13,1105,29,37,120
3897,3,3,1,1033,49,3.87,1033,49,44,110
3898,3,3,1,1208,54,5.14,1208,54,63,143
3899,3,3,1,897,37,3.64,897,37,48,117
3900,3,3,1,953,43,3.41,953,43,45,109
3901,3,3,1,1015,45,4.23,1015,45,46,113
3902,3,3,1,1069,42,4.8,1069,42,66,151
3903,3,3,1,1251,40,3.93,1251,40,51,124
3904,3,3,1,1173,42,4.02,1173,42,51,108
3905,3,3,1,1184,44,4.24,1184,44,47,115
3906,3,3,1,1273,33,6.38,1273,33,42,97
3907,3,3,1,1140,49,4.31,1140,49,53,130
3908,3,3,1,1017,52,4.43,1017,52,60,141
3909,3,3,1,1254,33,4.98,1254,33,43,109
3910,3,3,1,1180,44,4.51,1180,44,60,141
3911,3,8,0,1063,27,3.89,1063,27,29,103
3912,3,3,1,1039,37,4.18,1039,37,38,98
3913,3,3,1,1019,40,5.19,1019,40,32,93
3914,3,3,1,986,42,4.04,986,42,46,124
3915,3,3,1,1156,41,5.22,1156,41,40,108
3916,3,3,1,1069,38,3.99,1069,38,51,122
3917,3,3,1,1008,40,4.08,1008,40,44,124
3918,3,3,1,963,41,4.18,963,41,44,122
3919,3,3,1,692,44,3.36,692,44,56,143
3920,3,3,1,720,48,3.56,720,48,49,105
3921,3,3,1,685,35,3.23,685,35,51,150
3922,3,3,1,976,38,3.82,976,38,49,129
3923,3,3,1,917,46,3.81,917,46,49,139
3924,3,3,1,1089,48,4.11,1089,48,49,117
3925,3,3,1,1167,54,4.43,1167,54,62,122
3926,3,3,1,1187,44,4.67,1187,44,58,133
3927,3,3,1,1117,53,4.13,1117,53,63,113
3928,3,3,1,1085,34,4.43,1085,34,54,134
3929,3,3,1,1247,44,4.52,1247,44,57,120
3930,3,2,0,1354,64,4.93,1354,64,85,159
3931,3,3,1,1003,50,4.76,1003,50,70,158
3932,3,2,0,1204,61,4.61,1204,61,78,132
3933,3,3,1,1122,48,4.09,1122,48,41,93
3934,3,3,1,1171,59,3.97,1171,59,72,154
3935,3,3,1,1055,51,3.83,1055,51,46,102
3936,3,2,0,927,26,4.49,927,26,34,94
3937,3,2,0,1197,29,4.91,1197,29,29,75
3938,3,3,1,1071,30,4.44,1071,30,29,82
3939,3,3,1,1095,45,3.73,1095,45,45,95
3940,3,2,0,1243,21,5.75,1243,21,17,53
3941,3,3,1,1238,52,4.65,1238,52,55,130
3942,3,3,1,982,41,4.75,982,41,47,130
3943,3,3,1,1175,40,3.91,1175,40,57,139
3944,3,3,1,1249,58,5.81,1249,58,50,118
3945,3,3,1,1363,58,6.36,1363,58,57,138
3946,3,3,1,1249,59,5.21,1249,59,76,162
3947,3,3,1,1112,58,4.22,1112,58,57,130
3948,3,3,1,1332,56,5.16,1332,56,64,141
3949,3,3,1,1159,58,3.82,1159,58,65,142
3950,3,3,1,1285,31,4.25,1285,31,59,143
3951,3,3,1,1132,48,4.86,1132,48,64,147
3952,3,3,1,1340,62,5.07,1340,62,68,147
3953,3,3,1,1239,43,4.62,1239,43,60,136
3954,3,3,1,1227,45,3.99,1227,45,58,120
3955,3,3,1,886,45,4.81,886,45,42,119
3956,3,3,1,1085,51,4.2,1085,51,66,148
3957,3,3,1,995,51,4.34,995,51,57,134
3958,3,3,1,1033,37,5.13,1033,37,49,140
3959,3,4,0,1084,36,3.98,1084,36,33,97
3960,3,3,1,1141,36,4.68,1141,36,33,101
3961,3,3,1,1099,45,3.66,1099,45,58,148
3962,3,3,1,1523,46,5.94,1523,46,45,123
3963,3,3,1,1154,42,3.96,1154,42,44,118
3964,3,8,0,1364,34,4.71,1364,34,21,87
3965,3,3,1,1567,39,5.3,1567,39,36,108
3966,3,3,1,1222,50,4.0,1222,50,52,130
3967,3,3,1,1223,49,4.63,1223,49,57,143
3968,3,3,1,1478,43,5.46,1478,43,46,117
3969,3,3,1,1187,33,5.67,1187,33,44,104
3970,3,3,1,1375,49,4.66,1375,49,61,146
3971,3,3,1,1141,49,4.02,1141,49,47,118
3972,3,3,1,1296,38,5.87,1296,38,40,106
3973,3,8,0,1217,32,5.44,1217,32,56,122
3974,3,3,1,1431,30,4.64,1431,30,31,123
3975,3,3,1,1203,31,3.81,1203,31,48,119
3976,3,3,1,1313,47,4.49,1313,47,57,150
3977,3,3,1,1298,42,4.41,1298,42,51,146
3978,3,8,0,1235,27,4.36,1235,27,22,77
3979,3,3,1,1354,29,4.75,1354,29,39,123
3980,3,8,0,1233,30,4.81,1233,30,21,79
3981,3,8,0,1211,21,5.1,1211,21,31,114
3982,3,8,0,1124,24,5.14,1124,24,35,125
3983,3,3,1,1147,57,5.3,1147,57,68,157
3984,3,3,1,1413,34,5.04,1413,34,52,156
3985,3,3,1,1163,49,5.0,1163,49,62,142
3986,3,3,1,1134,43,4.98,1134,43,51,133
3987,3,3,1,1247,46,4.31,1247,46,72,157
3988,3,3,1,1283,54,4.38,1283,54,66,147
3989,3,3,1,1219,31,4.01,1219,31,37,126
3990,3,3,1,1153,40,4.07,1153,40,53,137
3991,3,0,0,1154,60,4.35,1154,60,62,143
3992,3,3,1,1439,56,5.75,1439,56,54,124
3993,3,3,1,1193,45,4.48,1193,45,49,130
3994,3,3,1,1114,42,3.92,1114,42,44,85
3995,3,3,1,1073,49,3.82,1073,49,51,134
3996,3,3,1,1375,39,5.34,1375,39,38,122
3997,3,3,1,1020,34,4.97,1020,34,52,124
3998,3,3,1,923,47,3.66,923,47,55,136
3999,3,3,1,963,55,3.72,963,55,64,149
4000,3,3,1,1053,49,4.68,1053,49,57,133
4001,3,3,1,1076,51,4.19,1076,51,63,138
4002,3,3,1,985,39,4.23,985,39,43,117
4003,3,3,1,1027,39,4.16,1027,39,57,131
4004,3,3,1,899,45,4.76,899,45,64,133
4005,3,3,1,970,65,3.98,970,65,45,99
4006,3,3,1,1185,53,4.0,1185,53,67,145
4007,3,3,1,910,53,4.65,910,53,58,146
4008,3,3,1,1353,55,4.61,1353,55,53,122
4009,3,3,1,1399,48,5.03,1399,48,40,103
4010,3,3,1,1441,52,4.72,1441,52,52,111
4011,3,3,1,1045,49,4.77,1045,49,56,146
4012,3,3,1,1059,41,3.6,1059,41,36,105
4013,3,3,1,1084,39,3.96,1084,39,40,113
4014,3,3,1,1276,43,4.65,1276,43,59,132
4015,3,3,1,1053,40,4.59,1053,40,43,126
4016,3,3,1,1108,58,4.93,1108,58,67,142
4017,3,3,1,1091,58,4.31,1091,58,63,152
4018,3,3,1,1236,51,5.93,1236,51,50,118
4019,3,3,1,969,37,4.79,969,37,43,103
4020,3,3,1,1092,36,4.79,1092,36,37,113
4021,3,3,1,1026,35,4.03,1026,35,61,140
4022,3,3,1,1101,43,4.39,1101,43,53,133
4023,3,3,1,1061,54,3.86,1061,54,65,141
4024,3,3,1,1072,53,3.99,1072,53,60,140
4025,3,3,1,990,43,4.81,990,43,47,102
4026,3,3,1,1192,55,4.07,1192,55,74,149
4027,3,3,1,970,52,3.86,970,52,76,159
4028,3,3,1,1075,50,3.99,1075,50,67,144
4029,3,3,1,1114,53,4.19,1114,53,55,140
4030,3,3,1,1106,49,5.74,1106,49,57,129
4031,3,3,1,930,38,4.16,930,38,59,135
4032,3,3,1,1204,53,4.98,1204,53,55,127
4033,3,3,1,1058,54,3.91,1058,54,69,141
4034,3,3,1,1371,47,6.42,1371,47,63,149
4035,3,3,1,1159,51,5.45,1159,51,59,135
4036,3,3,1,1275,55,6.13,1275,55,71,146
4037,3,3,1,1227,59,4.39,1227,59,58,142
4038,3,3,1,1290,53,4.51,1290,53,64,143
4039,3,3,1,1079,51,5.48,1079,51,64,150
4040,3,3,1,1000,55,4.14,1000,55,71,170
4041,3,3,1,1167,50,4.2,1167,50,63,159
4042,3,3,1,1026,48,4.41,1026,48,57,146
4043,3,3,1,1128,54,4.07,1128,54,67,158
4044,3,3,1,1044,49,4.64,1044,49,57,124
4045,3,3,1,1196,47,4.28,1196,47,61,145
4046,3,3,1,1075,31,5.02,1075,31,51,117
4047,3,3,1,1013,42,4.23,1013,42,58,109
4048,3,3,1,1198,54,4.58,1198,54,62,150
4049,3,8,0,936,24,5.44,936,24,18,78
4050,3,3,1,1210,41,4.4,1210,41,51,133
4051,3,3,1,1413,37,5.31,1413,37,53,126
4052,3,3,1,1299,43,4.31,1299,43,65,130
4053,3,3,1,1262,34,4.77,1262,34,42,114
4054,3,3,1,1063,35,3.79,1063,35,40,91
4055,3,8,0,1412,37,5.59,1412,37,42,143
4056,3,3,1,1237,36,4.69,1237,36,41,114
4057,3,3,1,1518,28,4.83,1518,28,38,103
4058,3,3,1,1140,40,4.4,1140,40,46,147
4059,3,3,1,1223,39,9.17,1223,39,49,127
4060,3,3,1,1287,50,5.91,1287,50,59,146
4061,3,3,1,1173,41,3.98,1173,41,42,103
4062,3,3,1,1084,40,4.32,1084,40,31,87
4063,3,3,1,1242,55,4.52,1242,55,62,140
4064,3,3,1,1112,44,3.86,1112,44,60,147
4065,3,3,1,1394,58,4.46,1394,58,53,135
4066,3,3,1,1174,46,3.86,1174,46,51,119
4067,3,3,1,1313,59,4.5,1313,59,60,141
4068,3,3,1,995,61,4.01,995,61,80,165
4069,3,3,1,1390,53,5.42,1390,53,47,120
4070,3,3,1,1299,38,5.26,1299,38,42,113
4071,3,3,1,1115,56,4.23,1115,56,69,142
4072,3,3,1,1156,46,4.32,1156,46,46,126
4073,3,3,1,1186,25,8.23,1186,25,25,93
4074,3,3,1,1389,39,4.93,1389,39,51,124
4075,3,3,1,1119,35,4.25,1119,35,43,118
4076,3,3,1,1320,21,5.07,1320,21,33,82
4077,3,3,1,1253,36,5.38,1253,36,46,123
4078,3,3,1,1208,38,6.54,1208,38,51,132
4079,3,3,1,1168,40,4.88,1168,40,47,108
4080,3,3,1,1124,39,4.4,1124,39,51,127
4081,3,3,1,1335,37,4.91,1335,37,51,134
4082,3,3,1,1309,38,4.85,1309,38,43,99
4083,3,3,1,1225,42,5.15,1225,42,56,124
4084,3,3,1,757,53,4.13,757,53,68,144
4085,3,3,1,633,47,2.8,633,47,54,135
4086,3,3,1,839,50,4.53,839,50,66,158
4087,3,3,1,619,53,3.31,619,53,56,118
4088,3,3,1,834,55,3.47,834,55,71,149
4089,3,3,1,730,63,3.21,730,63,57,99
4090,3,3,1,789,54,3.98,789,54,62,139
4091,3,3,1,861,40,3.86,861,40,54,132
4092,3,3,1,1136,38,4.41,1136,38,46,127
4093,3,3,1,1014,40,4.26,1014,40,43,101
4094,3,3,1,1240,51,5.09,1240,51,44,104
4095,3,3,1,1400,43,4.48,1400,43,48,132
4096,3,3,1,1171,39,5.39,1171,39,42,129
4097,3,3,1,1120,48,4.92,1120,48,58,139
4098,3,3,1,965,42,6.22,965,42,45,132
4099,3,3,1,1184,51,4.65,1184,51,61,125
4100,3,3,1,1165,47,5.47,1165,47,52,119
4101,3,8,0,1138,33,4.23,1138,33,22,67
4102,3,3,1,789,47,4.13,789,47,54,128
4103,3,3,1,1072,30,4.6,1072,30,21,75
4104,3,3,1,913,46,4.51,913,46,47,120
4105,3,3,1,899,40,3.48,899,40,33,98
4106,3,3,1,1077,51,3.95,1077,51,62,140
4107,3,3,1,829,40,6.45,829,40,56,131
4108,3,3,1,921,44,3.85,921,44,45,118
4109,3,3,1,1218,38,4.15,1218,38,42,107
4110,3,3,1,1067,48,3.99,1067,48,42,126
4111,3,3,1,983,32,3.48,983,32,30,84
4112,3,3,1,1126,44,3.89,1126,44,51,127
4113,3,3,1,1109,50,4.22,1109,50,52,133
4114,3,3,1,1104,45,4.08,1104,45,50,124
4115,3,3,1,893,55,3.63,893,55,54,123
4116,3,3,1,1543,57,7.12,1543,57,71,156
4117,3,3,1,1256,36,4.28,1256,36,53,132
4118,3,3,1,1225,35,4.14,1225,35,37,109
4119,3,3,1,909,43,3.44,909,43,42,105
4120,3,3,1,995,34,3.73,995,34,39,130
4121,3,3,1,676,22,3.2,676,22,15,54
4122,3,3,1,964,40,3.82,964,40,63,140
4123,3,3,1,1099,40,5.0,1099,40,44,129
4124,3,8,0,1072,38,4.56,1072,38,53,133
4125,3,8,0,905,37,3.7,905,37,36,126
4126,3,3,1,1134,42,4.79,1134,42,69,122
4127,3,3,1,1360,52,4.41,1360,52,55,140
4128,3,3,1,1238,52,5.51,1238,52,63,150
4129,3,3,1,1140,45,4.42,1140,45,56,123
4130,3,3,1,1320,24,4.43,1320,24,35,92
4131,3,3,1,1290,51,5.2,1290,51,60,149
4132,3,3,1,974,39,4.02,974,39,59,142
4133,3,3,1,818,30,3.46,818,30,59,139
4134,3,3,1,978,45,4.07,978,45,57,133
4135,3,3,1,984,49,4.12,984,49,57,129
4136,3,3,1,974,40,4.42,974,40,59,140
4137,3,3,1,1042,46,3.94,1042,46,60,146
4138,3,3,1,942,41,3.98,942,41,60,142
4139,3,3,1,1209,48,4.16,1209,48,60,130
4140,3,3,1,916,49,4.02,916,49,50,118
4141,3,3,1,923,43,3.81,923,43,48,120
4142,3,3,1,1053,54,4.1,1053,54,54,126
4143,3,3,1,1092,51,4.31,1092,51,58,136
4144,3,3,1,749,33,3.75,749,33,48,142
4145,3,3,1,794,44,4.64,794,44,58,136
4146,3,3,1,788,37,3.45,788,37,43,125
4147,3,9,0,843,21,3.45,843,21,36,92
4148,3,3,1,963,31,3.88,963,31,37,115
4149,3,5,0,995,26,3.98,995,26,40,80
4150,3,3,1,1287,40,4.19,1287,40,48,146
4151,3,8,0,1130,30,3.58,1130,30,29,112
4152,3,8,0,1281,28,4.01,1281,28,23,99
4153,3,3,1,904,40,4.3,904,40,69,154
4154,3,3,1,965,28,3.9,965,28,40,73
4155,3,8,0,1006,35,3.77,1006,35,23,92
4156,3,3,1,995,44,4.0,995,44,60,133
4157,4,4,1,644,54,3.71,644,54,46,104
4158,4,4,1,834,34,4.41,834,34,32,84
4159,4,4,1,558,56,3.45,558,56,47,111
4160,4,4,1,500,43,3.32,500,43,46,106
4161,4,4,1,747,61,3.64,747,61,44,104
4162,4,0,0,881,59,4.37,881,59,56,128
4163,4,4,1,660,54,3.54,660,54,51,117
4164,4,4,1,814,58,3.46,814,58,42,97
4165,4,4,1,701,66,3.9,701,66,54,113
4166,4,4,1,829,66,3.45,829,66,39,101
4167,4,4,1,409,58,3.03,409,58,52,110
4168,4,4,1,799,58,3.94,799,58,53,104
4169,4,4,1,873,64,4.15,873,64,41,86
4170,4,4,1,1070,19,4.46,1070,19,34,90
4171,4,4,1,782,69,3.66,782,69,57,119
4172,4,4,1,769,54,3.97,769,54,37,80
4173,4,9,0,655,32,4.03,655,32,46,113
4174,4,4,1,510,42,3.1,510,42,54,127
4175,4,4,1,797,68,3.86,797,68,55,123
4176,4,4,1,827,39,3.93,827,39,35,73
4177,4,4,1,928,28,3.72,928,28,37,70
4178,4,4,1,574,33,3.32,574,33,46,116
4179,4,4,1,720,47,3.48,720,47,46,93
4180,4,4,1,853,64,4.64,853,64,47,106
4181,4,4,1,823,33,4.79,823,33,37,81
4182,4,4,1,575,61,4.12,575,61,49,121
4183,4,4,1,552,60,3.88,552,60,52,122
4184,4,4,1,638,58,3.28,638,58,43,98
4185,4,4,1,685,51,4.23,685,51,49,101
4186,4,4,1,494,54,3.49,494,54,49,107
4187,4,4,1,754,61,4.32,754,61,59,129
4188,4,2,0,765,36,4.56,765,36,69,138
4189,4,4,1,873,54,4.16,873,54,64,120
4190,4,4,1,684,55,3.53,684,55,45,97
4191,4,4,1,774,61,3.22,774,61,55,104
4192,4,4,1,900,63,3.82,900,63,56,114
4193,4,4,1,628,56,3.56,628,56,48,116
4194,4,4,1,634,33,3.94,634,33,42,118
4195,4,4,1,668,44,3.83,668,44,42,104
4196,4,4,1,754,48,3.75,754,48,55,127
4197,4,4,1,686,37,3.58,686,37,42,96
4198,4,4,1,747,78,3.47,747,78,52,113
4199,4,4,1,555,60,3.27,555,60,43,68
4200,4,4,1,727,62,3.74,727,62,57,112
4201,4,4,1,642,61,4.81,642,61,50,120
4202,4,4,1,752,52,3.69,752,52,58,126
4203,4,4,1,869,57,4.45,869,57,49,109
4204,4,4,1,684,31,3.55,684,31,44,79
4205,4,4,1,845,48,4.21,845,48,41,94
4206,4,4,1,823,29,4.24,823,29,37,67
4207,4,4,1,550,53,3.72,550,53,41,88
4208,4,2,0,860,30,4.32,860,30,43,91
4209,4,4,1,849,72,3.39,849,72,51,109
4210,4,4,1,669,61,3.69,669,61,47,120
4211,4,8,0,501,30,3.46,501,30,15,45
4212,4,8,0,542,20,3.42,542,20,30,103
4213,4,4,1,573,49,4.27,573,49,42,107
4214,4,4,1,642,30,3.64,642,30,39,91
4215,4,4,1,782,42,3.72,782,42,47,105
4216,4,4,1,995,55,3.89,995,55,50,111
4217,4,4,1,765,65,4.35,765,65,59,127
4218,4,4,1,656,60,3.77,656,60,46,117
4219,4,4,1,701,35,3.69,701,35,48,103
4220,4,4,1,963,59,5.19,963,59,52,116
4221,4,4,1,718,41,4.17,718,41,42,113
4222,4,9,0,788,45,5.48,788,45,53,91
4223,4,4,1,454,56,3.54,454,56,49,102
4224,4,4,1,968,26,3.77,968,26,28,64
4225,4,4,1,817,54,3.55,817,54,53,121
4226,4,4,1,736,44,4.57,736,44,60,119
4227,4,4,1,632,55,3.49,632,55,55,122
4228,4,4,1,859,42,3.65,859,42,33,72
4229,4,4,1,716,60,3.52,716,60,49,99
4230,4,4,1,928,58,3.63,928,58,53,117
4231,4,4,1,738,37,3.24,738,37,32,72
4232,4,4,1,755,41,3.41,755,41,39,85
4233,4,4,1,767,54,3.85,767,54,45,88
4234,4,4,1,1016,64,4.29,1016,64,50,113
4235,4,4,1,783,58,3.76,783,58,68,122
4236,4,4,1,852,48,3.76,852,48,39,95
4237,4,9,0,591,42,3.57,591,42,40,108
4238,4,4,1,813,55,4.06,813,55,47,107
4239,4,4,1,841,59,3.68,841,59,49,137
4240,4,4,1,663,57,2.93,663,57,46,122
4241,4,4,1,646,35,4.19,646,35,34,77
4242,4,4,1,870,60,3.63,870,60,54,112
4243,4,4,1,650,54,3.64,650,54,50,100
4244,4,4,1,1010,38,3.7,1010,38,53,117
4245,4,4,1,468,57,3.83,468,57,50,101
4246,4,4,1,717,74,3.08,717,74,62,110
4247,4,4,1,672,68,4.16,672,68,52,106
4248,4,4,1,571,40,3.53,571,40,45,105
4249,4,4,1,800,44,3.86,800,44,50,112
4250,4,4,1,840,61,4.49,840,61,50,108
4251,4,4,1,695,34,5.29,695,34,39,95
4252,4,8,0,955,23,4.5,955,23,25,96
4253,4,4,1,809,63,3.62,809,63,54,115
4254,4,4,1,729,78,4.51,729,78,56,98
4255,4,9,0,646,43,4.37,646,43,58,134
4256,4,4,1,725,68,4.59,725,68,63,136
4257,4,4,1,578,43,4.64,578,43,34,89
4258,4,4,1,727,53,5.06,727,53,60,121
4259,4,4,1,796,65,4.17,796,65,60,132
4260,4,4,1,793,73,3.67,793,73,83,140
4261,4,4,1,438,63,3.31,438,63,53,103
4262,4,4,1,654,69,3.97,654,69,62,137
4263,4,4,1,436,41,3.21,436,41,32,85
4264,4,4,1,556,61,3.34,556,61,52,95
4265,4,4,1,771,35,4.52,771,35,50,106
4266,4,4,1,704,68,3.51,704,68,50,93
4267,4,4,1,975,48,3.49,975,48,42,112
4268,4,4,1,559,43,3.95,559,43,42,91
4269,4,4,1,873,48,3.55,873,48,38,81
4270,4,4,1,753,20,3.08,753,20,29,33
4271,4,4,1,649,60,3.11,649,60,50,119
4272,4,4,1,964,54,4.04,964,54,71,109
4273,4,4,1,767,41,4.25,767,41,44,93
4274,4,4,1,972,50,3.98,972,50,40,90
4275,4,4,1,917,54,3.69,917,54,48,112
4276,4,4,1,504,60,3.86,504,60,56,126
4277,4,4,1,621,50,4.0,621,50,49,113
4278,4,4,1,458,48,3.12,458,48,53,129
4279,4,4,1,738,54,3.42,738,54,54,110
4280,4,6,0,1003,30,3.54,1003,30,33,62
4281,4,4,1,663,58,3.29,663,58,45,112
4282,4,4,1,579,64,3.56,579,64,52,124
4283,4,4,1,804,38,4.29,804,38,36,78
4284,4,4,1,791,68,3.33,791,68,63,123
4285,4,4,1,668,56,4.16,668,56,48,107
4286,4,4,1,682,46,3.14,682,46,49,116
4287,4,4,1,1037,52,4.34,1037,52,59,125
4288,4,8,0,815,19,3.09,815,19,26,88
4289,4,4,1,689,60,3.19,689,60,45,103
4290,4,4,1,710,48,3.52,710,48,58,102
4291,4,4,1,793,65,3.42,793,65,51,117
4292,4,4,1,1114,16,4.68,1114,16,28,63
4293,4,4,1,735,51,4.23,735,51,55,110
4294,4,4,1,674,61,3.95,674,61,59,131
4295,4,9,0,451,32,2.7,451,32,60,127
4296,4,4,1,966,50,3.62,966,50,53,110
4297,4,4,1,845,52,4.13,845,52,49,108
4298,4,4,1,587,58,3.53,587,58,46,90
4299,4,9,0,714,37,4.41,714,37,38,102
4300,4,4,1,340,17,2.55,340,17,20,78
4301,4,4,1,464,60,3.47,464,60,42,96
4302,4,4,1,845,44,4.01,845,44,61,70
4303,4,4,1,624,57,4.43,624,57,53,98
4304,4,4,1,635,44,2.97,635,44,45,77
4305,4,4,1,645,59,3.9,645,59,46,111
4306,4,4,1,660,49,2.91,660,49,52,110
4307,4,4,1,794,42,3.47,794,42,43,101
4308,4,4,1,629,58,3.28,629,58,57,122
4309,4,4,1,688,52,3.38,688,52,39,99
4310,4,4,1,691,62,2.82,691,62,52,97
4311,4,4,1,475,28,2.96,475,28,39,97
4312,4,4,1,863,50,4.29,863,50,52,121
4313,4,4,1,821,58,3.44,821,58,54,102
4314,4,9,0,733,23,4.24,733,23,27,78
4315,4,4,1,877,74,4.91,877,74,64,130
4316,4,4,1,1011,51,4.81,1011,51,53,99
4317,4,4,1,947,49,3.77,947,49,44,88
4318,4,4,1,466,38,2.76,466,38,39,81
4319,4,9,0,581,27,3.03,581,27,43,100
4320,4,9,0,661,49,3.29,661,49,48,89
4321,4,4,1,933,58,3.75,933,58,62,129
4322,4,4,1,557,28,3.5,557,28,29,71
4323,4,4,1,904,49,4.83,904,49,48,98
4324,4,4,1,922,47,3.93,922,47,51,101
4325,4,4,1,1020,43,4.48,1020,43,42,96
4326,4,4,1,592,53,3.8,592,53,37,81
4327,4,4,1,1019,55,4.0,1019,55,56,120
4328,4,4,1,565,56,2.79,565,56,47,107
4329,4,4,1,713,41,3.29,713,41,34,81
4330,4,4,1,890,37,3.74,890,37,55,108
4331,4,4,1,512,58,2.72,512,58,47,99
4332,4,4,1,828,43,3.71,828,43,36,96
4333,4,4,1,639,47,3.15,639,47,58,132
4334,4,4,1,671,56,3.24,671,56,34,94
4335,4,4,1,1012,41,3.7,1012,41,38,90
4336,4,4,1,590,53,3.58,590,53,38,90
4337,4,4,1,669,64,2.93,669,64,51,116
4338,4,4,1,696,55,3.85,696,55,58,108
4339,4,4,1,639,53,3.42,639,53,48,112
4340,4,8,0,666,27,3.18,666,27,29,109
4341,4,4,1,798,52,3.71,798,52,49,113
4342,4,4,1,758,60,3.34,758,60,56,122
4343,4,4,1,627,49,3.65,627,49,57,130
4344,4,4,1,622,49,3.23,622,49,60,134
4345,4,4,1,816,56,3.76,816,56,48,103
4346,4,4,1,667,64,4.22,667,64,55,124
4347,4,4,1,377,41,2.97,377,41,43,106
4348,4,4,1,755,59,3.79,755,59,57,131
4349,4,4,1,1105,52,5.61,1105,52,63,130
4350,4,4,1,1025,43,3.64,1025,43,48,96
4351,4,4,1,491,51,3.06,491,51,48,120
4352,4,4,1,657,49,3.17,657,49,48,104
4353,4,4,1,766,50,4.07,766,50,40,98
4354,4,4,1,601,35,3.4,601,35,42,108
4355,4,4,1,693,37,3.33,693,37,43,113
4356,4,4,1,688,63,3.11,688,63,58,128
4357,4,4,1,646,46,3.29,646,46,38,100
4358,4,4,1,630,42,3.45,630,42,52,108
4359,4,4,1,407,48,3.32,407,48,46,105
4360,4,4,1,657,58,3.84,657,58,56,129
4361,4,4,1,756,37,4.25,756,37,32,71
4362,4,4,1,755,61,3.9,755,61,52,127
4363,4,4,1,630,38,5.77,630,38,47,128
4364,4,4,1,686,40,4.26,686,40,43,104
4365,4,4,1,598,58,3.51,598,58,54,107
4366,4,6,0,515,55,3.42,515,55,69,122
4367,4,9,0,981,30,4.08,981,30,27,77
4368,4,4,1,828,61,4.5,828,61,53,120
4369,4,4,1,508,42,2.66,508,42,44,92
4370,4,4,1,751,54,4.0,751,54,51,116
4371,4,4,1,718,49,5.0,718,49,49,111
4372,4,4,1,636,51,3.59,636,51,50,116
4373,4,4,1,651,37,3.79,651,37,32,96
4374,4,4,1,996,40,5.38,996,40,41,82
4375,4,4,1,716,55,3.33,716,55,44,116
4376,4,4,1,685,54,3.41,685,54,52,117
4377,4,4,1,467,54,3.22,467,54,55,119
4378,4,8,0,710,19,3.86,710,19,25,74
4379,4,4,1,609,66,3.37,609,66,56,127
4380,4,9,0,660,36,4.19,660,36,24,84
4381,4,4,1,941,47,4.54,941,47,49,101
4382,4,4,1,853,65,3.94,853,65,61,121
4383,4,4,1,573,37,3.16,573,37,35,102
4384,4,4,1,646,48,3.39,646,48,43,98
4385,4,4,1,667,49,3.4,667,49,64,142
4386,4,4,1,826,49,3.83,826,49,45,100
4387,4,4,1,899,47,3.49,899,47,45,99
4388,4,9,0,932,35,4.22,932,35,31,70
4389,4,4,1,968,49,3.76,968,49,47,96
4390,4,9,0,859,43,3.46,859,43,30,96
4391,4,4,1,981,49,4.66,981,49,46,112
4392,4,4,1,655,55,3.87,655,55,56,110
4393,4,4,1,806,57,3.56,806,57,52,114
4394,4,4,1,955,63,3.77,955,63,61,113
4395,4,4,1,580,41,3.28,580,41,45,103
4396,4,4,1,796,57,4.45,796,57,43,94
4397,4,4,1,744,46,3.79,744,46,48,116
4398,4,4,1,860,50,4.21,860,50,45,108
4399,4,4,1,446,51,2.93,446,51,56,115
4400,4,4,1,615,51,3.62,615,51,43,119
4401,4,4,1,752,53,4.38,752,53,55,118
4402,4,4,1,829,59,4.2,829,59,52,117
4403,4,4,1,775,57,4.04,775,57,44,113
4404,4,4,1,791,59,4.5,791,59,50,102
4405,4,4,1,635,74,3.95,635,74,63,114
4406,4,4,1,775,59,4.5,775,59,51,110
4407,4,4,1,707,49,3.2,707,49,46,103
4408,4,4,1,613,62,4.83,613,62,52,125
4409,4,4,1,1040,46,3.62,1040,46,53,103
4410,4,4,1,700,54,3.82,700,54,56,120
4411,4,4,1,827,48,4.04,827,48,55,118
4412,4,4,1,791,61,5.48,791,61,55,117
4413,4,4,1,1007,60,4.24,1007,60,51,120
4414,4,4,1,966,51,5.0,966,51,50,122
4415,4,4,1,711,67,3.66,711,67,55,121
4416,4,4,1,1226,28,5.07,1226,28,32,100
4417,4,4,1,604,57,3.83,604,57,54,114
4418,4,4,1,829,66,3.73,829,66,52,112
4419,4,4,1,718,46,3.59,718,46,44,121
4420,4,4,1,907,41,3.59,907,41,39,94
4421,4,4,1,773,58,3.93,773,58,60,121
4422,4,4,1,654,61,4.27,654,61,53,109
4423,4,2,0,939,35,4.67,939,35,45,104
4424,4,4,1,974,48,5.09,974,48,31,69
4425,4,4,1,1044,55,5.85,1044,55,55,106
4426,4,9,0,631,37,4.33,631,37,44,81
4427,4,4,1,665,41,4.16,665,41,42,113
4428,4,4,1,855,55,3.99,855,55,44,108
4429,4,4,1,882,61,3.99,882,61,58,136
4430,4,4,1,806,56,4.67,806,56,52,113
4431,4,4,1,678,58,4.13,678,58,55,136
4432,4,4,1,610,30,3.58,610,30,39,99
4433,4,9,0,577,34,3.15,577,34,44,108
4434,4,4,1,589,50,3.87,589,50,38,95
4435,4,4,1,535,39,4.6,535,39,58,105
4436,4,4,1,702,72,4.15,702,72,53,119
4437,4,4,1,782,54,6.83,782,54,53,120
4438,4,4,1,861,65,6.26,861,65,53,112
4439,4,4,1,513,58,4.73,513,58,46,94
4440,4,1,0,661,24,3.46,661,24,34,106
4441,4,1,0,612,34,4.65,612,34,36,90
4442,4,4,1,874,58,3.81,874,58,51,116
4443,4,4,1,587,40,4.98,587,40,54,113
4444,4,4,1,826,55,4.17,826,55,46,87
4445,4,4,1,656,49,4.53,656,49,44,104
4446,4,4,1,628,75,4.73,628,75,60,133
4447,4,4,1,463,71,2.74,463,71,48,96
4448,4,4,1,756,47,3.5,756,47,52,116
4449,4,4,1,774,56,4.15,774,56,37,106
4450,4,4,1,525,36,3.87,525,36,36,83
4451,4,4,1,646,20,4.33,646,20,25,59
4452,4,4,1,577,51,3.32,577,51,40,98
4453,4,4,1,509,51,2.98,509,51,62,132
4454,4,4,1,887,31,4.92,887,31,35,82
4455,4,4,1,690,53,3.71,690,53,54,126
4456,4,4,1,987,39,3.53,987,39,42,93
4457,4,4,1,682,46,4.02,682,46,50,107
4458,4,4,1,700,52,3.88,700,52,52,111
4459,4,4,1,842,34,3.57,842,34,37,82
4460,4,4,1,837,68,3.62,837,68,52,121
4461,4,4,1,693,57,4.21,693,57,45,98
4462,4,4,1,930,29,4.12,930,29,25,66
4463,4,4,1,765,67,5.17,765,67,60,124
4464,4,4,1,741,66,4.68,741,66,52,104
4465,4,4,1,826,62,5.4,826,62,54,114
4466,4,4,1,587,51,3.58,587,51,50,111
4467,4,4,1,1031,37,4.67,1031,37,49,110
4468,4,4,1,506,41,2.85,506,41,30,69
4469,4,4,1,840,26,3.52,840,26,31,97
4470,4,4,1,596,65,4.45,596,65,52,117
4471,4,4,1,856,67,4.54,856,67,56,120
4472,4,4,1,858,20,5.15,858,20,27,67
4473,4,4,1,902,55,4.07,902,55,50,110
4474,4,4,1,640,49,2.89,640,49,42,94
4475,4,4,1,713,62,3.79,713,62,50,115
4476,4,4,1,886,70,4.45,886,70,63,124
4477,4,4,1,743,71,4.56,743,71,69,126
4478,4,4,1,692,50,3.48,692,50,49,121
4479,4,4,1,1008,32,4.62,1008,32,42,75
4480,4,4,1,692,35,3.12,692,35,35,82
4481,4,4,1,851,42,4.93,851,42,38,81
4482,4,4,1,792,65,3.65,792,65,59,114
4483,4,4,1,545,46,3.35,545,46,37,90
4484,4,4,1,835,42,4.23,835,42,58,122
4485,4,4,1,646,37,3.37,646,37,48,85
4486,4,4,1,538,49,3.11,538,49,54,122
4487,4,9,0,819,44,4.67,819,44,30,66
4488,4,4,1,833,55,3.97,833,55,50,110
4489,4,4,1,862,52,5.36,862,52,64,133
4490,4,4,1,697,46,5.1,697,46,45,126
4491,4,4,1,836,51,3.59,836,51,47,106
4492,4,4,1,912,54,4.84,912,54,64,129
4493,4,4,1,887,60,4.58,887,60,51,116
4494,4,4,1,758,45,4.32,758,45,50,109
4495,4,4,1,629,47,3.76,629,47,55,126
4496,4,4,1,827,33,3.67,827,33,31,79
4497,4,4,1,625,58,4.55,625,58,54,115
4498,4,4,1,585,64,4.07,585,64,55,115
4499,4,4,1,893,60,4.3,893,60,52,116
4500,4,4,1,629,47,4.19,629,47,46,105
4501,4,4,1,589,55,4.15,589,55,61,128
4502,4,4,1,874,57,5.47,874,57,48,109
4503,4,4,1,673,58,4.46,673,58,45,99
4504,4,4,1,719,51,4.88,719,51,49,102
4505,4,9,0,852,37,3.85,852,37,49,89
4506,4,4,1,725,50,3.58,725,50,41,94
4507,4,4,1,722,52,4.46,722,52,42,103
4508,4,4,1,711,54,6.16,711,54,65,110
4509,4,7,0,1159,20,6.49,1159,20,21,60
4510,4,4,1,785,66,3.61,785,66,58,136
4511,4,4,1,592,51,4.44,592,51,51,113
4512,4,4,1,848,54,6.01,848,54,49,115
4513,4,6,0,761,47,4.71,761,47,56,131
4514,4,4,1,743,45,4.72,743,45,40,105
4515,4,4,1,929,49,4.63,929,49,45,106
4516,4,9,0,822,26,4.03,822,26,26,94
4517,4,4,1,648,54,3.91,648,54,40,91
4518,4,4,1,664,42,4.3,664,42,32,93
4519,4,4,1,770,62,4.59,770,62,49,122
4520,4,4,1,566,41,3.59,566,41,38,79
4521,4,4,1,1031,45,4.32,1031,45,51,112
4522,4,4,1,821,58,4.31,821,58,55,131
4523,4,4,1,728,63,3.28,728,63,55,128
4524,4,4,1,521,45,3.21,521,45,39,108
4525,4,4,1,577,53,3.73,577,53,41,97
4526,4,4,1,534,49,4.2,534,49,46,106
4527,4,4,1,757,59,4.41,757,59,52,116
4528,4,4,1,935,65,3.76,935,65,58,124
4529,4,4,1,756,41,3.94,756,41,42,97
4530,4,4,1,671,31,3.32,671,31,33,81
4531,4,9,0,821,34,4.19,821,34,36,90
4532,4,4,1,1086,33,5.15,1086,33,38,95
4533,4,4,1,778,45,3.35,778,45,40,97
4534,4,4,1,934,56,5.1,934,56,59,113
4535,4,4,1,1006,33,3.91,1006,33,47,101
4536,4,4,1,702,43,3.96,702,43,40,99
4537,4,4,1,781,56,6.77,781,56,51,127
4538,4,4,1,476,39,3.21,476,39,42,108
4539,4,4,1,566,57,3.46,566,57,51,111
4540,4,4,1,429,45,4.04,429,45,42,87
4541,4,4,1,725,71,3.85,725,71,52,120
4542,4,4,1,718,58,4.55,718,58,55,118
4543,4,4,1,761,64,3.64,761,64,45,102
4544,4,4,1,963,56,4.91,963,56,61,126
4545,4,4,1,753,33,3.75,753,33,36,85
4546,4,4,1,975,60,4.17,975,60,56,121
4547,4,4,1,465,47,3.16,465,47,53,113
4548,4,4,1,715,34,3.72,715,34,46,101
4549,4,4,1,612,67,3.54,612,67,51,100
4550,4,4,1,739,62,5.11,739,62,54,119
4551,4,4,1,838,36,3.84,838,36,51,107
4552,4,4,1,698,61,3.29,698,61,52,119
4553,4,9,0,553,40,3.91,553,40,41,110
4554,4,4,1,664,58,4.08,664,58,49,122
4555,4,4,1,601,39,4.68,601,39,30,73
4556,4,4,1,563,56,3.5,563,56,47,108
4557,4,4,1,1050,43,3.8,1050,43,41,89
4558,4,4,1,680,57,4.09,680,57,48,119
4559,4,4,1,1035,52,4.25,1035,52,54,117
4560,4,4,1,1010,48,4.69,1010,48,48,90
4561,4,4,1,626,59,3.61,626,59,55,108
4562,4,4,1,629,61,4.4,629,61,50,101
4563,4,4,1,835,60,3.94,835,60,49,118
4564,4,4,1,888,47,4.76,888,47,51,121
4565,4,4,1,949,66,4.97,949,66,53,120
4566,4,4,1,796,64,3.65,796,64,52,106
4567,4,4,1,850,59,3.75,850,59,45,109
4568,4,4,1,723,42,3.2,723,42,39,88
4569,4,4,1,560,54,4.11,560,54,46,133
4570,4,6,0,953,32,3.8,953,32,58,109
4571,4,4,1,1041,54,5.13,1041,54,52,113
4572,4,4,1,1121,36,3.96,1121,36,41,80
4573,4,4,1,894,70,4.0,894,70,65,132
4574,4,4,1,766,44,3.46,766,44,43,105
4575,4,4,1,821,55,4.56,821,55,52,101
4576,4,4,1,829,70,4.17,829,70,57,125
4577,4,4,1,712,45,5.69,712,45,41,92
4578,4,4,1,767,61,3.69,767,61,53,126
4579,4,4,1,449,43,2.9,449,43,42,85
4580,4,4,1,832,62,3.56,832,62,52,120
4581,4,4,1,873,48,3.51,873,48,54,121
4582,4,4,1,617,66,3.65,617,66,53,96
4583,4,4,1,936,20,3.96,936,20,25,83
4584,4,4,1,641,62,4.07,641,62,51,114
4585,4,4,1,678,60,4.14,678,60,46,98
4586,4,4,1,652,49,3.43,652,49,43,107
4587,4,4,1,563,38,3.62,563,38,40,105
4588,4,4,1,721,70,3.38,721,70,58,129
4589,4,4,1,682,51,3.24,682,51,43,102
4590,4,4,1,1048,57,3.93,1048,57,68,108
4591,4,4,1,925,50,5.01,925,50,45,109
4592,4,4,1,659,65,3.43,659,65,52,117
4593,4,8,0,552,27,4.36,552,27,32,97
4594,4,4,1,743,50,3.84,743,50,48,108
4595,4,4,1,578,66,3.57,578,66,58,125
4596,4,4,1,718,66,3.85,718,66,78,143
4597,4,4,1,609,60,3.39,609,60,54,119
4598,4,4,1,489,47,5.14,489,47,40,99
4599,4,4,1,528,59,3.18,528,59,53,117
4600,4,4,1,601,55,3.98,601,55,50,103
4601,4,4,1,751,45,3.63,751,45,58,113
4602,4,4,1,740,59,4.93,740,59,57,140
4603,4,4,1,788,54,4.07,788,54,52,110
4604,4,4,1,690,48,3.97,690,48,31,94
4605,4,4,1,810,34,5.6,810,34,26,60
4606,4,4,1,726,58,4.41,726,58,54,117
4607,4,4,1,736,48,3.86,736,48,43,100
4608,4,4,1,552,62,5.36,552,62,59,119
4609,4,4,1,821,33,4.79,821,33,43,80
4610,4,4,1,788,68,5.09,788,68,54,110
4611,4,4,1,807,72,4.04,807,72,63,120
4612,4,4,1,909,54,4.31,909,54,62,133
4613,4,4,1,772,79,5.46,772,79,56,121
4614,4,4,1,589,45,3.47,589,45,48,103
4615,4,4,1,496,49,3.23,496,49,47,110
4616,4,4,1,884,62,3.8,884,62,50,108
4617,4,4,1,823,41,3.83,823,41,31,96
4618,4,4,1,739,46,6.17,739,46,34,85
4619,4,4,1,765,51,3.5,765,51,36,86
4620,4,4,1,1038,42,4.45,1038,42,63,121
4621,4,4,1,646,49,4.31,646,49,40,81
4622,4,2,0,988,44,5.25,988,44,47,99
4623,4,4,1,680,59,4.39,680,59,57,124
4624,4,4,1,628,63,3.85,628,63,65,137
4625,4,4,1,707,46,3.92,707,46,40,103
4626,4,4,1,680,48,3.49,680,48,54,108
4627,4,4,1,565,58,3.2,565,58,54,122
4628,4,4,1,674,69,3.73,674,69,47,104
4629,4,4,1,862,40,3.44,862,40,34,83
4630,4,4,1,590,39,4.11,590,39,47,111
4631,4,4,1,622,52,3.18,622,52,47,99
4632,4,4,1,724,44,3.53,724,44,41,95
4633,4,4,1,705,27,3.71,705,27,32,77
4634,4,4,1,1000,59,4.19,1000,59,50,110
4635,4,4,1,591,69,3.76,591,69,57,126
4636,4,9,0,817,44,5.03,817,44,52,92
4637,4,4,1,741,51,4.25,741,51,52,103
4638,4,4,1,746,66,3.28,746,66,50,113
4639,4,4,1,894,33,4.43,894,33,33,73
4640,4,4,1,599,54,3.54,599,54,69,145
4641,4,4,1,671,59,3.13,671,59,42,97
4642,4,4,1,822,63,3.81,822,63,39,110
4643,4,4,1,978,45,4.11,978,45,28,82
4644,4,4,1,659,62,4.04,659,62,54,121
4645,4,4,1,402,57,4.12,402,57,51,118
4646,4,9,0,914,31,4.35,914,31,36,99
4647,4,4,1,908,42,4.34,908,42,44,108
4648,4,4,1,778,26,4.61,778,26,43,95
4649,4,4,1,768,64,3.79,768,64,45,111
4650,4,4,1,699,60,4.7,699,60,47,114
4651,4,4,1,302,21,3.87,302,21,37,77
4652,4,4,1,759,54,4.61,759,54,37,82
4653,4,4,1,883,54,5.05,883,54,50,95
4654,4,4,1,590,57,4.02,590,57,43,103
4655,4,4,1,645,42,3.34,645,42,33,78
4656,4,4,1,609,40,4.96,609,40,48,124
4657,4,4,1,987,49,5.25,987,49,49,114
4658,4,4,1,930,44,4.17,930,44,49,110
4659,4,4,1,635,60,3.28,635,60,52,139
4660,4,4,1,884,56,3.58,884,56,48,96
4661,4,4,1,916,54,4.9,916,54,54,114
4662,4,4,1,741,43,4.33,741,43,37,99
4663,4,4,1,923,51,4.13,923,51,43,98
4664,4,4,1,635,63,4.13,635,63,47,103
4665,4,8,0,595,24,3.12,595,24,44,132
4666,4,4,1,826,53,3.24,826,53,46,101
4667,4,4,1,933,71,4.67,933,71,63,121
4668,4,4,1,745,49,3.93,745,49,41,105
4669,4,4,1,660,46,4.19,660,46,47,104
4670,4,4,1,767,52,4.07,767,52,49,112
4671,4,4,1,950,50,3.76,950,50,50,108
4672,4,4,1,967,49,4.35,967,49,52,117
4673,4,4,1,754,47,3.31,754,47,50,113
4674,4,4,1,693,59,4.39,693,59,64,123
4675,4,4,1,910,42,3.41,910,42,39,104
4676,4,4,1,654,60,4.03,654,60,49,110
4677,4,4,1,667,57,4.65,667,57,52,124
4678,4,4,1,601,65,3.03,601,65,58,133
4679,4,4,1,848,47,4.82,848,47,44,98
4680,4,4,1,734,54,3.57,734,54,52,116
4681,4,4,1,571,51,2.78,571,51,43,106
4682,4,4,1,873,41,4.13,873,41,51,109
4683,4,4,1,779,51,3.46,779,51,58,109
4684,4,4,1,648,39,3.55,648,39,47,86
4685,4,4,1,953,46,4.07,953,46,51,109
4686,4,4,1,962,33,3.56,962,33,28,70
4687,4,4,1,791,55,3.89,791,55,57,115
4688,4,4,1,771,62,3.37,771,62,54,122
4689,4,4,1,940,52,4.27,940,52,53,114
4690,4,4,1,847,58,4.6,847,58,56,121
4691,4,4,1,871,51,4.24,871,51,61,129
4692,4,4,1,609,53,3.08,609,53,53,124
4693,4,4,1,687,41,3.74,687,41,58,120
4694,4,4,1,659,54,5.34,659,54,60,120
4695,4,4,1,713,37,3.15,713,37,47,120
4696,4,4,1,909,42,3.72,909,42,60,125
4697,4,4,1,760,66,3.62,760,66,58,122
4698,4,4,1,815,42,4.13,815,42,55,129
4699,4,4,1,696,48,3.61,696,48,62,124
4700,4,4,1,1257,28,4.2,1257,28,46,105
4701,4,4,1,982,56,4.11,982,56,60,129
4702,4,4,1,966,58,4.46,966,58,57,123
4703,4,4,1,898,59,3.59,898,59,44,94
4704,4,4,1,793,35,3.87,793,35,30,75
4705,4,4,1,883,39,4.37,883,39,60,118
4706,4,4,1,885,48,3.42,885,48,43,112
4707,4,4,1,1154,37,4.1,1154,37,42,97
4708,4,4,1,996,58,3.77,996,58,52,116
4709,4,4,1,1029,47,4.68,1029,47,53,104
4710,4,4,1,1059,50,4.15,1059,50,55,125
4711,4,4,1,697,56,4.59,697,56,43,93
4712,4,4,1,698,55,3.18,698,55,46,117
4713,4,4,1,748,48,4.23,748,48,31,68
4714,4,4,1,1006,43,4.27,1006,43,44,97
4715,4,4,1,907,44,4.31,907,44,25,73
4716,4,4,1,1041,37,5.69,1041,37,33,84
4717,4,4,1,899,52,3.66,899,52,52,104
4718,4,4,1,809,42,4.62,809,42,41,89
4719,4,4,1,678,57,3.66,678,57,58,124
4720,4,4,1,623,51,3.47,623,51,52,118
4721,4,4,1,594,59,2.94,594,59,52,111
4722,4,4,1,557,61,3.62,557,61,50,113
4723,4,4,1,713,53,3.17,713,53,41,107
4724,4,4,1,568,37,3.0,568,37,49,99
4725,4,4,1,644,59,4.34,644,59,52,106
4726,4,4,1,565,54,4.32,565,54,49,101
4727,4,6,0,537,50,2.94,537,50,72,143
4728,4,4,1,621,54,3.19,621,54,46,97
4729,4,4,1,728,52,3.69,728,52,54,114
4730,4,4,1,440,45,2.64,440,45,38,69
4731,4,4,1,866,64,4.01,866,64,57,127
4732,4,4,1,930,47,4.1,930,47,48,118
4733,4,4,1,935,51,3.77,935,51,45,109
4734,4,4,1,697,70,3.77,697,70,57,127
4735,4,4,1,926,60,4.39,926,60,46,113
4736,4,4,1,1039,45,4.93,1039,45,52,119
4737,4,4,1,865,62,5.9,865,62,57,126
4738,4,4,1,918,62,4.88,918,62,59,132
4739,4,4,1,957,57,4.48,957,57,49,113
4740,4,4,1,965,59,4.15,965,59,45,109
4741,4,4,1,1163,38,4.44,1163,38,32,79
4742,4,9,0,990,30,3.62,990,30,29,85
4743,4,4,1,917,36,3.92,917,36,40,91
4744,4,0,0,1215,36,4.78,1215,36,47,103
4745,4,4,1,750,58,3.68,750,58,56,125
4746,4,4,1,805,38,3.98,805,38,49,118
4747,4,9,0,871,39,3.68,871,39,46,104
4748,4,4,1,724,52,3.58,724,52,46,112
4749,4,4,1,795,45,6.23,795,45,49,106
4750,4,4,1,641,67,3.95,641,67,51,117
4751,4,4,1,685,68,3.84,685,68,57,129
4752,4,4,1,641,49,4.19,641,49,41,93
4753,4,4,1,534,63,4.82,534,63,46,108
4754,4,4,1,679,73,4.46,679,73,49,120
4755,4,4,1,619,58,5.43,619,58,51,102
4756,4,4,1,608,63,3.61,608,63,54,126
4757,4,4,1,474,67,3.28,474,67,49,115
4758,4,4,1,459,63,3.44,459,63,46,117
4759,4,4,1,757,68,3.55,757,68,54,120
4760,4,4,1,555,51,3.94,555,51,42,118
4761,4,4,1,976,59,4.0,976,59,47,111
4762,4,4,1,929,61,3.7,929,61,50,114
4763,4,4,1,934,60,4.78,934,60,64,129
4764,4,4,1,1064,53,5.16,1064,53,47,98
4765,4,4,1,963,56,6.3,963,56,61,117
4766,4,4,1,1037,56,4.38,1037,56,58,119
4767,4,4,1,983,51,4.43,983,51,62,123
4768,4,4,1,1008,49,4.7,1008,49,42,100
4769,4,4,1,799,58,3.84,799,58,49,116
4770,4,4,1,1131,52,5.01,1131,52,51,121
4771,4,4,1,862,58,3.45,862,58,61,120
4772,4,4,1,1032,51,4.51,1032,51,46,113
4773,4,4,1,910,62,4.72,910,62,58,121
4774,4,4,1,937,67,3.67,937,67,62,124
4775,4,4,1,1077,55,4.43,1077,55,57,92
4776,4,4,1,836,49,3.67,836,49,63,108
4777,4,4,1,681,53,3.99,681,53,45,104
4778,4,4,1,853,57,4.1,853,57,52,109
4779,4,4,1,892,56,4.26,892,56,61,125
4780,4,4,1,826,56,4.03,826,56,57,126
4781,4,4,1,882,59,3.83,882,59,57,123
4782,4,4,1,845,54,3.54,845,54,58,95
4783,4,4,1,753,57,3.74,753,57,55,124
4784,4,4,1,765,55,4.4,765,55,62,119
4785,4,4,1,970,50,5.02,970,50,51,106
4786,4,4,1,831,59,5.39,831,59,51,113
4787,4,4,1,735,57,3.78,735,57,48,108
4788,4,4,1,939,62,4.83,939,62,56,121
4789,4,4,1,660,58,3.36,660,58,62,122
4790,4,4,1,702,60,3.46,702,60,45,107
4791,4,4,1,754,53,3.48,754,53,41,99
4792,4,4,1,817,60,4.11,817,60,46,100
4793,4,4,1,866,66,5.72,866,66,50,112
4794,4,4,1,685,56,4.26,685,56,58,130
4795,4,4,1,572,38,3.11,572,38,48,110
4796,4,4,1,670,54,4.34,670,54,53,117
4797,4,4,1,805,56,4.7,805,56,48,108
4798,4,4,1,890,58,3.61,890,58,42,96
4799,4,8,0,1113,33,4.93,1113,33,42,87
4800,4,4,1,856,46,4.57,856,46,46,112
4801,4,4,1,970,44,4.26,970,44,43,101
4802,4,4,1,874,44,4.47,874,44,45,114
4803,4,4,1,847,54,4.44,847,54,49,107
4804,4,4,1,918,56,3.98,918,56,63,125
4805,4,4,1,636,67,4.17,636,67,66,133
4806,4,4,1,906,65,3.99,906,65,66,137
4807,4,4,1,991,57,4.68,991,57,55,121
4808,4,4,1,947,33,3.81,947,33,45,87
4809,4,4,1,744,46,4.15,744,46,42,96
4810,4,4,1,883,58,3.84,883,58,43,105
4811,4,4,1,708,56,3.51,708,56,41,96
4812,4,4,1,956,36,4.8,956,36,41,91
4813,4,4,1,765,56,3.76,765,56,56,120
4814,4,4,1,684,53,3.46,684,53,48,102
4815,4,4,1,514,50,3.22,514,50,42,90
4816,4,4,1,733,56,3.86,733,56,48,97
4817,4,4,1,797,54,4.02,797,54,43,101
4818,4,4,1,735,50,5.03,735,50,47,100
4819,4,4,1,671,47,3.42,671,47,49,103
4820,4,4,1,705,45,3.78,705,45,41,89
4821,4,4,1,636,52,3.53,636,52,46,102
4822,4,4,1,957,39,4.13,957,39,44,99
4823,4,4,1,728,38,4.25,728,38,49,108
4824,4,4,1,922,69,4.38,922,69,45,94
4825,4,4,1,1122,38,4.31,1122,38,36,80
4826,4,4,1,986,51,3.99,986,51,49,95
4827,4,4,1,1014,55,5.06,1014,55,60,126
4828,4,4,1,1166,34,4.37,1166,34,40,92
4829,4,4,1,1175,46,4.72,1175,46,57,127
4830,4,4,1,1090,55,4.46,1090,55,41,98
4831,4,4,1,1094,41,4.8,1094,41,29,69
4832,4,4,1,1114,30,5.15,1114,30,27,72
4833,4,9,0,1078,39,4.2,1078,39,47,84
4834,4,4,1,1092,28,5.31,1092,28,24,58
4835,4,4,1,837,46,4.28,837,46,41,104
4836,4,4,1,632,57,3.47,632,57,56,118
4837,4,4,1,718,55,3.48,718,55,44,98
4838,4,4,1,703,56,3.5,703,56,50,116
4839,4,4,1,680,66,4.22,680,66,61,131
4840,4,4,1,797,58,3.45,797,58,53,126
4841,4,4,1,736,54,3.44,736,54,52,116
4842,4,4,1,599,53,3.47,599,53,46,109
4843,4,6,0,761,27,3.9,761,27,40,92
4844,4,4,1,723,66,4.53,723,66,60,129
4845,4,4,1,863,61,4.48,863,61,49,110
4846,4,4,1,679,54,3.69,679,54,45,103
4847,4,4,1,548,50,3.78,548,50,56,120
4848,4,4,1,794,54,4.58,794,54,52,114
4849,4,4,1,870,63,3.77,870,63,52,126
4850,4,4,1,794,59,4.37,794,59,45,112
4851,4,4,1,790,58,5.2,790,58,50,106
4852,4,4,1,673,53,3.92,673,53,44,113
4853,4,4,1,676,48,3.34,676,48,45,123
4854,4,4,1,886,52,3.7,886,52,44,96
4855,4,9,0,658,35,3.61,658,35,26,75
4856,4,4,1,684,46,3.59,684,46,36,91
4857,4,4,1,751,47,3.84,751,47,42,106
4858,4,4,1,647,39,4.6,647,39,26,70
4859,4,4,1,709,60,4.26,709,60,49,110
4860,4,4,1,837,51,5.43,837,51,37,87
4861,4,4,1,812,60,4.85,812,60,48,114
4862,4,4,1,960,60,3.84,960,60,51,124
4863,4,4,1,930,62,4.92,930,62,56,123
4864,4,4,1,658,65,4.48,658,65,52,122
4865,4,4,1,745,59,4.97,745,59,55,130
4866,4,4,1,977,59,4.33,977,59,50,116
4867,4,4,1,964,60,5.61,964,60,43,97
4868,4,4,1,793,60,3.95,793,60,50,120
4869,4,4,1,702,54,6.27,702,54,48,123
4870,4,4,1,883,62,4.19,883,62,51,113
4871,4,4,1,918,47,4.56,918,47,48,110
4872,4,4,1,1089,43,4.08,1089,43,37,91
4873,4,4,1,926,48,4.16,926,48,40,92
4874,4,4,1,619,56,3.92,619,56,45,99
4875,4,4,1,762,45,3.51,762,45,43,98
4876,4,4,1,919,41,4.48,919,41,41,96
4877,4,4,1,871,47,4.49,871,47,42,109
4878,4,4,1,1103,44,4.01,1103,44,30,70
4879,4,4,1,913,57,4.51,913,57,47,110
4880,4,4,1,1156,56,4.18,1156,56,57,112
4881,4,4,1,855,52,3.84,855,52,44,108
4882,4,4,1,845,43,5.17,845,43,46,91
4883,4,4,1,725,49,4.24,725,49,45,114
4884,4,4,1,842,47,4.01,842,47,53,120
4885,4,4,1,884,48,4.0,884,48,36,97
4886,4,4,1,769,39,3.59,769,39,24,60
4887,4,9,0,924,29,3.78,924,29,27,89
4888,4,4,1,766,59,5.0,766,59,51,120
4889,4,4,1,813,54,3.37,813,54,40,96
4890,4,4,1,858,52,3.93,858,52,51,106
4891,4,4,1,1022,39,4.31,1022,39,38,110
4892,4,4,1,932,42,4.17,932,42,32,86
4893,4,8,0,849,32,4.08,849,32,40,112
4894,4,4,1,654,29,4.48,654,29,43,87
4895,4,4,1,766,32,4.48,766,32,45,105
4896,4,4,1,855,42,3.59,855,42,52,105
4897,4,4,1,919,34,3.84,919,34,49,101
4898,4,4,1,707,36,3.63,707,36,36,80
4899,4,4,1,770,37,3.39,770,37,43,79
4900,4,4,1,911,43,3.9,911,43,45,108
4901,4,8,0,698,21,4.19,698,21,32,89
4902,4,4,1,856,33,4.31,856,33,42,109
4903,4,8,0,844,20,3.41,844,20,26,97
4904,4,4,1,863,52,3.87,863,52,49,114
4905,4,4,1,925,20,4.55,925,20,30,73
4906,4,4,1,747,55,4.84,747,55,57,128
4907,4,4,1,792,61,3.76,792,61,60,130
4908,4,4,1,815,50,3.72,815,50,32,74
4909,4,4,1,914,47,4.15,914,47,40,95
4910,4,4,1,694,50,4.27,694,50,41,93
4911,4,4,1,729,41,3.86,729,41,35,80
4912,4,4,1,853,52,4.33,853,52,49,104
4913,4,4,1,679,59,3.52,679,59,51,123
4914,4,4,1,727,62,3.6,727,62,54,111
4915,4,4,1,728,62,3.34,728,62,55,127
4916,4,4,1,833,44,3.82,833,44,52,116
4917,4,4,1,697,58,3.82,697,58,60,120
4918,4,4,1,640,66,3.86,640,66,58,118
4919,4,4,1,918,62,4.08,918,62,47,109
4920,4,4,1,722,65,4.44,722,65,54,123
4921,4,4,1,640,66,2.88,640,66,53,122
4922,4,4,1,504,52,4.05,504,52,48,96
4923,4,4,1,649,50,2.99,649,50,57,110
4924,4,4,1,881,52,3.33,881,52,41,111
4925,4,4,1,1051,52,4.28,1051,52,46,96
4926,4,4,1,1158,43,3.93,1158,43,50,92
4927,4,4,1,973,51,4.78,973,51,46,115
4928,4,4,1,1014,56,3.84,1014,56,44,102
4929,4,4,1,1104,59,4.52,1104,59,48,119
4930,4,4,1,1068,43,5.13,1068,43,44,111
4931,4,4,1,874,63,6.84,874,63,60,127
4932,4,4,1,794,54,4.49,794,54,51,113
4933,4,4,1,955,56,6.28,955,56,56,122
4934,4,4,1,1042,45,4.98,1042,45,45,114
4935,4,4,1,993,48,5.67,993,48,34,74
4936,4,4,1,923,55,4.36,923,55,53,119
4937,4,4,1,1009,42,5.46,1009,42,43,100
4938,4,4,1,928,60,4.58,928,60,65,135
4939,4,4,1,815,49,5.39,815,49,55,124
4940,4,4,1,910,50,5.44,910,50,49,113
4941,4,4,1,797,55,5.52,797,55,72,126
4942,4,4,1,966,41,4.17,966,41,49,113
4943,4,4,1,747,56,4.15,747,56,45,111
4944,4,4,1,956,36,3.93,956,36,35,73
4945,4,4,1,1034,48,4.84,1034,48,51,103
4946,4,4,1,856,45,4.15,856,45,42,108
4947,4,4,1,763,65,3.89,763,65,56,120
4948,4,4,1,918,40,4.43,918,40,40,95
4949,4,4,1,838,53,3.99,838,53,49,112
4950,4,4,1,949,60,4.69,949,60,61,134
4951,4,4,1,811,45,3.54,811,45,33,73
4952,4,4,1,775,38,4.06,775,38,27,75
4953,4,4,1,855,38,3.95,855,38,42,82
4954,4,2,0,697,40,3.69,697,40,52,99
4955,4,2,0,650,37,3.79,650,37,42,77
4956,4,4,1,842,38,3.24,842,38,33,58
4957,4,4,1,934,60,3.9,934,60,47,95
4958,4,4,1,982,55,3.85,982,55,40,92
4959,4,4,1,1012,46,3.87,1012,46,41,80
4960,4,4,1,895,54,3.61,895,54,41,98
4961,4,4,1,859,51,3.38,859,51,55,115
4962,4,9,0,1171,28,4.76,1171,28,39,79
4963,4,4,1,971,59,4.97,971,59,56,108
4964,4,4,1,919,57,3.62,919,57,57,118
4965,4,4,1,1191,40,4.85,1191,40,65,108
4966,4,4,1,1072,44,3.94,1072,44,49,97
4967,4,4,1,943,51,4.32,943,51,49,122
4968,4,4,1,1049,50,3.94,1049,50,53,127
4969,4,4,1,948,58,4.37,948,58,57,113
4970,4,4,1,1072,56,4.45,1072,56,65,126
4971,4,4,1,1065,39,3.84,1065,39,38,84
4972,4,4,1,1076,47,4.11,1076,47,52,131
4973,4,4,1,874,46,4.56,874,46,40,100
4974,4,8,0,1064,22,5.07,1064,22,18,59
4975,4,4,1,1030,38,4.01,1030,38,56,116
4976,4,4,1,1013,39,4.24,1013,39,35,78
4977,4,4,1,930,51,4.86,930,51,44,93
4978,4,4,1,937,52,4.72,937,52,47,96
4979,4,4,1,1076,41,4.0,1076,41,35,89
4980,4,4,1,1062,33,4.75,1062,33,45,106
4981,4,4,1,813,52,4.98,813,52,47,118
4982,4,4,1,899,65,5.67,899,65,56,124
4983,4,4,1,899,51,10.78,899,51,59,123
4984,4,4,1,722,44,4.86,722,44,53,124
4985,4,4,1,902,42,5.81,902,42,56,126
4986,4,4,1,1072,45,4.5,1072,45,52,128
4987,4,4,1,824,51,4.74,824,51,52,119
4988,4,4,1,842,56,5.03,842,56,49,114
4989,4,9,0,996,35,6.14,996,35,39,92
4990,4,4,1,700,38,5.23,700,38,42,102
4991,4,4,1,1002,56,5.22,1002,56,58,114
4992,4,4,1,994,30,5.23,994,30,39,96
4993,4,4,1,844,53,3.91,844,53,44,106
4994,4,4,1,856,52,3.74,856,52,44,96
4995,4,4,1,835,55,3.41,835,55,51,113
4996,4,4,1,775,65,3.63,775,65,46,116
4997,4,4,1,826,61,3.44,826,61,50,114
4998,4,4,1,824,68,3.94,824,68,54,99
4999,4,4,1,663,55,4.18,663,55,46,91
5000,4,9,0,723,38,3.25,723,38,30,61
5001,4,4,1,872,55,4.52,872,55,56,124
5002,4,4,1,937,58,4.83,937,58,61,130
5003,4,4,1,858,57,4.93,858,57,52,120
5004,4,4,1,672,55,3.89,672,55,43,114
5005,4,4,1,732,64,3.46,732,64,48,112
5006,4,4,1,629,58,4.26,629,58,58,131
5007,4,4,1,709,56,3.23,709,56,54,118
5008,4,4,1,746,51,5.05,746,51,52,108
5009,4,4,1,728,57,3.31,728,57,47,109
5010,4,4,1,524,62,3.33,524,62,62,119
5011,4,4,1,741,53,3.87,741,53,52,106
5012,4,4,1,789,51,3.77,789,51,51,99
5013,4,4,1,671,51,3.7,671,51,56,127
5014,4,4,1,902,56,5.11,902,56,55,131
5015,4,4,1,927,54,4.77,927,54,53,121
5016,4,4,1,966,44,3.61,966,44,43,114
5017,4,4,1,916,55,3.56,916,55,47,98
5018,4,4,1,1041,58,3.81,1041,58,46,102
5019,4,4,1,878,60,4.33,878,60,54,122
5020,4,4,1,909,49,4.09,909,49,40,91
5021,4,4,1,970,55,4.33,970,55,53,120
5022,4,4,1,762,57,3.63,762,57,45,107
5023,4,4,1,810,44,4.1,810,44,49,96
5024,4,4,1,961,50,3.66,961,50,61,116
5025,4,4,1,970,55,3.56,970,55,52,113
5026,4,4,1,810,55,3.95,810,55,55,117
5027,4,4,1,1038,50,4.4,1038,50,52,116
5028,4,4,1,767,67,4.59,767,67,53,96
5029,4,4,1,1082,53,4.74,1082,53,55,114
5030,4,4,1,695,56,3.53,695,56,48,110
5031,4,4,1,767,52,4.42,767,52,58,127
5032,4,4,1,821,45,4.28,821,45,55,117
5033,4,4,1,840,57,4.81,840,57,56,122
5034,4,4,1,873,50,4.66,873,50,58,129
5035,4,4,1,906,50,4.87,906,50,51,119
5036,4,4,1,838,53,3.94,838,53,55,115
5037,4,4,1,910,52,5.31,910,52,44,114
5038,4,4,1,1021,49,3.93,1021,49,46,104
5039,4,4,1,1057,49,4.79,1057,49,38,88
5040,4,4,1,969,53,11.79,969,53,45,103
5041,4,4,1,973,59,3.89,973,59,50,107
5042,4,4,1,1098,46,4.12,1098,46,33,81
5043,4,4,1,1015,51,4.3,1015,51,43,83
5044,4,4,1,910,41,3.72,910,41,43,106
5045,4,4,1,965,60,5.42,965,60,46,102
5046,4,4,1,800,60,3.53,800,60,50,108
5047,4,8,0,1208,19,5.73,1208,19,31,89
5048,4,4,1,842,57,4.67,842,57,56,97
5049,4,4,1,909,59,4.81,909,59,53,111
5050,4,4,1,905,60,4.29,905,60,61,135
5051,4,4,1,890,59,3.55,890,59,58,127
5052,4,4,1,1009,58,4.23,1009,58,47,107
5053,4,4,1,1014,41,3.5,1014,41,40,96
5054,4,4,1,968,50,4.06,968,50,55,127
5055,4,4,1,910,43,4.13,910,43,39,84
5056,4,4,1,955,50,3.76,955,50,40,92
5057,4,4,1,911,58,3.68,911,58,59,131
5058,4,4,1,915,35,4.25,915,35,51,106
5059,4,4,1,879,48,5.58,879,48,53,104
5060,4,4,1,945,31,4.88,945,31,48,80
5061,4,4,1,866,58,4.13,866,58,59,119
5062,4,4,1,930,46,4.4,930,46,47,113
5063,4,4,1,1152,44,6.63,1152,44,41,88
5064,4,9,0,1174,29,5.17,1174,29,30,77
5065,4,4,1,811,41,4.45,811,41,50,129
5066,4,9,0,796,32,4.79,796,32,26,65
5067,4,4,1,1097,45,4.0,1097,45,42,100
5068,4,4,1,1042,50,4.65,1042,50,48,105
5069,4,4,1,1060,26,5.21,1060,26,29,70
5070,4,4,1,704,65,3.94,704,65,44,106
5071,4,4,1,753,59,3.5,753,59,55,112
5072,4,4,1,653,67,4.28,653,67,54,124
5073,4,4,1,555,71,3.36,555,71,50,120
5074,4,4,1,612,69,3.32,612,69,58,118
5075,4,4,1,699,59,4.15,699,59,57,119
5076,4,4,1,665,60,3.63,665,60,49,114
5077,4,4,1,433,55,3.81,433,55,52,110
5078,4,4,1,596,60,3.71,596,60,60,117
5079,4,4,1,756,65,3.81,756,65,53,119
5080,4,4,1,842,70,5.09,842,70,44,102
5081,4,4,1,651,63,3.82,651,63,52,118
5082,4,4,1,797,60,3.7,797,60,51,104
5083,4,4,1,804,53,3.4,804,53,49,92
5084,4,4,1,792,66,3.27,792,66,52,115
5085,4,4,1,669,50,3.28,669,50,55,111
5086,4,4,1,639,53,3.77,639,53,42,91
5087,4,4,1,859,58,3.62,859,58,47,105
5088,4,4,1,910,66,4.68,910,66,48,104
5089,4,4,1,990,47,5.15,990,47,46,113
5090,4,4,1,935,60,4.86,935,60,56,131
5091,4,4,1,1005,59,5.28,1005,59,56,123
5092,4,4,1,1104,56,5.51,1104,56,55,125
5093,4,4,1,1007,48,4.05,1007,48,37,90
5094,4,4,1,729,44,3.9,729,44,37,90
5095,4,4,1,784,52,3.46,784,52,61,127
5096,4,4,1,985,60,5.11,985,60,46,97
5097,4,4,1,812,53,4.58,812,53,52,124
5098,4,4,1,1080,62,5.51,1080,62,60,116
5099,4,4,1,946,54,4.28,946,54,47,99
5100,4,4,1,785,55,4.65,785,55,45,93
5101,4,4,1,1058,60,5.36,1058,60,49,120
5102,4,4,1,691,64,3.68,691,64,67,128
5103,4,4,1,820,30,4.0,820,30,54,110
5104,4,4,1,759,48,3.74,759,48,55,110
5105,4,4,1,740,40,3.47,740,40,43,101
5106,4,4,1,915,42,4.39,915,42,50,125
5107,4,4,1,821,59,4.33,821,59,48,107
5108,4,4,1,850,39,4.23,850,39,45,99
5109,4,4,1,1016,41,4.83,1016,41,56,124
5110,4,4,1,927,26,4.01,927,26,30,90
5111,4,9,0,687,26,4.31,687,26,40,124
5112,4,2,0,862,22,3.64,862,22,39,103
5113,4,2,0,998,19,3.9,998,19,28,64
5114,4,4,1,797,24,4.43,797,24,28,75
5115,4,4,1,836,40,3.44,836,40,37,93
5116,4,4,1,931,25,3.7,931,25,30,79
5117,4,4,1,808,27,3.5,808,27,40,77
5118,4,1,0,752,29,4.38,752,29,38,103
5119,4,4,1,884,55,4.27,884,55,56,120
5120,4,4,1,710,42,3.67,710,42,58,122
5121,4,4,1,841,56,3.67,841,56,50,111
5122,4,8,0,953,24,4.1,953,24,26,51
5123,4,4,1,980,47,3.75,980,47,51,108
5124,4,4,1,933,54,3.86,933,54,59,134
5125,4,4,1,871,48,3.79,871,48,55,117
5126,4,4,1,1075,33,9.93,1075,33,55,108
5127,4,4,1,762,33,3.52,762,33,36,84
5128,4,4,1,958,45,3.67,958,45,43,84
5129,4,9,0,805,30,3.46,805,30,35,114
5130,4,4,1,920,43,3.55,920,43,45,97
5131,4,4,1,965,39,3.95,965,39,41,81
5132,4,4,1,1008,38,3.66,1008,38,51,118
5133,4,4,1,835,59,4.74,835,59,54,119
5134,4,4,1,777,48,3.72,777,48,54,115
5135,4,4,1,661,53,3.84,661,53,52,101
5136,4,4,1,842,40,5.13,842,40,45,100
5137,4,4,1,768,57,5.3,768,57,51,111
5138,4,4,1,843,52,3.57,843,52,35,87
5139,5,5,1,1031,32,3.78,1031,32,74,111
5140,5,5,1,1012,52,4.09,1012,52,55,109
5141,5,5,1,949,36,4.51,949,36,70,118
5142,5,5,1,837,42,3.54,837,42,49,94
5143,5,5,1,1059,36,4.61,1059,36,57,110
5144,5,5,1,822,36,4.39,822,36,45,91
5145,5,5,1,592,45,3.66,592,45,60,107
5146,5,5,1,1160,47,6.23,1160,47,71,116
5147,5,5,1,1224,44,5.29,1224,44,51,100
5148,5,5,1,1039,49,4.27,1039,49,76,127
5149,5,5,1,999,50,4.05,999,50,67,102
5150,5,5,1,1153,45,4.39,1153,45,81,113
5151,5,5,1,918,45,4.02,918,45,66,118
5152,5,5,1,790,36,3.63,790,36,47,79
5153,5,5,1,1081,47,4.91,1081,47,76,128
5154,5,5,1,1179,61,5.47,1179,61,93,142
5155,5,5,1,1165,50,5.45,1165,50,78,137
5156,5,5,1,888,24,4.92,888,24,32,64
5157,5,5,1,723,41,3.79,723,41,63,135
5158,5,5,1,1104,48,4.88,1104,48,55,77
5159,5,5,1,956,39,4.16,956,39,42,86
5160,5,8,0,768,26,3.0,768,26,30,97
5161,5,5,1,787,49,3.56,787,49,79,124
5162,5,5,1,1050,43,4.0,1050,43,73,137
5163,5,5,1,929,47,3.8,929,47,80,151
5164,5,5,1,813,47,4.57,813,47,68,120
5165,5,5,1,762,57,4.73,762,57,49,83
5166,5,5,1,724,49,4.72,724,49,73,130
5167,5,5,1,785,38,4.7,785,38,48,113
5168,5,5,1,890,39,4.51,890,39,53,110
5169,5,5,1,1260,45,4.84,1260,45,75,124
5170,5,5,1,971,54,5.82,971,54,62,128
5171,5,6,0,712,34,3.91,712,34,50,99
5172,5,5,1,1178,29,4.6,1178,29,60,127
5173,5,5,1,1065,47,5.23,1065,47,76,125
5174,5,0,0,1347,51,5.26,1347,51,59,140
5175,5,5,1,1177,43,5.29,1177,43,74,122
5176,5,5,1,1131,46,4.53,1131,46,69,116
5177,5,3,0,1061,39,5.55,1061,39,20,51
5178,5,5,1,1112,50,4.72,1112,50,85,123
5179,5,5,1,1096,43,4.2,1096,43,60,106
5180,5,5,1,874,39,5.22,874,39,57,104
5181,5,5,1,1218,25,5.06,1218,25,69,143
5182,5,5,1,1101,48,4.37,1101,48,69,108
5183,5,5,1,968,49,3.75,968,49,60,114
5184,5,5,1,727,46,3.76,727,46,54,118
5185,5,5,1,1087,40,4.02,1087,40,54,121
5186,5,8,0,785,23,3.9,785,23,26,71
5187,5,5,1,594,49,3.75,594,49,60,109
5188,5,5,1,962,30,3.75,962,30,56,99
5189,5,5,1,899,19,3.89,899,19,50,89
5190,5,5,1,933,47,4.12,933,47,74,132
5191,5,5,1,1072,47,5.21,1072,47,73,123
5192,5,5,1,1199,52,5.35,1199,52,68,126
5193,5,5,1,1001,63,3.55,1001,63,73,129
5194,5,5,1,1223,41,4.23,1223,41,58,114
5195,5,5,1,911,46,4.26,911,46,75,129
5196,5,5,1,1189,36,4.31,1189,36,64,97
5197,5,5,1,857,42,4.01,857,42,53,95
5198,5,5,1,880,30,4.28,880,30,68,116
5199,5,5,1,1214,41,5.55,1214,41,59,113
5200,5,3,0,938,44,4.98,938,44,64,130
5201,5,5,1,821,50,5.51,821,50,62,103
5202,5,5,1,805,56,5.85,805,56,64,122
5203,5,5,1,1209,52,5.87,1209,52,55,110
5204,5,5,1,1274,40,6.81,1274,40,84,133
5205,5,3,0,1194,35,5.07,1194,35,28,81
5206,5,5,1,971,39,4.28,971,39,74,97
5207,5,5,1,1488,46,5.27,1488,46,67,116
5208,5,5,1,1264,40,5.78,1264,40,75,150
5209,5,5,1,1108,39,4.89,1108,39,71,120
5210,5,5,1,774,38,4.95,774,38,69,146
5211,5,5,1,1014,52,4.29,1014,52,49,98
5212,5,9,0,931,40,4.36,931,40,42,82
5213,5,5,1,602,48,4.04,602,48,56,111
5214,5,5,1,1235,47,6.05,1235,47,84,139
5215,5,5,1,917,49,4.64,917,49,67,115
5216,5,5,1,800,47,4.16,800,47,71,128
5217,5,5,1,922,40,4.69,922,40,52,109
5218,5,5,1,1083,55,5.83,1083,55,74,126
5219,5,5,1,1088,51,5.32,1088,51,83,146
5220,5,5,1,1070,47,5.97,1070,47,80,134
5221,5,5,1,979,34,3.74,979,34,42,79
5222,5,9,0,854,38,3.53,854,38,42,98
5223,5,5,1,1011,35,5.01,1011,35,74,97
5224,5,5,1,976,39,5.81,976,39,65,126
5225,5,5,1,1117,53,5.26,1117,53,71,122
5226,5,5,1,1228,39,5.37,1228,39,53,89
5227,5,5,1,1079,49,5.23,1079,49,64,105
5228,5,8,0,914,36,4.75,914,36,32,95
5229,5,5,1,1070,49,5.34,1070,49,73,124
5230,5,5,1,753,40,4.32,753,40,68,123
5231,5,5,1,1555,39,6.41,1555,39,72,122
5232,5,5,1,1157,37,4.44,1157,37,40,108
5233,5,5,1,784,48,5.07,784,48,58,116
5234,5,5,1,835,44,4.54,835,44,54,124
5235,5,5,1,999,32,5.27,999,32,70,121
5236,5,5,1,1531,40,6.08,1531,40,83,126
5237,5,5,1,1234,50,4.78,1234,50,80,131
5238,5,5,1,826,43,4.61,826,43,64,118
5239,5,5,1,976,56,6.65,976,56,64,107
5240,5,5,1,724,49,3.99,724,49,56,103
5241,5,5,1,1016,48,4.04,1016,48,63,120
5242,5,5,1,756,46,4.84,756,46,63,120
5243,5,5,1,860,53,4.72,860,53,73,135
5244,5,5,1,841,42,4.71,841,42,44,109
5245,5,5,1,1115,56,5.33,1115,56,63,104
5246,5,5,1,1178,47,4.99,1178,47,63,121
5247,5,5,1,1012,41,4.6,1012,41,83,140
5248,5,5,1,947,31,4.75,947,31,61,111
5249,5,5,1,728,43,5.43,728,43,46,100
5250,5,5,1,943,43,4.2,943,43,56,127
5251,5,5,1,873,63,4.47,873,63,70,131
5252,5,5,1,1317,27,7.19,1317,27,47,65
5253,5,5,1,1197,41,5.34,1197,41,70,130
5254,5,5,1,953,42,4.03,953,42,70,144
5255,5,8,0,831,27,4.79,831,27,46,122
5256,5,7,0,960,41,5.76,960,41,64,116
5257,5,5,1,993,47,4.95,993,47,36,88
5258,5,5,1,896,46,4.35,896,46,49,101
5259,5,5,1,1082,44,4.86,1082,44,51,92
5260,5,5,1,995,52,4.98,995,52,66,124
5261,5,5,1,892,47,4.59,892,47,87,134
5262,5,5,1,1098,61,4.64,1098,61,85,129
5263,5,5,1,806,30,5.74,806,30,50,125
5264,5,3,0,679,49,3.6,679,49,49,111
5265,5,5,1,960,41,5.18,960,41,75,131
5266,5,5,1,739,43,3.23,739,43,56,118
5267,5,5,1,1024,33,5.59,1024,33,53,92
5268,5,5,1,884,35,4.52,884,35,67,146
5269,5,5,1,954,39,4.4,954,39,66,119
5270,5,3,0,1202,47,4.73,1202,47,26,73
5271,5,5,1,1174,30,7.38,1174,30,46,95
5272,5,5,1,822,52,5.22,822,52,84,141
5273,5,5,1,803,49,4.11,803,49,74,131
5274,5,5,1,1045,32,4.67,1045,32,42,85
5275,5,5,1,963,60,4.67,963,60,77,134
5276,5,5,1,1001,38,6.37,1001,38,69,122
5277,5,5,1,966,55,5.03,966,55,77,127
5278,5,5,1,1166,47,10.69,1166,47,64,130
5279,5,5,1,809,44,4.03,809,44,55,116
5280,5,5,1,1250,57,5.4,1250,57,84,138
5281,5,5,1,1058,49,4.76,1058,49,35,87
5282,5,5,1,1121,59,5.95,1121,59,83,127
5283,5,5,1,832,38,4.41,832,38,55,112
5284,5,5,1,891,32,3.61,891,32,41,90
5285,5,5,1,932,38,4.62,932,38,63,127
5286,5,0,0,1175,25,4.71,1175,25,32,92
5287,5,5,1,993,44,5.02,993,44,85,143
5288,5,3,0,1038,43,4.13,1038,43,41,88
5289,5,5,1,921,52,5.04,921,52,57,111
5290,5,5,1,1013,51,3.93,1013,51,64,127
5291,5,5,1,684,58,3.39,684,58,76,138
5292,5,5,1,951,52,4.71,951,52,72,124
5293,5,6,0,892,44,3.95,892,44,46,96
5294,5,5,1,869,49,3.67,869,49,59,102
5295,5,5,1,795,49,4.11,795,49,75,116
5296,5,5,1,1009,46,3.72,1009,46,68,105
5297,5,5,1,834,49,4.8,834,49,57,117
5298,5,5,1,1301,37,4.82,1301,37,59,111
5299,5,5,1,966,39,5.07,966,39,54,105
5300,5,5,1,660,37,4.55,660,37,50,98
5301,5,5,1,1398,37,5.61,1398,37,47,100
5302,5,5,1,671,45,3.46,671,45,76,117
5303,5,5,1,965,39,3.65,965,39,64,137
5304,5,8,0,874,28,4.59,874,28,11,42
5305,5,5,1,691,41,3.6,691,41,51,106
5306,5,5,1,1381,40,4.63,1381,40,52,106
5307,5,5,1,759,46,4.6,759,46,66,120
5308,5,5,1,808,36,3.89,808,36,44,104
5309,5,5,1,848,37,3.89,848,37,65,116
5310,5,8,0,996,27,4.31,996,27,12,50
5311,5,5,1,736,38,4.7,736,38,41,79
5312,5,5,1,697,60,4.3,697,60,70,122
5313,5,4,0,804,39,5.12,804,39,51,98
5314,5,8,0,912,32,4.77,912,32,26,76
5315,5,5,1,1078,46,6.14,1078,46,71,118
5316,5,5,1,1167,38,4.93,1167,38,43,90
5317,5,5,1,837,35,5.98,837,35,69,122
5318,5,5,1,1126,34,4.84,1126,34,52,116
5319,5,5,1,824,34,4.93,824,34,46,107
5320,5,5,1,1000,42,4.88,1000,42,56,102
5321,5,5,1,902,38,5.15,902,38,58,123
5322,5,5,1,1066,42,7.18,1066,42,64,137
5323,5,8,0,1144,17,5.73,1144,17,29,78
5324,5,5,1,1063,34,3.99,1063,34,57,106
5325,5,5,1,1187,26,4.15,1187,26,38,102
5326,5,5,1,798,45,3.42,798,45,61,126
5327,5,5,1,1053,37,5.55,1053,37,56,126
5328,5,5,1,1086,46,4.96,1086,46,72,128
5329,5,5,1,1048,58,4.17,1048,58,79,131
5330,5,5,1,1039,50,3.95,1039,50,55,120
5331,5,5,1,922,52,11.87,922,52,69,135
5332,5,5,1,939,33,4.35,939,33,56,101
5333,5,5,1,1102,52,3.97,1102,52,63,108
5334,5,9,0,594,33,2.88,594,33,31,71
5335,5,5,1,857,40,4.46,857,40,68,103
5336,5,5,1,1006,50,5.47,1006,50,63,120
5337,5,5,1,1207,26,6.17,1207,26,49,110
5338,5,5,1,1091,42,6.74,1091,42,47,81
5339,5,5,1,1085,53,3.79,1085,53,76,137
5340,5,5,1,977,40,3.73,977,40,61,136
5341,5,5,1,1216,46,4.8,1216,46,86,132
5342,5,6,0,1174,26,5.73,1174,26,50,121
5343,5,5,1,1271,33,5.85,1271,33,49,113
5344,5,5,1,860,41,3.91,860,41,62,125
5345,5,5,1,1098,43,4.25,1098,43,58,116
5346,5,5,1,905,51,3.86,905,51,60,101
5347,5,5,1,828,31,4.42,828,31,42,84
5348,5,5,1,1232,35,4.02,1232,35,50,104
5349,5,5,1,991,29,4.23,991,29,43,81
5350,5,8,0,630,31,3.73,630,31,32,97
5351,5,5,1,1210,37,5.21,1210,37,52,91
5352,5,7,0,880,33,5.44,880,33,33,82
5353,5,5,1,1064,31,3.96,1064,31,41,102
5354,5,5,1,1303,46,4.47,1303,46,58,121
5355,5,5,1,925,52,4.86,925,52,58,115
5356,5,5,1,1454,48,5.06,1454,48,62,103
5357,5,8,0,911,37,3.85,911,37,29,97
5358,5,5,1,1338,31,6.21,1338,31,30,97
5359,5,5,1,903,51,4.33,903,51,71,124
5360,5,5,1,1228,28,4.77,1228,28,56,85
5361,5,5,1,1180,45,4.86,1180,45,69,119
5362,5,5,1,768,41,4.73,768,41,44,96
5363,5,5,1,1152,39,4.89,1152,39,44,81
5364,5,5,1,1411,32,5.25,1411,32,50,107
5365,5,5,1,1011,40,6.06,1011,40,66,128
5366,5,5,1,949,55,5.9,949,55,67,108
5367,5,5,1,1029,47,3.78,1029,47,70,119
5368,5,8,0,1119,25,5.81,1119,25,12,55
5369,5,5,1,1007,54,5.02,1007,54,81,139
5370,5,5,1,888,49,3.94,888,49,67,127
5371,5,5,1,896,32,5.21,896,32,45,98
5372,5,5,1,772,38,6.44,772,38,45,92
5373,5,8,0,916,43,4.66,916,43,45,118
5374,5,5,1,922,51,4.32,922,51,63,119
5375,5,5,1,925,36,4.22,925,36,63,115
5376,5,3,0,1084,45,4.02,1084,45,41,118
5377,5,5,1,789,41,3.59,789,41,63,116
5378,5,5,1,1023,44,11.28,1023,44,69,133
5379,5,5,1,779,28,5.74,779,28,42,79
5380,5,3,0,863,52,4.09,863,52,50,110
5381,5,5,1,837,45,5.47,837,45,70,126
5382,5,5,1,1288,41,6.61,1288,41,62,112
5383,5,5,1,1220,23,4.89,1220,23,26,58
5384,5,5,1,1258,36,5.6,1258,36,63,147
5385,5,5,1,1078,46,4.79,1078,46,67,124
5386,5,5,1,1258,31,6.31,1258,31,35,96
5387,5,5,1,297,17,3.04,297,17,31,75
5388,5,5,1,1058,38,5.57,1058,38,60,107
5389,5,5,1,657,42,3.59,657,42,60,123
5390,5,5,1,1030,37,4.17,1030,37,66,121
5391,5,8,0,540,28,4.18,540,28,35,113
5392,5,5,1,1201,59,4.22,1201,59,87,148
5393,5,5,1,595,43,3.99,595,43,44,90
5394,5,5,1,1369,31,5.4,1369,31,68,132
5395,5,5,1,998,41,4.84,998,41,75,134
5396,5,5,1,1208,54,5.79,1208,54,65,106
5397,5,5,1,1176,39,5.43,1176,39,69,119
5398,5,5,1,1018,47,5.6,1018,47,72,130
5399,5,5,1,1112,37,4.11,1112,37,46,102
5400,5,5,1,1029,33,5.8,1029,33,51,111
5401,5,5,1,1101,42,4.09,1101,42,69,114
5402,5,5,1,763,40,4.59,763,40,49,118
5403,5,5,1,1032,39,3.91,1032,39,61,106
5404,5,5,1,1356,43,4.84,1356,43,68,122
5405,5,5,1,1078,54,4.54,1078,54,60,113
5406,5,5,1,825,53,3.43,825,53,69,135
5407,5,5,1,1294,48,6.83,1294,48,76,131
5408,5,5,1,749,34,3.99,749,34,71,106
5409,5,5,1,868,34,4.19,868,34,53,113
5410,5,9,0,687,28,3.56,687,28,24,77
5411,5,5,1,1093,56,4.72,1093,56,65,112
5412,5,5,1,826,46,3.9,826,46,58,112
5413,5,5,1,573,50,3.97,573,50,64,139
5414,5,5,1,1216,48,5.11,1216,48,74,118
5415,5,5,1,938,18,3.51,938,18,40,71
5416,5,5,1,835,38,4.6,835,38,51,105
5417,5,5,1,619,45,3.02,619,45,58,111
5418,5,5,1,562,39,3.21,562,39,65,117
5419,5,3,0,765,37,3.72,765,37,27,79
5420,5,5,1,879,37,4.22,879,37,71,141
5421,5,5,1,686,44,3.3,686,44,60,117
5422,5,5,1,945,46,5.31,945,46,72,129
5423,5,5,1,1200,47,4.07,1200,47,63,112
5424,5,5,1,1162,47,4.54,1162,47,71,127
5425,5,5,1,1157,52,5.14,1157,52,70,129
5426,5,5,1,793,35,4.49,793,35,68,113
5427,5,5,1,994,41,3.8,994,41,49,97
5428,5,3,0,1048,41,5.91,1048,41,33,110
5429,5,5,1,843,39,4.43,843,39,50,115
5430,5,5,1,755,45,3.45,755,45,68,97
5431,5,5,1,815,31,3.96,815,31,59,84
5432,5,8,0,799,26,3.52,799,26,29,129
5433,5,5,1,1285,51,4.78,1285,51,68,132
5434,5,5,1,690,37,4.63,690,37,74,127
5435,5,9,0,948,43,4.05,948,43,53,107
5436,5,5,1,1167,40,6.0,1167,40,25,75
5437,5,5,1,794,32,3.48,794,32,58,121
5438,5,5,1,1118,26,4.75,1118,26,45,100
5439,5,5,1,1238,30,4.11,1238,30,42,98
5440,5,5,1,1238,61,5.58,1238,61,65,95
5441,5,5,1,851,40,5.3,851,40,64,129
5442,5,5,1,1541,26,17.88,1541,26,53,85
5443,5,5,1,1090,41,6.66,1090,41,67,141
5444,5,5,1,937,44,4.26,937,44,59,128
5445,5,5,1,1272,52,5.24,1272,52,66,111
5446,5,5,1,747,48,4.23,747,48,71,126
5447,5,5,1,607,40,2.98,607,40,58,93
5448,5,5,1,824,55,3.54,824,55,51,98
5449,5,5,1,1181,37,5.46,1181,37,43,91
5450,5,5,1,1019,43,3.91,1019,43,68,122
5451,5,5,1,1048,53,5.08,1048,53,54,106
5452,5,5,1,1334,38,4.46,1334,38,53,98
5453,5,5,1,1151,52,6.25,1151,52,56,120
5454,5,5,1,1191,33,4.39,1191,33,54,100
5455,5,5,1,1128,48,4.74,1128,48,55,106
5456,5,5,1,981,36,4.38,981,36,48,101
5457,5,5,1,1049,51,5.09,1049,51,80,138
5458,5,6,0,1097,38,4.69,1097,38,61,112
5459,5,5,1,857,65,3.99,857,65,67,129
5460,5,5,1,591,57,3.33,591,57,76,116
5461,5,5,1,916,40,4.75,916,40,49,93
5462,5,5,1,975,26,4.09,975,26,39,90
5463,5,3,0,988,41,5.71,988,41,18,41
5464,5,5,1,1355,53,4.65,1355,53,75,134
5465,5,5,1,1035,49,4.83,1035,49,61,108
5466,5,5,1,915,53,3.99,915,53,70,131
5467,5,5,1,1363,27,6.07,1363,27,31,78
5468,5,5,1,944,53,4.48,944,53,69,147
5469,5,5,1,1170,44,4.23,1170,44,72,115
5470,5,5,1,742,39,3.75,742,39,59,117
5471,5,5,1,889,54,4.54,889,54,63,110
5472,5,5,1,1106,29,4.41,1106,29,33,80
5473,5,5,1,859,39,3.72,859,39,78,138
5474,5,5,1,607,41,3.22,607,41,55,102
5475,5,5,1,875,46,3.66,875,46,72,121
5476,5,5,1,931,41,4.54,931,41,54,100
5477,5,5,1,1286,46,4.01,1286,46,53,99
5478,5,3,0,597,24,2.82,597,24,30,84
5479,5,5,1,1003,46,4.2,1003,46,52,114
5480,5,5,1,951,31,3.44,951,31,61,112
5481,5,5,1,909,34,4.57,909,34,41,88
5482,5,4,0,939,40,4.96,939,40,50,107
5483,5,5,1,992,37,3.9,992,37,44,109
5484,5,2,0,929,37,4.79,929,37,37,96
5485,5,5,1,1244,40,4.29,1244,40,52,94
5486,5,5,1,1083,55,4.44,1083,55,76,123
5487,5,4,0,893,47,3.5,893,47,47,80
5488,5,5,1,1123,32,4.56,1123,32,33,83
5489,5,5,1,984,49,4.43,984,49,72,120
5490,5,5,1,740,56,3.64,740,56,67,127
5491,5,5,1,958,55,6.3,958,55,68,139
5492,5,0,0,841,60,4.86,841,60,65,94
5493,5,5,1,1101,40,6.16,1101,40,45,98
5494,5,5,1,1045,58,3.85,1045,58,80,125
5495,5,5,1,1088,46,3.83,1088,46,62,115
5496,5,5,1,1063,45,4.34,1063,45,53,109
5497,5,6,0,723,27,4.76,723,27,32,58
5498,5,5,1,847,42,3.39,847,42,46,89
5499,5,6,0,1037,26,3.76,1037,26,46,97
5500,5,5,1,973,46,3.58,973,46,55,108
5501,5,5,1,894,35,4.84,894,35,46,85
5502,5,5,1,867,40,3.46,867,40,40,98
5503,5,5,1,1011,43,4.64,1011,43,68,132
5504,5,5,1,933,33,3.81,933,33,38,73
5505,5,5,1,882,44,3.59,882,44,70,126
5506,5,5,1,755,47,4.95,755,47,63,123
5507,5,5,1,1001,37,4.47,1001,37,75,124
5508,5,5,1,951,51,4.42,951,51,76,130
5509,5,3,0,932,42,3.94,932,42,43,96
5510,5,5,1,884,40,4.16,884,40,54,102
5511,5,5,1,664,37,4.13,664,37,49,107
5512,5,5,1,650,39,4.04,650,39,78,130
5513,5,5,1,1209,50,4.62,1209,50,77,138
5514,5,5,1,841,52,4.31,841,52,61,123
5515,5,5,1,1071,32,4.14,1071,32,46,102
5516,5,5,1,1079,40,5.83,1079,40,72,117
5517,5,5,1,688,37,4.22,688,37,61,131
5518,5,5,1,728,38,3.55,728,38,62,112
5519,5,5,1,733,32,3.84,733,32,55,112
5520,5,5,1,940,62,3.6,940,62,61,92
5521,5,5,1,755,41,4.36,755,41,57,128
5522,5,5,1,817,57,3.54,817,57,72,108
5523,5,5,1,709,42,3.99,709,42,61,106
5524,5,5,1,1258,35,5.25,1258,35,60,100
5525,5,5,1,1006,37,3.91,1006,37,65,106
5526,5,5,1,962,45,4.03,962,45,58,121
5527,5,5,1,1100,61,4.37,1100,61,59,112
5528,5,5,1,1140,50,4.84,1140,50,66,106
5529,5,5,1,924,60,14.82,924,60,74,135
5530,5,5,1,1078,53,4.03,1078,53,79,140
5531,5,5,1,884,40,3.62,884,40,66,111
5532,5,5,1,1025,43,4.64,1025,43,74,138
5533,5,5,1,1091,30,4.58,1091,30,35,83
5534,5,5,1,962,48,4.61,962,48,51,106
5535,5,3,0,779,40,3.75,779,40,53,139
5536,5,8,0,833,19,4.34,833,19,36,123
5537,5,5,1,791,38,3.47,791,38,63,124
5538,5,5,1,889,46,3.74,889,46,70,109
5539,5,5,1,842,47,4.81,842,47,74,123
5540,5,5,1,619,43,3.28,619,43,52,106
5541,5,6,0,933,46,4.2,933,46,41,77
5542,5,8,0,638,27,3.81,638,27,50,123
5543,5,5,1,858,38,3.66,858,38,42,85
5544,5,5,1,986,41,3.89,986,41,58,91
5545,5,5,1,848,45,4.72,848,45,68,123
5546,5,5,1,996,35,4.3,996,35,39,81
5547,5,5,1,757,21,3.49,757,21,38,91
5548,5,5,1,846,52,5.74,846,52,78,128
5549,5,3,0,940,42,4.61,940,42,59,108
5550,5,5,1,1130,41,4.69,1130,41,60,117
5551,5,5,1,802,32,3.83,802,32,44,79
5552,5,0,0,1369,25,5.15,1369,25,49,102
5553,5,5,1,1062,45,4.43,1062,45,80,146
5554,5,5,1,1147,53,5.11,1147,53,52,102
5555,5,5,1,1142,40,4.31,1142,40,61,111
5556,5,5,1,853,43,4.68,853,43,51,99
5557,5,5,1,1069,47,4.76,1069,47,67,128
5558,5,5,1,799,56,4.48,799,56,67,111
5559,5,5,1,1026,28,4.06,1026,28,52,105
5560,5,5,1,836,42,3.62,836,42,78,124
5561,5,5,1,935,45,3.85,935,45,57,112
5562,5,5,1,861,58,4.05,861,58,67,131
5563,5,6,0,1200,49,5.25,1200,49,33,76
5564,5,5,1,978,40,4.08,978,40,49,104
5565,5,5,1,669,46,3.39,669,46,49,110
5566,5,5,1,750,37,3.74,750,37,56,97
5567,5,5,1,1301,51,5.27,1301,51,85,149
5568,5,5,1,1260,50,5.78,1260,50,58,112
5569,5,5,1,1082,51,3.62,1082,51,73,133
5570,5,5,1,1042,36,4.42,1042,36,66,112
5571,5,5,1,986,42,4.52,986,42,59,120
5572,5,5,1,930,61,4.14,930,61,73,129
5573,5,5,1,941,51,4.97,941,51,62,116
5574,5,5,1,616,35,3.74,616,35,39,78
5575,5,5,1,905,41,4.65,905,41,43,101
5576,5,5,1,735,52,3.51,735,52,68,123
5577,5,5,1,1187,47,4.31,1187,47,54,105
5578,5,5,1,978,33,5.15,978,33,86,114
5579,5,5,1,1196,46,5.61,1196,46,81,130
5580,5,5,1,800,57,4.85,800,57,81,141
5581,5,5,1,1116,47,4.04,1116,47,47,106
5582,5,5,1,850,47,4.7,850,47,62,125
5583,5,5,1,845,34,3.73,845,34,43,77
5584,5,5,1,971,32,3.81,971,32,61,104
5585,5,5,1,1080,48,4.14,1080,48,66,107
5586,5,5,1,1275,47,5.25,1275,47,84,126
5587,5,5,1,987,28,4.98,987,28,34,84
5588,5,5,1,1051,49,3.68,1051,49,73,116
5589,5,5,1,895,45,3.73,895,45,60,135
5590,5,5,1,1045,31,4.55,1045,31,24,62
5591,5,5,1,1022,50,5.26,1022,50,75,122
5592,5,5,1,757,35,3.58,757,35,42,92
5593,5,5,1,807,38,4.17,807,38,64,111
5594,5,5,1,1262,36,4.91,1262,36,48,108
5595,5,5,1,891,47,4.08,891,47,72,131
5596,5,5,1,997,49,5.34,997,49,77,129
5597,5,5,1,723,39,4.25,723,39,59,93
5598,5,5,1,709,44,3.76,709,44,55,114
5599,5,5,1,939,44,4.18,939,44,70,122
5600,5,5,1,1041,45,3.73,1041,45,71,135
5601,5,5,1,792,29,3.62,792,29,55,124
5602,5,5,1,803,41,3.6,803,41,47,94
5603,5,5,1,1332,42,5.45,1332,42,62,97
5604,5,5,1,1141,39,4.11,1141,39,68,125
5605,5,5,1,997,47,3.66,997,47,62,93
5606,5,5,1,880,45,3.4,880,45,73,125
5607,5,5,1,1050,42,6.89,1050,42,78,141
5608,5,5,1,963,31,4.69,963,31,49,124
5609,5,5,1,1112,51,4.59,1112,51,69,138
5610,5,5,1,1009,48,4.94,1009,48,70,131
5611,5,5,1,1337,32,4.46,1337,32,78,116
5612,5,5,1,1099,32,4.14,1099,32,48,95
5613,5,5,1,1099,52,5.4,1099,52,60,118
5614,5,5,1,1028,47,3.67,1028,47,73,132
5615,5,5,1,882,53,3.69,882,53,78,136
5616,5,5,1,1186,57,4.95,1186,57,89,134
5617,5,5,1,1250,38,4.03,1250,38,78,136
5618,5,5,1,1331,50,4.36,1331,50,78,117
5619,5,5,1,1166,50,4.36,1166,50,68,122
5620,5,5,1,1169,54,4.41,1169,54,85,135
5621,5,5,1,1306,50,6.02,1306,50,74,121
5622,5,5,1,1205,51,5.82,1205,51,76,128
5623,5,5,1,1220,53,4.65,1220,53,70,117
5624,5,5,1,1318,53,4.75,1318,53,83,135
5625,5,5,1,1130,51,5.86,1130,51,60,107
5626,5,5,1,1087,49,4.96,1087,49,81,116
5627,5,5,1,1078,49,4.61,1078,49,78,131
5628,5,5,1,975,58,3.94,975,58,79,137
5629,5,5,1,1218,55,5.02,1218,55,63,124
5630,5,5,1,1150,39,5.07,1150,39,58,122
5631,5,5,1,1276,41,4.81,1276,41,73,127
5632,5,5,1,1154,47,4.75,1154,47,78,123
5633,5,5,1,1160,55,6.03,1160,55,81,124
5634,5,5,1,1208,41,6.31,1208,41,68,131
5635,5,5,1,947,37,4.71,947,37,65,115
5636,5,5,1,1297,49,6.39,1297,49,88,134
5637,5,5,1,1152,48,3.78,1152,48,66,121
5638,5,5,1,1209,51,4.84,1209,51,63,105
5639,5,5,1,1134,41,5.18,1134,41,60,114
5640,5,5,1,1393,39,4.94,1393,39,77,119
5641,5,5,1,1433,49,6.24,1433,49,67,120
5642,5,5,1,1441,48,5.27,1441,48,68,116
5643,5,5,1,1399,52,5.0,1399,52,80,117
5644,5,5,1,1148,42,3.89,1148,42,60,119
5645,5,5,1,1056,48,4.52,1056,48,67,142
5646,5,5,1,653,28,3.65,653,28,26,52
5647,5,5,1,960,51,4.37,960,51,66,108
5648,5,5,1,1035,62,4.39,1035,62,71,111
5649,5,5,1,1117,56,4.49,1117,56,71,141
5650,5,5,1,862,42,3.91,862,42,65,138
5651,5,5,1,833,49,5.08,833,49,65,128
5652,5,5,1,1128,45,5.55,1128,45,78,136
5653,5,5,1,1395,46,5.22,1395,46,52,92
5654,5,5,1,1081,49,3.92,1081,49,73,120
5655,5,5,1,900,53,4.38,900,53,68,119
5656,5,5,1,829,44,4.71,829,44,77,137
5657,5,5,1,1107,62,6.01,1107,62,71,126
5658,5,5,1,884,48,4.32,884,48,45,116
5659,5,5,1,436,40,3.32,436,40,43,87
5660,5,5,1,1005,51,5.46,1005,51,71,111
5661,5,5,1,974,29,5.12,974,29,55,107
5662,5,5,1,1019,33,4.83,1019,33,43,87
5663,5,5,1,1055,49,4.11,1055,49,78,130
5664,5,5,1,1014,47,3.99,1014,47,61,124
5665,5,5,1,911,40,4.94,911,40,60,104
5666,5,5,1,903,42,3.8,903,42,74,119
5667,5,5,1,1337,47,5.24,1337,47,65,115
5668,5,5,1,1260,32,4.58,1260,32,67,108
5669,5,5,1,1134,44,3.93,1134,44,71,116
5670,5,5,1,1215,57,3.9,1215,57,50,88
5671,5,5,1,1223,53,5.28,1223,53,69,119
5672,5,5,1,910,51,3.55,910,51,59,98
5673,5,5,1,973,52,3.65,973,52,60,102
5674,5,5,1,945,48,4.14,945,48,75,133
5675,5,5,1,1064,54,4.83,1064,54,71,127
5676,5,5,1,1013,49,4.11,1013,49,67,130
5677,5,3,0,1236,53,6.47,1236,53,41,91
5678,5,5,1,915,41,4.22,915,41,65,107
5679,5,5,1,1145,36,5.94,1145,36,40,89
5680,5,5,1,1062,36,5.52,1062,36,47,110
5681,5,5,1,1154,51,6.08,1154,51,70,134
5682,5,8,0,1121,38,4.92,1121,38,26,79
5683,5,3,0,1127,32,5.37,1127,32,26,73
5684,5,5,1,1073,47,4.47,1073,47,56,104
5685,5,8,0,1146,25,5.75,1146,25,45,142
5686,5,3,0,1065,34,4.78,1065,34,29,94
5687,5,5,1,1082,53,4.41,1082,53,64,125
5688,5,8,0,1446,28,5.79,1446,28,25,76
5689,5,5,1,1239,38,5.21,1239,38,33,89
5690,5,5,1,1212,36,5.21,1212,36,56,132
5691,5,5,1,1358,42,4.85,1358,42,76,113
5692,5,5,1,1235,43,4.59,1235,43,64,120
5693,5,5,1,1049,30,4.12,1049,30,37,75
5694,5,5,1,1023,43,4.0,1023,43,67,129
5695,5,5,1,1094,38,4.74,1094,38,54,96
5696,5,5,1,1022,43,4.25,1022,43,62,138
5697,5,5,1,1085,44,3.95,1085,44,65,130
5698,5,5,1,1251,53,4.33,1251,53,79,132
5699,5,5,1,1054,41,3.75,1054,41,66,128
5700,5,5,1,1240,43,6.19,1240,43,57,102
5701,5,5,1,1225,48,6.17,1225,48,61,103
5702,5,5,1,1137,65,5.11,1137,65,76,129
5703,5,5,1,1257,46,4.61,1257,46,75,115
5704,5,5,1,1093,51,4.41,1093,51,69,120
5705,5,5,1,1022,48,4.8,1022,48,65,123
5706,5,5,1,1088,45,4.68,1088,45,80,126
5707,5,5,1,1181,49,4.3,1181,49,59,118
5708,5,5,1,1044,53,3.92,1044,53,68,119
5709,5,5,1,1063,57,4.78,1063,57,68,130
5710,5,5,1,1287,49,4.84,1287,49,66,107
5711,5,5,1,1225,54,4.5,1225,54,56,92
5712,5,5,1,1218,47,4.15,1218,47,75,129
5713,5,5,1,1182,59,4.81,1182,59,68,119
5714,5,5,1,1319,44,5.99,1319,44,73,128
5715,5,5,1,1241,54,5.73,1241,54,94,149
5716,5,5,1,1263,43,6.17,1263,43,81,134
5717,5,5,1,1300,56,4.58,1300,56,74,124
5718,5,5,1,1259,49,6.39,1259,49,79,120
5719,5,5,1,860,60,4.78,860,60,78,107
5720,5,5,1,1360,43,4.79,1360,43,80,131
5721,5,5,1,1418,27,5.62,1418,27,47,61
5722,5,5,1,1317,29,5.72,1317,29,46,74
5723,5,0,0,1173,30,4.49,1173,30,37,98
5724,5,5,1,1235,41,4.74,1235,41,62,97
5725,5,5,1,1182,45,4.81,1182,45,68,108
5726,5,5,1,1066,47,4.09,1066,47,68,132
5727,5,5,1,1041,46,4.13,1041,46,63,109
5728,5,5,1,1110,50,4.55,1110,50,67,119
5729,5,5,1,888,49,4.57,888,49,58,104
5730,5,5,1,941,44,4.02,941,44,68,124
5731,5,5,1,1048,48,4.06,1048,48,53,104
5732,5,5,1,1001,50,4.42,1001,50,70,134
5733,5,5,1,983,42,4.02,983,42,60,117
5734,5,5,1,1156,48,4.16,1156,48,73,143
5735,5,5,1,785,37,3.29,785,37,57,106
5736,5,5,1,944,34,4.27,944,34,64,123
5737,5,5,1,747,47,3.8,747,47,64,124
5738,5,5,1,1092,56,4.95,1092,56,61,108
5739,5,5,1,888,44,3.56,888,44,78,147
5740,5,6,0,731,53,3.29,731,53,70,108
5741,5,5,1,769,48,3.33,769,48,54,103
5742,5,5,1,566,38,2.77,566,38,56,127
5743,5,5,1,793,49,3.92,793,49,61,120
5744,5,5,1,935,48,4.62,935,48,72,128
5745,5,3,0,1000,27,4.19,1000,27,45,86
5746,5,5,1,790,31,3.54,790,31,52,123
5747,5,5,1,1316,39,4.24,1316,39,62,116
5748,5,5,1,726,26,4.18,726,26,39,97
5749,5,5,1,706,30,3.33,706,30,45,101
5750,5,5,1,803,36,3.57,803,36,58,117
5751,5,5,1,1265,47,4.29,1265,47,82,126
5752,5,5,1,1296,44,4.15,1296,44,75,142
5753,5,5,1,975,47,4.86,975,47,65,115
5754,5,5,1,1385,42,5.86,1385,42,63,101
5755,5,5,1,1257,49,4.26,1257,49,76,125
5756,5,5,1,1177,54,4.56,1177,54,80,135
5757,5,5,1,1188,50,4.27,1188,50,86,130
5758,5,5,1,1449,46,5.71,1449,46,64,118
5759,5,5,1,1034,51,3.72,1034,51,80,137
5760,5,5,1,1103,40,5.92,1103,40,75,133
5761,5,5,1,781,39,4.42,781,39,66,111
5762,5,5,1,1274,54,4.77,1274,54,81,138
5763,5,5,1,895,44,4.05,895,44,57,129
5764,5,5,1,1215,51,4.06,1215,51,78,150
5765,5,5,1,1089,47,4.52,1089,47,64,107
5766,5,5,1,986,39,3.86,986,39,62,112
5767,5,5,1,1156,47,4.65,1156,47,70,133
5768,5,5,1,1043,58,4.67,1043,58,54,103
5769,5,5,1,1156,52,5.13,1156,52,55,104
5770,5,5,1,1016,28,3.62,1016,28,53,110
5771,5,5,1,1211,44,4.5,1211,44,63,127
5772,5,5,1,976,46,5.35,976,46,60,92
5773,5,5,1,1115,45,4.64,1115,45,74,124
5774,5,5,1,977,50,3.87,977,50,68,108
5775,5,5,1,1316,51,5.08,1316,51,74,129
5776,5,5,1,950,46,4.35,950,46,70,147
5777,5,5,1,1057,47,4.73,1057,47,74,127
5778,5,8,0,1017,44,4.91,1017,44,61,144
5779,5,5,1,780,50,3.25,780,50,56,115
5780,5,5,1,974,45,4.19,974,45,51,107
5781,5,5,1,1021,41,3.85,1021,41,56,108
5782,5,5,1,1022,59,4.68,1022,59,73,125
5783,5,5,1,939,48,4.15,939,48,66,129
5784,5,5,1,926,42,3.88,926,42,54,94
5785,5,5,1,752,34,3.84,752,34,56,104
5786,5,5,1,863,37,3.39,863,37,61,99
5787,5,5,1,643,28,3.86,643,28,36,72
5788,5,5,1,729,34,3.88,729,34,49,106
5789,5,5,1,744,34,3.45,744,34,49,119
5790,5,5,1,919,46,4.15,919,46,65,114
5791,5,5,1,920,42,3.6,920,42,69,118
5792,5,5,1,947,30,4.48,947,30,46,98
5793,5,5,1,860,30,4.03,860,30,70,143
5794,5,5,1,889,42,3.38,889,42,60,93
5795,5,5,1,996,44,4.5,996,44,67,109
5796,5,5,1,980,42,4.59,980,42,63,123
5797,5,5,1,1021,34,3.94,1021,34,53,112
5798,5,5,1,952,43,3.84,952,43,70,115
5799,5,5,1,884,38,3.81,884,38,69,116
5800,5,5,1,1038,34,4.3,1038,34,57,105
5801,5,5,1,1117,46,4.18,1117,46,70,128
5802,5,5,1,1139,45,4.84,1139,45,75,125
5803,5,5,1,1086,46,4.1,1086,46,75,131
5804,5,5,1,812,48,3.58,812,48,55,103
5805,5,5,1,738,39,4.49,738,39,58,133
5806,5,3,0,964,29,3.95,964,29,63,132
5807,5,8,0,846,42,5.08,846,42,63,124
5808,5,5,1,1258,35,5.1,1258,35,79,122
5809,5,8,0,370,27,3.39,370,27,29,101
5810,5,5,1,571,33,3.08,571,33,48,110
5811,5,5,1,764,51,3.81,764,51,56,102
5812,5,5,1,978,52,5.58,978,52,72,112
5813,5,5,1,1015,38,4.38,1015,38,76,124
5814,5,5,1,916,45,4.54,916,45,56,90
5815,5,5,1,1075,43,3.62,1075,43,67,116
5816,5,5,1,853,26,3.48,853,26,59,106
5817,5,5,1,899,37,4.44,899,37,62,113
5818,5,5,1,743,30,12.68,743,30,55,125
5819,5,5,1,759,34,3.24,759,34,58,111
5820,5,5,1,1265,41,4.14,1265,41,75,122
5821,5,5,1,943,40,3.76,943,40,53,114
5822,5,5,1,829,39,3.62,829,39,50,81
5823,5,5,1,730,42,3.57,730,42,71,112
5824,5,5,1,1074,39,4.36,1074,39,62,103
5825,5,5,1,896,37,3.38,896,37,45,91
5826,5,5,1,1032,47,4.32,1032,47,69,105
5827,5,5,1,1032,38,4.15,1032,38,50,114
5828,5,5,1,870,44,4.61,870,44,59,106
5829,5,5,1,1008,30,4.01,1008,30,45,107
5830,5,5,1,1181,49,5.43,1181,49,65,106
5831,5,5,1,946,32,3.77,946,32,35,96
5832,5,8,0,792,30,3.89,792,30,39,86
5833,5,5,1,749,31,3.68,749,31,43,92
5834,5,5,1,909,35,4.06,909,35,51,114
5835,5,5,1,960,40,4.16,960,40,37,73
5836,5,5,1,978,42,4.37,978,42,53,87
5837,5,5,1,1104,33,5.6,1104,33,39,101
5838,5,5,1,1166,49,5.49,1166,49,62,99
5839,5,5,1,1163,42,4.53,1163,42,61,97
5840,5,5,1,1339,45,4.71,1339,45,57,108
5841,5,5,1,1187,30,4.37,1187,30,49,105
5842,5,5,1,1162,40,3.99,1162,40,44,90
5843,5,5,1,1113,31,4.41,1113,31,41,97
5844,5,5,1,954,33,3.81,954,33,68,119
5845,5,5,1,1068,32,3.84,1068,32,57,116
5846,5,5,1,965,40,3.85,965,40,48,110
5847,5,5,1,868,38,3.49,868,38,46,82
5848,5,7,0,951,36,4.2,951,36,42,87
5849,5,6,0,1025,37,5.49,1025,37,47,89
5850,5,6,0,858,41,3.65,858,41,55,116
5851,5,8,0,938,26,3.6,938,26,42,101
5852,5,5,1,843,41,4.08,843,41,49,98
5853,5,6,0,852,37,3.82,852,37,38,98
5854,5,5,1,1209,47,5.89,1209,47,69,111
5855,5,5,1,1154,45,3.95,1154,45,66,127
5856,5,5,1,1145,45,4.25,1145,45,55,98
5857,5,5,1,1402,52,5.38,1402,52,82,130
5858,5,5,1,1061,47,4.63,1061,47,67,146
5859,5,5,1,1095,41,4.52,1095,41,45,78
5860,5,5,1,786,47,3.13,786,47,58,98
5861,5,5,1,989,48,5.1,989,48,62,133
5862,5,5,1,1259,42,3.98,1259,42,60,113
5863,5,5,1,1235,43,4.64,1235,43,50,87
5864,5,5,1,1353,39,5.51,1353,39,62,112
5865,5,5,1,1401,52,6.12,1401,52,91,132
5866,5,8,0,931,33,5.31,931,33,37,123
5867,5,5,1,1090,46,4.09,1090,46,59,117
5868,5,5,1,1175,39,4.28,1175,39,62,121
5869,5,5,1,1122,55,4.66,1122,55,73,122
5870,5,5,1,899,43,4.02,899,43,61,129
5871,5,5,1,890,37,3.8,890,37,62,126
5872,5,5,1,989,40,3.8,989,40,53,107
5873,5,5,1,1126,53,5.11,1126,53,51,88
5874,5,5,1,951,45,4.27,951,45,57,111
5875,5,3,0,920,32,3.35,920,32,27,70
5876,5,5,1,809,36,3.85,809,36,53,124
5877,5,5,1,1092,36,5.49,1092,36,47,87
5878,5,5,1,1101,45,4.74,1101,45,72,134
5879,5,5,1,1131,41,3.93,1131,41,62,109
5880,5,5,1,1143,48,6.44,1143,48,59,114
5881,5,5,1,1096,43,4.11,1096,43,63,97
5882,5,5,1,883,42,3.84,883,42,59,108
5883,5,5,1,809,48,4.05,809,48,59,102
5884,5,5,1,720,42,3.85,720,42,66,123
5885,5,5,1,845,45,4.21,845,45,62,133
5886,5,5,1,791,43,3.71,791,43,60,115
5887,5,5,1,862,43,5.57,862,43,52,105
5888,5,5,1,928,48,4.35,928,48,69,130
5889,5,5,1,1290,50,4.19,1290,50,69,122
5890,5,5,1,1023,49,5.82,1023,49,73,138
5891,5,4,0,872,48,4.72,872,48,60,126
5892,5,5,1,933,44,3.65,933,44,64,106
5893,5,5,1,565,34,3.34,565,34,63,96
5894,5,5,1,845,43,4.0,845,43,49,99
5895,5,5,1,1213,54,4.18,1213,54,71,146
5896,5,8,0,1064,34,4.29,1064,34,53,116
5897,5,5,1,1039,47,4.76,1039,47,66,118
5898,5,5,1,1177,50,4.15,1177,50,67,115
5899,5,5,1,1207,33,4.41,1207,33,64,111
5900,5,5,1,1121,43,3.64,1121,43,46,83
5901,5,5,1,937,43,3.72,937,43,51,99
5902,5,5,1,1060,53,4.29,1060,53,50,100
5903,5,5,1,1193,62,3.95,1193,62,72,124
5904,5,5,1,1375,37,5.05,1375,37,67,109
5905,5,5,1,1398,40,5.37,1398,40,68,121
5906,5,5,1,1145,39,4.39,1145,39,67,128
5907,5,5,1,1064,38,3.94,1064,38,76,136
5908,5,5,1,1241,36,4.74,1241,36,48,85
5909,5,5,1,1188,50,4.46,1188,50,74,129
5910,5,5,1,1256,50,4.61,1256,50,70,117
5911,5,5,1,1199,45,5.9,1199,45,72,113
5912,5,5,1,959,43,5.63,959,43,66,102
5913,5,5,1,994,40,3.95,994,40,76,121
5914,5,5,1,991,46,4.75,991,46,70,140
5915,5,5,1,981,45,3.74,981,45,63,98
5916,5,5,1,1020,46,3.98,1020,46,67,125
5917,5,5,1,1119,43,5.36,1119,43,60,124
5918,5,5,1,1115,45,4.76,1115,45,71,133
5919,5,5,1,1013,40,3.95,1013,40,75,141
5920,5,5,1,938,38,5.15,938,38,66,136
5921,5,5,1,941,35,4.11,941,35,56,103
5922,5,5,1,1124,55,4.87,1124,55,80,117
5923,5,5,1,1033,54,5.72,1033,54,81,140
5924,5,5,1,1071,45,4.0,1071,45,70,121
5925,5,5,1,1047,35,5.19,1047,35,78,130
5926,5,5,1,976,50,3.97,976,50,79,133
5927,5,5,1,1065,50,3.82,1065,50,71,119
5928,5,5,1,1055,50,3.91,1055,50,70,138
5929,5,5,1,1052,44,3.76,1052,44,64,118
5930,5,5,1,895,49,3.29,895,49,73,135
5931,5,5,1,933,58,3.96,933,58,76,140
5932,5,5,1,658,40,3.69,658,40,59,117
5933,5,5,1,926,51,3.88,926,51,59,113
5934,5,5,1,1037,50,5.14,1037,50,66,113
5935,5,5,1,956,39,4.93,956,39,63,107
5936,5,5,1,989,46,4.92,989,46,64,121
5937,5,5,1,1034,55,5.06,1034,55,63,111
5938,5,5,1,926,50,4.1,926,50,77,132
5939,5,5,1,878,47,3.53,878,47,55,103
5940,5,5,1,1011,47,3.63,1011,47,53,104
5941,5,5,1,1097,52,4.73,1097,52,70,131
5942,5,5,1,629,43,4.5,629,43,57,114
5943,5,5,1,884,48,3.94,884,48,61,111
5944,5,5,1,707,39,4.57,707,39,55,112
5945,5,5,1,1031,50,4.16,1031,50,72,140
5946,5,4,0,730,39,4.15,730,39,44,78
5947,5,5,1,678,42,5.4,678,42,49,112
5948,5,5,1,1277,47,5.71,1277,47,75,118
5949,5,5,1,1435,42,4.78,1435,42,63,99
5950,5,5,1,1474,36,5.98,1474,36,70,117
5951,5,5,1,1390,47,5.51,1390,47,74,107
5952,5,5,1,1317,59,4.32,1317,59,77,126
5953,5,5,1,936,53,3.99,936,53,75,144
5954,5,5,1,1205,35,4.91,1205,35,66,129
5955,5,5,1,1020,42,4.08,1020,42,77,127
5956,5,5,1,1274,37,4.83,1274,37,70,143
5957,5,5,1,1352,48,6.3,1352,48,86,142
5958,5,5,1,1303,60,5.71,1303,60,76,126
5959,5,5,1,1233,36,5.28,1233,36,71,136
5960,5,5,1,996,47,3.87,996,47,73,139
5961,5,5,1,917,36,4.19,917,36,56,110
5962,5,5,1,944,52,4.63,944,52,59,118
5963,5,5,1,829,38,5.09,829,38,46,99
5964,5,5,1,987,46,3.81,987,46,60,125
5965,5,5,1,1001,53,3.57,1001,53,57,89
5966,5,5,1,1022,53,5.28,1022,53,56,90
5967,5,5,1,1099,50,4.82,1099,50,57,108
5968,5,5,1,834,39,4.24,834,39,59,130
5969,5,5,1,1168,54,5.21,1168,54,77,134
5970,5,5,1,815,55,4.61,815,55,70,126
5971,5,5,1,1094,47,4.0,1094,47,53,119
5972,5,5,1,819,43,3.33,819,43,57,121
5973,5,5,1,1030,51,4.58,1030,51,49,92
5974,5,5,1,1005,57,3.72,1005,57,61,104
5975,5,5,1,922,51,4.78,922,51,72,138
5976,5,5,1,1089,60,4.49,1089,60,84,144
5977,5,5,1,1356,44,5.06,1356,44,72,142
5978,5,8,0,1121,37,4.06,1121,37,49,138
5979,5,8,0,1162,40,4.86,1162,40,54,128
5980,5,5,1,1102,51,5.25,1102,51,67,114
5981,5,5,1,1049,50,3.89,1049,50,65,123
5982,5,3,0,1005,46,4.78,1005,46,64,139
5983,5,5,1,1193,34,4.07,1193,34,58,108
5984,5,5,1,971,39,3.99,971,39,69,116
5985,5,5,1,991,52,4.07,991,52,76,127
5986,5,5,1,1027,43,4.4,1027,43,60,140
5987,5,5,1,1062,48,3.67,1062,48,51,102
5988,5,5,1,982,46,3.78,982,46,45,105
5989,5,5,1,1185,52,4.65,1185,52,74,137
5990,5,5,1,917,42,4.05,917,42,58,103
5991,5,5,1,804,39,3.97,804,39,53,101
5992,5,5,1,1144,42,4.73,1144,42,79,141
5993,5,5,1,861,40,3.55,861,40,62,124
5994,5,5,1,1004,51,3.91,1004,51,83,141
5995,5,5,1,1130,57,5.25,1130,57,71,122
5996,5,5,1,1029,48,5.04,1029,48,64,124
5997,5,5,1,1058,51,4.01,1058,51,57,99
5998,5,5,1,1116,57,4.2,1116,57,68,113
5999,5,5,1,844,46,3.41,844,46,44,86
6000,5,5,1,681,38,4.25,681,38,45,82
6001,5,5,1,859,55,4.02,859,55,76,131
6002,5,5,1,814,48,4.0,814,48,54,106
6003,5,5,1,720,48,3.69,720,48,57,135
6004,5,5,1,753,55,3.43,753,55,72,118
6005,5,5,1,766,44,3.88,766,44,56,119
6006,5,5,1,884,46,3.48,884,46,60,129
6007,5,5,1,835,38,3.85,835,38,61,121
6008,5,5,1,839,36,4.13,839,36,48,94
6009,5,0,0,1205,47,4.22,1205,47,73,124
6010,5,6,0,1052,23,4.08,1052,23,42,87
6011,5,5,1,894,35,3.84,894,35,52,106
6012,5,5,1,1168,27,4.28,1168,27,52,122
6013,5,5,1,749,31,3.26,749,31,44,96
6014,5,0,0,1204,30,4.25,1204,30,46,81
6015,5,0,0,885,32,4.14,885,32,55,127
6016,5,5,1,1024,41,3.64,1024,41,69,86
6017,5,5,1,814,69,4.2,814,69,78,145
6018,5,5,1,711,61,3.21,711,61,65,126
6019,5,5,1,613,53,4.05,613,53,70,119
6020,5,5,1,785,57,4.17,785,57,63,120
6021,5,5,1,711,58,3.28,711,58,63,143
6022,5,5,1,832,42,4.78,832,42,60,118
6023,5,5,1,712,67,3.48,712,67,72,92
6024,5,6,0,701,44,3.2,701,44,49,83
6025,5,5,1,581,40,3.53,581,40,53,111
6026,5,3,0,913,46,4.14,913,46,51,116
6027,5,5,1,852,62,3.98,852,62,70,130
6028,5,6,0,857,30,3.67,857,30,51,92
6029,5,5,1,1052,48,4.98,1052,48,59,130
6030,5,5,1,932,42,3.62,932,42,54,124
6031,6,6,1,902,21,3.94,902,21,65,86
6032,6,6,1,827,23,3.59,827,23,50,88
6033,6,6,1,812,39,3.78,812,39,82,133
6034,6,6,1,724,45,4.81,724,45,93,131
6035,6,6,1,1172,29,4.25,1172,29,83,132
6036,6,6,1,931,26,4.26,931,26,54,90
6037,6,6,1,883,33,3.65,883,33,103,167
6038,6,6,1,938,52,4.78,938,52,104,142
6039,6,6,1,825,41,3.92,825,41,117,170
6040,6,6,1,914,40,4.02,914,40,72,133
6041,6,6,1,699,37,3.85,699,37,79,136
6042,6,6,1,862,32,4.81,862,32,97,148
6043,6,6,1,996,38,4.22,996,38,100,142
6044,6,6,1,1126,43,4.24,1126,43,99,146
6045,6,6,1,979,53,4.97,979,53,127,172
6046,6,6,1,625,27,3.05,625,27,85,148
6047,6,6,1,702,59,3.58,702,59,90,124
6048,6,6,1,1067,45,3.62,1067,45,104,149
6049,6,6,1,764,47,4.9,764,47,90,128
6050,6,6,1,873,33,3.42,873,33,76,121
6051,6,6,1,1177,45,4.41,1177,45,105,152
6052,6,5,0,967,35,4.13,967,35,51,103
6053,6,0,0,1164,37,4.73,1164,37,69,160
6054,6,6,1,741,49,4.47,741,49,94,143
6055,6,6,1,805,26,3.69,805,26,53,103
6056,6,6,1,963,42,3.4,963,42,90,139
6057,6,6,1,429,27,8.17,429,27,59,112
6058,6,6,1,1137,29,4.47,1137,29,71,114
6059,6,6,1,936,48,3.52,936,48,109,159
6060,6,6,1,813,20,11.36,813,20,73,137
6061,6,6,1,732,33,3.27,732,33,97,153
6062,6,6,1,1185,37,3.83,1185,37,98,146
6063,6,6,1,818,33,3.67,818,33,64,126
6064,6,6,1,804,38,4.51,804,38,93,158
6065,6,6,1,734,33,4.54,734,33,64,135
6066,6,0,0,933,34,4.36,933,34,73,142
6067,6,6,1,1193,33,3.98,1193,33,93,149
6068,6,6,1,859,30,3.93,859,30,62,113
6069,6,6,1,949,51,4.3,949,51,90,130
6070,6,6,1,1178,44,4.07,1178,44,102,154
6071,6,6,1,1095,45,4.7,1095,45,114,156
6072,6,6,1,847,44,4.13,847,44,106,150
6073,6,6,1,540,20,4.69,540,20,55,128
6074,6,6,1,925,28,3.62,925,28,62,120
6075,6,6,1,1182,22,5.06,1182,22,47,95
6076,6,6,1,883,45,4.29,883,45,104,138
6077,6,6,1,879,42,4.8,879,42,108,159
6078,6,6,1,990,51,4.25,990,51,91,142
6079,6,6,1,574,21,2.72,574,21,72,116
6080,6,6,1,877,40,3.9,877,40,106,155
6081,6,6,1,921,45,3.65,921,45,103,159
6082,6,6,1,835,36,4.03,835,36,96,143
6083,6,6,1,837,40,3.85,837,40,104,152
6084,6,6,1,1250,39,4.68,1250,39,95,153
6085,6,6,1,793,48,4.16,793,48,95,149
6086,6,6,1,787,50,4.88,787,50,92,142
6087,6,6,1,1135,40,4.99,1135,40,72,129
6088,6,6,1,745,39,3.62,745,39,85,131
6089,6,6,1,1177,50,4.27,1177,50,85,119
6090,6,6,1,903,51,3.93,903,51,105,162
6091,6,6,1,873,29,3.56,873,29,61,108
6092,6,6,1,697,47,4.58,697,47,94,148
6093,6,6,1,1107,42,4.46,1107,42,91,124
6094,6,6,1,1070,45,4.62,1070,45,88,142
6095,6,6,1,1055,46,3.85,1055,46,98,152
6096,6,6,1,714,36,3.42,714,36,94,164
6097,6,6,1,852,34,4.41,852,34,82,147
6098,6,6,1,804,34,3.49,804,34,59,128
6099,6,6,1,734,45,4.1,734,45,114,154
6100,6,6,1,1062,51,4.5,1062,51,109,171
6101,6,6,1,1159,44,4.7,1159,44,101,156
6102,6,6,1,683,43,2.97,683,43,68,103
6103,6,6,1,1187,45,4.98,1187,45,100,140
6104,6,6,1,759,43,4.57,759,43,90,133
6105,6,6,1,845,23,3.87,845,23,37,76
6106,6,6,1,644,38,3.44,644,38,74,115
6107,6,6,1,1036,34,3.89,1036,34,103,168
6108,6,6,1,1004,27,3.93,1004,27,44,82
6109,6,6,1,1080,54,4.01,1080,54,99,143
6110,6,6,1,1039,25,4.43,1039,25,53,104
6111,6,6,1,887,50,3.64,887,50,99,145
6112,6,6,1,871,21,3.89,871,21,58,107
6113,6,6,1,696,50,3.3,696,50,92,141
6114,6,0,0,1075,29,4.3,1075,29,46,102
6115,6,6,1,1040,46,3.56,1040,46,101,133
6116,6,6,1,966,43,3.63,966,43,87,127
6117,6,6,1,901,32,4.96,901,32,71,127
6118,6,5,0,716,25,3.62,716,25,60,88
6119,6,2,0,986,63,3.88,986,63,74,122
6120,6,6,1,779,43,3.65,779,43,69,111
6121,6,6,1,859,21,4.43,859,21,28,71
6122,6,6,1,1123,22,3.84,1123,22,76,143
6123,6,6,1,632,42,4.18,632,42,93,154
6124,6,6,1,769,23,3.31,769,23,55,100
6125,6,6,1,915,52,3.89,915,52,110,146
6126,6,6,1,850,31,4.06,850,31,70,135
6127,6,6,1,1113,42,5.03,1113,42,101,153
6128,6,6,1,577,24,3.49,577,24,47,94
6129,6,5,0,919,31,3.94,919,31,48,112
6130,6,6,1,951,38,4.57,951,38,92,134
6131,6,6,1,1091,47,4.25,1091,47,96,145
6132,6,1,0,654,34,4.17,654,34,47,125
6133,6,8,0,841,29,3.43,841,29,38,94
6134,6,6,1,843,29,4.1,843,29,51,106
6135,6,6,1,1008,29,4.78,1008,29,74,169
6136,6,6,1,905,24,4.01,905,24,61,115
6137,6,6,1,783,22,4.52,783,22,68,128
6138,6,6,1,570,22,2.83,570,22,50,140
6139,6,6,1,833,43,3.88,833,43,85,137
6140,6,6,1,908,35,3.91,908,35,67,109
6141,6,6,1,897,49,4.05,897,49,81,130
6142,6,6,1,621,22,3.62,621,22,48,115
6143,6,6,1,697,49,3.15,697,49,83,137
6144,6,6,1,1216,37,4.86,1216,37,85,121
6145,6,6,1,739,36,4.58,739,36,69,131
6146,6,6,1,933,54,3.8,933,54,97,120
6147,6,6,1,864,41,4.24,864,41,111,166
6148,6,6,1,1343,25,4.96,1343,25,78,139
6149,6,6,1,729,47,5.04,729,47,85,110
6150,6,6,1,1268,46,5.01,1268,46,101,151
6151,6,6,1,683,40,4.04,683,40,82,126
6152,6,6,1,864,32,4.66,864,32,89,133
6153,6,6,1,738,33,3.26,738,33,53,109
6154,6,6,1,856,45,3.76,856,45,71,124
6155,6,6,1,1124,44,4.23,1124,44,92,136
6156,6,6,1,771,46,3.94,771,46,86,104
6157,6,6,1,1147,44,4.96,1147,44,86,141
6158,6,6,1,688,22,3.93,688,22,47,106
6159,6,6,1,626,31,3.6,626,31,89,141
6160,6,6,1,739,41,3.41,739,41,80,131
6161,6,6,1,852,52,4.81,852,52,105,142
6162,6,6,1,1060,43,5.3,1060,43,62,103
6163,6,6,1,923,43,3.69,923,43,88,137
6164,6,6,1,738,54,4.28,738,54,65,120
6165,6,6,1,729,50,3.69,729,50,96,120
6166,6,6,1,741,45,3.59,741,45,92,123
6167,6,6,1,795,30,3.2,795,30,56,112
6168,6,6,1,1011,36,3.75,1011,36,43,62
6169,6,6,1,382,31,3.14,382,31,76,118
6170,6,6,1,767,34,3.58,767,34,83,133
6171,6,6,1,1212,34,4.35,1212,34,84,140
6172,6,6,1,827,24,3.54,827,24,61,119
6173,6,6,1,809,36,3.48,809,36,104,158
6174,6,6,1,954,50,3.82,954,50,113,162
6175,6,6,1,864,31,3.54,864,31,67,120
6176,6,6,1,896,43,4.38,896,43,109,147
6177,6,6,1,719,23,3.41,719,23,67,122
6178,6,6,1,883,45,3.54,883,45,73,103
6179,6,6,1,618,34,4.15,618,34,76,116
6180,6,6,1,1158,27,6.14,1158,27,91,140
6181,6,6,1,735,51,3.99,735,51,97,133
6182,6,6,1,934,62,5.48,934,62,74,105
6183,6,6,1,930,32,4.6,930,32,93,132
6184,6,6,1,1013,23,5.22,1013,23,78,155
6185,6,6,1,683,42,3.06,683,42,36,80
6186,6,6,1,1074,30,5.6,1074,30,79,130
6187,6,6,1,760,31,3.7,760,31,80,153
6188,6,6,1,1140,48,6.25,1140,48,92,134
6189,6,6,1,689,52,4.2,689,52,55,104
6190,6,6,1,964,41,3.87,964,41,115,173
6191,6,6,1,827,61,3.61,827,61,100,129
6192,6,6,1,756,30,3.35,756,30,61,114
6193,6,6,1,544,34,3.57,544,34,46,103
6194,6,6,1,811,48,4.32,811,48,119,176
6195,6,6,1,660,8,3.02,660,8,28,68
6196,6,6,1,768,38,4.06,768,38,69,127
6197,6,6,1,1216,42,4.46,1216,42,100,143
6198,6,6,1,832,39,3.95,832,39,83,129
6199,6,6,1,692,33,3.05,692,33,62,108
6200,6,6,1,594,43,3.83,594,43,89,154
6201,6,6,1,810,12,3.1,810,12,17,52
6202,6,6,1,1017,43,4.28,1017,43,79,134
6203,6,6,1,856,34,4.08,856,34,88,144
6204,6,6,1,866,39,5.33,866,39,101,145
6205,6,6,1,773,30,4.54,773,30,53,102
6206,6,6,1,1064,24,4.29,1064,24,61,98
6207,6,6,1,797,34,3.89,797,34,92,149
6208,6,6,1,1033,37,5.06,1033,37,100,154
6209,6,6,1,663,37,3.64,663,37,101,152
6210,6,6,1,763,29,3.82,763,29,92,138
6211,6,6,1,1008,22,5.13,1008,22,54,128
6212,6,6,1,791,29,4.37,791,29,94,154
6213,6,6,1,1024,30,3.82,1024,30,68,115
6214,6,6,1,1156,51,4.29,1156,51,81,127
6215,6,6,1,1091,33,4.42,1091,33,37,82
6216,6,6,1,993,54,3.99,993,54,107,148
6217,6,6,1,783,19,4.41,783,19,71,129
6218,6,6,1,582,29,3.23,582,29,85,164
6219,6,6,1,789,26,5.02,789,26,76,123
6220,6,8,0,886,34,3.93,886,34,53,139
6221,6,0,0,1009,41,3.93,1009,41,40,72
6222,6,6,1,499,22,3.22,499,22,55,107
6223,6,1,0,430,29,2.61,430,29,20,76
6224,6,6,1,1083,51,9.64,1083,51,84,126
6225,6,6,1,784,43,3.81,784,43,76,101
6226,6,6,1,937,30,4.43,937,30,86,138
6227,6,6,1,927,33,4.04,927,33,87,147
6228,6,6,1,727,38,3.61,727,38,95,149
6229,6,6,1,1168,56,4.25,1168,56,99,147
6230,6,6,1,1029,47,4.1,1029,47,84,131
6231,6,6,1,899,29,4.01,899,29,51,99
6232,6,6,1,589,38,3.47,589,38,86,117
6233,6,6,1,1414,41,4.3,1414,41,72,126
6234,6,6,1,1148,49,4.46,1148,49,117,174
6235,6,6,1,1060,35,4.81,1060,35,107,156
6236,6,6,1,894,42,4.12,894,42,101,139
6237,6,6,1,1061,53,6.02,1061,53,114,156
6238,6,6,1,753,57,4.48,753,57,67,105
6239,6,6,1,1241,43,4.0,1241,43,88,132
6240,6,6,1,931,54,4.84,931,54,102,139
6241,6,6,1,661,51,3.83,661,51,95,140
6242,6,6,1,676,33,3.75,676,33,100,163
6243,6,6,1,801,43,4.87,801,43,105,154
6244,6,6,1,761,30,3.82,761,30,70,113
6245,6,6,1,600,22,3.36,600,22,51,83
6246,6,6,1,882,36,4.13,882,36,98,166
6247,6,5,0,880,26,3.73,880,26,22,62
6248,6,6,1,884,38,3.96,884,38,106,154
6249,6,6,1,903,46,7.01,903,46,117,167
6250,6,6,1,703,58,4.14,703,58,100,136
6251,6,6,1,823,41,3.52,823,41,91,145
6252,6,6,1,763,32,3.74,763,32,82,120
6253,6,6,1,668,52,3.42,668,52,92,123
6254,6,6,1,725,37,4.48,725,37,92,142
6255,6,6,1,903,51,5.23,903,51,114,162
6256,6,6,1,391,40,3.98,391,40,89,149
6257,6,8,0,221,13,3.26,221,13,38,88
6258,6,6,1,1114,39,4.16,1114,39,71,137
6259,6,6,1,1139,42,4.65,1139,42,82,137
6260,6,6,1,953,17,4.3,953,17,48,88
6261,6,6,1,771,32,3.33,771,32,59,130
6262,6,6,1,933,32,4.67,933,32,55,101
6263,6,6,1,939,47,4.08,939,47,91,138
6264,6,6,1,913,39,3.72,913,39,87,160
6265,6,6,1,841,35,4.07,841,35,87,147
6266,6,6,1,860,38,4.06,860,38,75,107
6267,6,6,1,566,44,3.68,566,44,48,121
6268,6,6,1,823,42,3.4,823,42,105,161
6269,6,6,1,864,38,3.72,864,38,111,172
6270,6,6,1,1065,49,9.07,1065,49,104,150
6271,6,6,1,1061,52,5.06,1061,52,107,145
6272,6,6,1,752,37,3.52,752,37,82,125
6273,6,6,1,915,38,4.82,915,38,56,102
6274,6,6,1,1198,39,4.03,1198,39,52,88
6275,6,6,1,509,27,3.01,509,27,52,111
6276,6,6,1,858,38,4.48,858,38,98,165
6277,6,6,1,1040,55,3.95,1040,55,95,140
6278,6,6,1,897,34,4.36,897,34,49,129
6279,6,6,1,1063,35,3.67,1063,35,61,117
6280,6,6,1,913,63,4.42,913,63,117,154
6281,6,6,1,762,50,3.93,762,50,111,148
6282,6,6,1,729,33,3.36,729,33,73,142
6283,6,6,1,674,31,3.53,674,31,80,126
6284,6,6,1,994,51,4.57,994,51,101,141
6285,6,6,1,1215,32,5.2,1215,32,88,145
6286,6,6,1,1011,49,4.41,1011,49,113,173
6287,6,6,1,666,34,4.28,666,34,73,140
6288,6,6,1,1297,32,4.34,1297,32,78,138
6289,6,6,1,1323,35,4.47,1323,35,84,133
6290,6,6,1,1104,47,4.48,1104,47,103,133
6291,6,6,1,1153,38,4.32,1153,38,95,132
6292,6,6,1,801,44,4.79,801,44,105,163
6293,6,6,1,913,30,4.38,913,30,42,86
6294,6,6,1,553,38,3.86,553,38,60,115
6295,6,6,1,1154,34,4.69,1154,34,103,152
6296,6,6,1,484,56,3.25,484,56,94,151
6297,6,6,1,820,42,3.71,820,42,86,149
6298,6,6,1,685,42,3.75,685,42,95,158
6299,6,6,1,995,23,3.91,995,23,52,108
6300,6,6,1,958,50,4.0,958,50,93,128
6301,6,6,1,553,54,3.33,553,54,94,136
6302,6,8,0,646,23,3.3,646,23,36,72
6303,6,6,1,743,36,3.74,743,36,99,164
6304,6,6,1,991,29,3.44,991,29,68,114
6305,6,6,1,566,22,3.4,566,22,52,93
6306,6,6,1,1069,55,3.86,1069,55,72,110
6307,6,6,1,883,32,3.63,883,32,45,102
6308,6,6,1,856,39,3.47,856,39,105,154
6309,6,6,1,956,29,4.57,956,29,72,132
6310,6,6,1,1010,38,4.47,1010,38,97,158
6311,6,6,1,875,33,3.61,875,33,65,135
6312,6,6,1,1027,35,4.27,1027,35,77,110
6313,6,6,1,780,30,4.11,780,30,67,112
6314,6,6,1,915,36,3.59,915,36,112,173
6315,6,6,1,706,52,4.66,706,52,86,111
6316,6,6,1,891,24,4.33,891,24,38,79
6317,6,6,1,666,40,3.5,666,40,99,158
6318,6,6,1,893,37,3.9,893,37,97,160
6319,6,6,1,1154,48,4.0,1154,48,90,134
6320,6,6,1,863,38,4.13,863,38,87,141
6321,6,6,1,770,32,4.14,770,32,80,137
6322,6,6,1,1131,44,4.57,1131,44,61,94
6323,6,6,1,666,53,3.07,666,53,74,119
6324,6,6,1,1059,37,5.36,1059,37,100,147
6325,6,6,1,1032,61,4.14,1032,61,89,138
6326,6,6,1,992,32,3.7,992,32,109,174
6327,6,6,1,916,35,4.1,916,35,103,166
6328,6,6,1,1091,27,4.15,1091,27,50,94
6329,6,6,1,919,42,4.43,919,42,77,121
6330,6,6,1,798,33,4.17,798,33,70,130
6331,6,6,1,885,29,3.62,885,29,50,100
6332,6,5,0,804,45,4.45,804,45,69,147
6333,6,0,0,1112,41,3.93,1112,41,64,148
6334,6,6,1,972,44,3.74,972,44,96,138
6335,6,6,1,1040,24,5.02,1040,24,67,114
6336,6,6,1,463,31,4.0,463,31,70,123
6337,6,6,1,673,33,3.77,673,33,70,114
6338,6,6,1,1014,42,4.37,1014,42,102,164
6339,6,6,1,1086,36,4.11,1086,36,81,127
6340,6,6,1,1036,24,3.84,1036,24,58,111
6341,6,6,1,646,19,2.92,646,19,24,70
6342,6,6,1,676,45,3.84,676,45,94,152
6343,6,6,1,995,37,3.91,995,37,108,155
6344,6,1,0,511,35,3.02,511,35,47,116
6345,6,6,1,1041,30,5.41,1041,30,77,123
6346,6,6,1,1012,36,3.85,1012,36,101,171
6347,6,6,1,778,38,3.76,778,38,78,133
6348,6,6,1,844,47,4.82,844,47,109,162
6349,6,6,1,829,38,3.47,829,38,56,94
6350,6,6,1,719,44,3.54,719,44,75,112
6351,6,6,1,765,40,3.68,765,40,86,145
6352,6,6,1,1094,34,5.69,1094,34,75,126
6353,6,6,1,896,39,3.89,896,39,67,120
6354,6,6,1,799,19,3.4,799,19,31,68
6355,6,6,1,663,31,3.35,663,31,84,158
6356,6,6,1,814,28,3.98,814,28,59,104
6357,6,6,1,1041,43,4.18,1041,43,74,117
6358,6,6,1,1265,43,4.35,1265,43,97,152
6359,6,6,1,803,37,4.58,803,37,88,134
6360,6,4,0,814,77,4.61,814,77,79,115
6361,6,6,1,995,57,4.37,995,57,98,126
6362,6,6,1,1193,37,5.61,1193,37,100,159
6363,6,6,1,1145,40,4.07,1145,40,128,174
6364,6,6,1,931,22,3.58,931,22,72,118
6365,6,6,1,784,40,3.5,784,40,109,164
6366,6,6,1,678,30,3.63,678,30,63,126
6367,6,6,1,952,41,4.23,952,41,112,159
6368,6,6,1,695,22,2.97,695,22,35,75
6369,6,6,1,1044,60,5.45,1044,60,112,159
6370,6,6,1,1164,54,5.24,1164,54,103,145
6371,6,6,1,1093,32,4.11,1093,32,81,144
6372,6,6,1,655,28,3.19,655,28,68,111
6373,6,6,1,1110,49,4.08,1110,49,99,146
6374,6,6,1,1013,47,4.6,1013,47,119,159
6375,6,6,1,1138,48,5.02,1138,48,75,135
6376,6,6,1,912,56,4.29,912,56,108,152
6377,6,6,1,743,44,3.77,743,44,87,147
6378,6,8,0,493,19,2.76,493,19,39,109
6379,6,6,1,651,33,3.43,651,33,71,107
6380,6,6,1,1098,39,5.78,1098,39,99,159
6381,6,6,1,1379,46,5.4,1379,46,102,141
6382,6,6,1,943,34,5.06,943,34,94,160
6383,6,6,1,531,43,3.73,531,43,83,126
6384,6,6,1,1161,24,4.37,1161,24,44,88
6385,6,5,0,839,22,3.69,839,22,30,69
6386,6,6,1,784,43,3.87,784,43,71,127
6387,6,1,0,569,21,3.33,569,21,38,114
6388,6,6,1,653,21,3.61,653,21,47,106
6389,6,6,1,1074,44,5.26,1074,44,88,144
6390,6,6,1,983,47,4.96,983,47,92,132
6391,6,6,1,864,31,3.87,864,31,75,110
6392,6,6,1,1198,46,4.4,1198,46,75,117
6393,6,0,0,1032,31,3.93,1032,31,32,70
6394,6,5,0,1032,43,5.41,1032,43,58,82
6395,6,6,1,958,39,3.93,958,39,108,167
6396,6,6,1,1064,41,5.18,1064,41,76,135
6397,6,6,1,828,32,3.17,828,32,65,102
6398,6,6,1,842,30,3.62,842,30,74,121
6399,6,6,1,819,39,3.36,819,39,101,139
6400,6,6,1,679,35,3.41,679,35,100,150
6401,6,6,1,871,57,4.01,871,57,102,154
6402,6,6,1,1048,44,4.16,1048,44,91,149
6403,6,6,1,995,42,4.83,995,42,60,99
6404,6,6,1,1157,25,3.75,1157,25,64,117
6405,6,6,1,821,41,3.68,821,41,87,130
6406,6,6,1,885,44,3.42,885,44,93,164
6407,6,6,1,844,46,4.38,844,46,108,172
6408,6,6,1,785,36,4.2,785,36,88,140
6409,6,6,1,1168,31,3.99,1168,31,60,96
6410,6,6,1,1226,47,4.14,1226,47,109,158
6411,6,6,1,790,23,4.68,790,23,64,111
6412,6,6,1,1062,38,4.07,1062,38,95,141
6413,6,5,0,716,36,3.77,716,36,34,86
6414,6,6,1,1259,32,5.15,1259,32,67,117
6415,6,6,1,1071,37,4.71,1071,37,86,134
6416,6,5,0,813,44,4.16,813,44,40,89
6417,6,6,1,1072,17,3.98,1072,17,60,138
6418,6,6,1,931,42,4.12,931,42,78,114
6419,6,6,1,823,28,4.15,823,28,74,128
6420,6,6,1,1025,62,3.74,1025,62,81,141
6421,6,6,1,1068,28,3.85,1068,28,63,115
6422,6,6,1,767,39,4.7,767,39,92,143
6423,6,6,1,701,43,3.48,701,43,111,160
6424,6,6,1,843,38,3.51,843,38,73,128
6425,6,5,0,934,35,3.49,934,35,53,99
6426,6,6,1,1102,48,4.5,1102,48,75,159
6427,6,6,1,798,34,4.61,798,34,70,127
6428,6,6,1,761,37,3.96,761,37,99,144
6429,6,6,1,1047,33,3.76,1047,33,59,107
6430,6,6,1,694,45,3.79,694,45,101,149
6431,6,6,1,785,48,3.9,785,48,96,144
6432,6,6,1,795,35,4.31,795,35,94,156
6433,6,6,1,851,43,4.23,851,43,100,141
6434,6,6,1,824,39,3.96,824,39,95,135
6435,6,6,1,1129,51,4.54,1129,51,86,131
6436,6,6,1,808,34,3.88,808,34,94,154
6437,6,6,1,732,25,3.61,732,25,50,92
6438,6,6,1,863,51,4.61,863,51,93,151
6439,6,6,1,926,23,3.55,926,23,30,62
6440,6,6,1,976,49,4.45,976,49,100,143
6441,6,6,1,764,49,3.28,764,49,87,141
6442,6,6,1,984,25,3.49,984,25,44,75
6443,6,6,1,1055,42,4.11,1055,42,85,129
6444,6,6,1,754,45,3.49,754,45,109,149
6445,6,6,1,950,41,3.52,950,41,110,163
6446,6,6,1,787,32,3.37,787,32,55,97
6447,6,6,1,992,35,4.56,992,35,80,124
6448,6,6,1,781,39,3.83,781,39,85,146
6449,6,5,0,962,34,3.86,962,34,26,73
6450,6,6,1,893,47,3.42,893,47,47,88
6451,6,6,1,966,47,3.84,966,47,118,156
6452,6,6,1,678,33,3.84,678,33,78,143
6453,6,6,1,1397,27,4.77,1397,27,34,89
6454,6,6,1,720,32,3.78,720,32,69,122
6455,6,6,1,1089,54,5.33,1089,54,111,169
6456,6,6,1,966,33,3.94,966,33,85,117
6457,6,6,1,581,35,3.52,581,35,96,155
6458,6,6,1,788,35,3.72,788,35,74,122
6459,6,6,1,1069,32,4.4,1069,32,84,143
6460,6,6,1,848,21,3.94,848,21,53,105
6461,6,6,1,1129,52,4.65,1129,52,70,138
6462,6,6,1,812,41,4.07,812,41,81,134
6463,6,6,1,884,51,4.64,884,51,79,119
6464,6,6,1,751,39,3.6,751,39,92,152
6465,6,6,1,989,55,4.03,989,55,117,153
6466,6,6,1,1013,47,3.92,1013,47,84,152
6467,6,6,1,977,29,5.02,977,29,97,163
6468,6,6,1,926,34,4.27,926,34,106,156
6469,6,6,1,427,31,2.94,427,31,50,120
6470,6,6,1,929,30,3.51,929,30,53,88
6471,6,6,1,721,25,3.61,721,25,78,140
6472,6,6,1,1045,43,3.8,1045,43,75,136
6473,6,6,1,1070,51,3.65,1070,51,91,143
6474,6,6,1,821,53,4.2,821,53,113,162
6475,6,6,1,782,35,5.34,782,35,64,112
6476,6,6,1,735,33,3.34,735,33,38,84
6477,6,0,0,715,42,3.44,715,42,59,111
6478,6,6,1,1115,41,5.55,1115,41,95,152
6479,6,6,1,621,36,3.12,621,36,86,135
6480,6,5,0,933,36,3.61,933,36,62,127
6481,6,6,1,886,25,3.96,886,25,74,108
6482,6,6,1,1012,44,3.99,1012,44,102,155
6483,6,6,1,1289,35,5.54,1289,35,65,117
6484,6,6,1,875,40,3.79,875,40,82,127
6485,6,6,1,863,24,4.17,863,24,73,128
6486,6,6,1,762,29,3.47,762,29,45,97
6487,6,6,1,865,38,4.69,865,38,101,152
6488,6,6,1,1284,38,5.32,1284,38,73,136
6489,6,6,1,804,34,3.75,804,34,86,126
6490,6,6,1,1218,37,4.34,1218,37,86,112
6491,6,6,1,953,39,3.63,953,39,76,147
6492,6,6,1,778,38,3.5,778,38,102,152
6493,6,6,1,1181,38,4.24,1181,38,107,157
6494,6,6,1,804,40,3.9,804,40,94,149
6495,6,6,1,1089,49,4.32,1089,49,105,158
6496,6,6,1,1054,37,4.84,1054,37,88,143
6497,6,6,1,990,37,4.0,990,37,104,167
6498,6,6,1,1337,34,4.51,1337,34,108,172
6499,6,6,1,1159,24,4.24,1159,24,77,134
6500,6,6,1,1176,36,4.46,1176,36,86,145
6501,6,6,1,1217,29,4.11,1217,29,77,154
6502,6,6,1,1122,37,4.15,1122,37,103,158
6503,6,6,1,1199,39,4.95,1199,39,99,152
6504,6,6,1,1269,35,4.76,1269,35,93,168
6505,6,6,1,1104,33,3.91,1104,33,73,123
6506,6,6,1,1238,23,3.87,1238,23,62,119
6507,6,6,1,1163,32,4.18,1163,32,92,156
6508,6,6,1,1244,44,4.29,1244,44,89,128
6509,6,6,1,989,59,5.01,989,59,100,156
6510,6,6,1,921,55,4.13,921,55,114,167
6511,6,6,1,661,60,4.32,661,60,79,149
6512,6,6,1,789,43,4.19,789,43,95,147
6513,6,6,1,934,53,3.8,934,53,75,131
6514,6,6,1,953,65,5.66,953,65,86,135
6515,6,6,1,604,36,3.84,604,36,71,126
6516,6,6,1,961,47,4.17,961,47,120,172
6517,6,6,1,941,58,3.87,941,58,105,161
6518,6,6,1,978,42,4.51,978,42,105,166
6519,6,6,1,1017,49,3.68,1017,49,70,132
6520,6,6,1,847,46,3.47,847,46,100,148
6521,6,6,1,909,40,4.49,909,40,114,174
6522,6,6,1,939,42,3.97,939,42,98,163
6523,6,6,1,822,52,3.94,822,52,101,155
6524,6,6,1,858,44,3.51,858,44,111,176
6525,6,6,1,1087,36,4.55,1087,36,83,135
6526,6,6,1,871,47,3.28,871,47,96,141
6527,6,6,1,822,41,4.65,822,41,109,172
6528,6,6,1,899,31,4.53,899,31,93,147
6529,6,6,1,910,36,3.82,910,36,92,160
6530,6,6,1,807,44,4.08,807,44,113,141
6531,6,6,1,754,36,3.9,754,36,94,138
6532,6,6,1,721,33,3.94,721,33,84,149
6533,6,6,1,938,44,3.93,938,44,42,85
6534,6,6,1,1258,46,5.19,1258,46,107,169
6535,6,6,1,1190,36,5.01,1190,36,100,148
6536,6,6,1,1009,43,5.03,1009,43,96,153
6537,6,6,1,1105,42,4.09,1105,42,92,139
6538,6,6,1,1244,43,4.75,1244,43,112,158
6539,6,6,1,1369,37,4.98,1369,37,85,138
6540,6,6,1,1083,53,4.01,1083,53,95,139
6541,6,6,1,1126,44,3.96,1126,44,100,144
6542,6,6,1,1163,37,4.58,1163,37,103,153
6543,6,6,1,1307,45,4.48,1307,45,92,144
6544,6,6,1,858,49,4.26,858,49,106,156
6545,6,6,1,1089,36,4.12,1089,36,84,157
6546,6,6,1,1282,41,4.29,1282,41,83,137
6547,6,6,1,1004,48,4.28,1004,48,113,152
6548,6,6,1,1040,48,5.41,1040,48,115,168
6549,6,6,1,923,33,4.02,923,33,87,148
6550,6,6,1,756,50,4.58,756,50,82,114
6551,6,6,1,1104,49,4.88,1104,49,89,136
6552,6,6,1,828,58,4.52,828,58,102,157
6553,6,6,1,841,46,4.49,841,46,82,138
6554,6,6,1,727,42,3.69,727,42,93,156
6555,6,6,1,777,59,3.5,777,59,98,151
6556,6,6,1,772,49,3.8,772,49,103,143
6557,6,6,1,785,52,3.75,785,52,119,167
6558,6,6,1,1038,53,4.46,1038,53,103,151
6559,6,6,1,858,54,3.45,858,54,113,163
6560,6,6,1,813,56,4.02,813,56,126,168
6561,6,6,1,758,59,3.33,758,59,95,148
6562,6,6,1,781,43,3.41,781,43,92,135
6563,6,6,1,776,48,5.46,776,48,49,85
6564,6,6,1,739,48,3.68,739,48,84,140
6565,6,6,1,1227,43,4.66,1227,43,106,171
6566,6,6,1,1011,51,4.78,1011,51,89,147
6567,6,6,1,913,37,4.65,913,37,95,155
6568,6,6,1,1051,42,4.3,1051,42,106,153
6569,6,6,1,877,36,4.3,877,36,107,164
6570,6,6,1,1412,15,4.21,1412,15,42,80
6571,6,6,1,968,42,4.32,968,42,111,165
6572,6,6,1,690,44,3.61,690,44,103,152
6573,6,6,1,837,62,4.04,837,62,105,138
6574,6,6,1,1051,46,4.21,1051,46,107,160
6575,6,6,1,1257,45,4.54,1257,45,80,130
6576,6,6,1,766,40,4.41,766,40,96,146
6577,6,6,1,814,33,3.71,814,33,76,137
6578,6,6,1,1032,48,3.81,1032,48,114,160
6579,6,6,1,816,44,3.87,816,44,78,152
6580,6,6,1,824,47,4.25,824,47,108,154
6581,6,6,1,728,42,3.36,728,42,88,144
6582,6,6,1,1089,42,5.09,1089,42,96,155
6583,6,6,1,557,50,3.53,557,50,86,120
6584,6,6,1,719,36,3.01,719,36,88,139
6585,6,6,1,662,51,3.43,662,51,103,139
6586,6,6,1,785,43,4.33,785,43,86,156
6587,6,6,1,726,48,3.33,726,48,104,153
6588,6,6,1,746,54,3.57,746,54,85,126
6589,6,6,1,616,56,3.57,616,56,93,148
6590,6,6,1,780,54,4.46,780,54,86,133
6591,6,6,1,616,56,3.27,616,56,77,114
6592,6,6,1,779,46,3.88,779,46,97,160
6593,6,6,1,591,50,3.92,591,50,87,123
6594,6,6,1,572,47,2.86,572,47,73,113
6595,6,6,1,728,53,3.45,728,53,98,144
6596,6,6,1,830,50,4.18,830,50,94,153
6597,6,6,1,710,35,3.66,710,35,83,145
6598,6,6,1,787,56,4.46,787,56,99,143
6599,6,6,1,1161,52,4.37,1161,52,98,140
6600,6,6,1,944,56,4.36,944,56,117,174
6601,6,6,1,1155,44,4.46,1155,44,105,165
6602,6,6,1,955,45,4.38,955,45,103,156
6603,6,6,1,1231,55,5.42,1231,55,107,157
6604,6,6,1,1237,33,4.43,1237,33,86,144
6605,6,6,1,1112,45,5.17,1112,45,115,166
6606,6,6,1,1037,51,4.66,1037,51,119,165
6607,6,6,1,1253,52,4.64,1253,52,102,144
6608,6,6,1,1037,37,3.97,1037,37,91,151
6609,6,6,1,1049,52,4.73,1049,52,111,155
6610,6,6,1,1148,39,5.23,1148,39,101,155
6611,6,6,1,1079,51,4.03,1079,51,104,157
6612,6,6,1,1031,45,4.62,1031,45,107,161
6613,6,6,1,1066,36,4.29,1066,36,95,138
6614,6,6,1,982,51,4.5,982,51,122,175
6615,6,6,1,871,40,6.1,871,40,111,174
6616,6,6,1,825,41,3.79,825,41,101,158
6617,6,6,1,810,44,5.84,810,44,91,133
6618,6,6,1,979,45,4.24,979,45,108,167
6619,6,6,1,997,43,3.77,997,43,101,155
6620,6,6,1,934,34,4.92,934,34,95,152
6621,6,6,1,882,47,4.13,882,47,105,158
6622,6,6,1,818,38,3.92,818,38,95,158
6623,6,6,1,1105,48,3.98,1105,48,112,162
6624,6,6,1,998,43,3.66,998,43,111,161
6625,6,6,1,1078,58,4.37,1078,58,112,151
6626,6,6,1,1087,39,5.11,1087,39,90,139
6627,6,6,1,960,37,4.08,960,37,96,157
6628,6,6,1,1074,39,4.06,1074,39,104,168
6629,6,6,1,1087,50,4.98,1087,50,118,172
6630,6,6,1,1129,37,4.02,1129,37,79,122
6631,6,6,1,1103,40,5.75,1103,40,99,155
6632,6,6,1,928,43,4.57,928,43,66,94
6633,6,6,1,1071,43,4.5,1071,43,93,137
6634,6,6,1,1206,31,4.54,1206,31,92,147
6635,6,6,1,1315,34,4.76,1315,34,48,105
6636,6,6,1,1240,34,3.99,1240,34,80,137
6637,6,6,1,1293,36,5.48,1293,36,86,138
6638,6,6,1,1025,38,3.61,1025,38,93,142
6639,6,6,1,1283,33,5.22,1283,33,71,119
6640,6,6,1,1088,41,3.9,1088,41,96,152
6641,6,6,1,858,49,4.6,858,49,88,142
6642,6,6,1,686,38,3.12,686,38,76,129
6643,6,6,1,821,55,3.54,821,55,98,150
6644,6,6,1,929,39,3.8,929,39,106,159
6645,6,6,1,429,34,3.06,429,34,68,121
6646,6,6,1,823,55,6.07,823,55,104,145
6647,6,6,1,519,58,3.63,519,58,80,115
6648,6,6,1,443,44,3.55,443,44,87,136
6649,6,6,1,683,44,4.15,683,44,71,115
6650,6,6,1,708,39,3.5,708,39,75,107
6651,6,6,1,944,36,4.47,944,36,96,145
6652,6,6,1,897,37,4.14,897,37,83,137
6653,6,6,1,1001,33,3.99,1001,33,74,133
6654,6,6,1,1273,28,4.31,1273,28,68,138
6655,6,6,1,1106,35,5.85,1106,35,66,114
6656,6,6,1,1258,34,4.66,1258,34,64,104
6657,6,6,1,1074,41,4.27,1074,41,84,131
6658,6,6,1,1510,25,4.64,1510,25,54,107
6659,6,6,1,1042,32,4.02,1042,32,77,124
6660,6,6,1,857,42,3.43,857,42,86,142
6661,6,6,1,1021,47,4.84,1021,47,93,143
6662,6,6,1,1056,31,4.46,1056,31,57,100
6663,6,6,1,949,36,4.01,949,36,66,115
6664,6,6,1,1078,24,3.68,1078,24,41,99
6665,6,6,1,1034,32,4.92,1034,32,75,133
6666,6,6,1,1264,40,4.24,1264,40,81,130
6667,6,6,1,1332,32,6.28,1332,32,56,116
6668,6,6,1,1169,36,4.49,1169,36,70,124
6669,6,6,1,838,55,3.83,838,55,102,140
6670,6,6,1,753,54,3.88,753,54,96,134
6671,6,6,1,849,55,5.33,849,55,108,162
6672,6,6,1,830,44,4.54,830,44,100,155
6673,6,6,1,819,48,4.07,819,48,110,151
6674,6,4,0,672,50,2.89,672,50,56,107
6675,6,6,1,980,57,3.5,980,57,103,146
6676,6,6,1,823,41,4.26,823,41,95,149
6677,6,6,1,866,46,4.07,866,46,98,144
6678,6,6,1,627,48,4.71,627,48,97,141
6679,6,6,1,542,36,3.68,542,36,100,159
6680,6,6,1,511,43,3.18,511,43,59,105
6681,6,6,1,932,45,3.8,932,45,103,159
6682,6,6,1,869,35,3.83,869,35,74,117
6683,6,6,1,1128,45,4.4,1128,45,109,156
6684,6,6,1,875,43,4.29,875,43,104,155
6685,6,6,1,839,46,3.15,839,46,84,130
6686,6,6,1,1082,36,4.33,1082,36,65,127
6687,6,6,1,957,46,4.31,957,46,106,149
6688,6,6,1,937,53,3.48,937,53,117,171
6689,6,6,1,912,44,4.33,912,44,93,149
6690,6,6,1,940,38,3.93,940,38,89,134
6691,6,6,1,1048,46,3.74,1048,46,101,144
6692,6,6,1,1057,30,4.99,1057,30,70,120
6693,6,6,1,1102,24,3.82,1102,24,61,97
6694,6,6,1,855,35,3.58,855,35,112,164
6695,6,6,1,938,32,5.05,938,32,74,129
6696,6,6,1,1090,46,4.87,1090,46,111,159
6697,6,6,1,968,39,4.86,968,39,107,167
6698,6,6,1,958,38,3.48,958,38,93,147
6699,6,6,1,962,52,4.36,962,52,99,152
6700,6,6,1,1115,38,6.07,1115,38,99,158
6701,6,6,1,945,31,4.26,945,31,73,132
6702,6,6,1,1274,47,5.19,1274,47,90,154
6703,6,6,1,805,41,3.6,805,41,69,105
6704,6,6,1,952,37,4.4,952,37,98,153
6705,6,6,1,1078,41,4.36,1078,41,78,124
6706,6,6,1,1130,49,4.67,1130,49,76,119
6707,6,6,1,860,36,4.15,860,36,83,135
6708,6,6,1,947,48,3.63,947,48,104,159
6709,6,6,1,1164,43,4.67,1164,43,79,127
6710,6,6,1,933,35,3.74,933,35,43,101
6711,6,8,0,914,34,4.62,914,34,31,80
6712,6,6,1,1003,46,4.27,1003,46,82,131
6713,6,6,1,993,30,5.45,993,30,72,141
6714,6,6,1,1058,38,4.24,1058,38,38,76
6715,6,6,1,788,38,3.51,788,38,63,110
6716,6,6,1,858,42,3.42,858,42,97,144
6717,6,6,1,763,47,4.16,763,47,99,132
6718,6,6,1,915,39,3.95,915,39,97,149
6719,6,6,1,872,48,3.31,872,48,87,134
6720,6,6,1,871,40,3.53,871,40,76,108
6721,6,6,1,1018,31,4.31,1018,31,82,127
6722,6,6,1,858,39,3.97,858,39,99,161
6723,6,6,1,780,33,11.56,780,33,78,135
6724,6,6,1,974,46,3.88,974,46,105,157
6725,6,6,1,966,41,3.88,966,41,80,132
6726,6,6,1,1051,38,3.79,1051,38,92,131
6727,6,6,1,831,43,3.59,831,43,86,137
6728,6,6,1,863,29,7.67,863,29,82,155
6729,6,6,1,1063,39,4.63,1063,39,103,152
6730,6,6,1,935,40,4.17,935,40,100,143
6731,6,6,1,932,34,4.32,932,34,61,113
6732,6,6,1,790,29,3.6,790,29,78,139
6733,6,6,1,761,50,4.42,761,50,70,105
6734,6,6,1,867,37,4.62,867,37,74,120
6735,6,6,1,829,64,3.68,829,64,93,140
6736,6,6,1,979,25,3.7,979,25,60,105
6737,6,6,1,949,50,3.37,949,50,80,124
6738,6,6,1,959,35,4.61,959,35,78,132
6739,6,6,1,990,35,3.92,990,35,66,103
6740,6,6,1,865,34,3.57,865,34,73,106
6741,6,6,1,1118,45,3.96,1118,45,93,145
6742,6,6,1,800,36,4.72,800,36,69,114
6743,6,6,1,990,38,3.85,990,38,93,143
6744,6,6,1,958,29,4.61,958,29,104,175
6745,6,6,1,762,29,3.37,762,29,64,108
6746,6,6,1,1029,39,3.78,1029,39,97,158
6747,6,6,1,880,38,4.22,880,38,116,175
6748,6,6,1,1058,42,5.42,1058,42,107,172
6749,6,6,1,1125,43,3.95,1125,43,97,146
6750,6,6,1,766,35,3.09,766,35,97,141
6751,6,6,1,1109,45,4.2,1109,45,89,137
6752,6,6,1,914,53,4.08,914,53,83,132
6753,6,6,1,770,40,4.32,770,40,105,155
6754,6,6,1,897,48,4.0,897,48,102,139
6755,6,6,1,921,58,4.28,921,58,107,148
6756,6,6,1,1199,51,4.28,1199,51,106,145
6757,6,6,1,1263,50,4.3,1263,50,86,137
6758,6,6,1,1203,45,4.25,1203,45,90,158
6759,6,6,1,960,48,3.79,960,48,92,152
6760,6,6,1,892,41,3.77,892,41,91,144
6761,6,6,1,962,46,4.08,962,46,91,143
6762,6,6,1,1146,49,3.93,1146,49,100,153
6763,6,6,1,971,38,4.96,971,38,95,143
6764,6,6,1,1188,53,4.25,1188,53,108,154
6765,6,6,1,903,50,3.92,903,50,88,134
6766,6,6,1,1090,52,4.65,1090,52,91,153
6767,6,6,1,1068,63,4.27,1068,63,101,152
6768,6,6,1,1273,53,4.96,1273,53,114,167
6769,6,6,1,1090,45,4.16,1090,45,101,150
6770,6,6,1,1222,48,4.55,1222,48,93,142
6771,6,6,1,1025,45,4.69,1025,45,77,116
6772,6,6,1,1171,46,4.17,1171,46,66,104
6773,6,6,1,1162,43,5.05,1162,43,68,101
6774,6,6,1,1037,39,3.51,1037,39,74,106
6775,6,6,1,1115,39,4.2,1115,39,77,143
6776,6,6,1,918,40,3.91,918,40,48,94
6777,6,6,1,1122,49,4.39,1122,49,83,143
6778,6,6,1,1059,35,5.31,1059,35,83,147
6779,6,6,1,1049,40,4.0,1049,40,77,120
6780,6,6,1,957,38,5.24,957,38,51,88
6781,6,6,1,1126,40,4.99,1126,40,73,121
6782,6,6,1,878,41,3.74,878,41,105,171
6783,6,6,1,1008,37,4.04,1008,37,96,139
6784,6,6,1,1151,49,4.15,1151,49,107,165
6785,6,6,1,901,42,4.86,901,42,82,114
6786,6,6,1,1104,36,4.13,1104,36,99,162
6787,6,6,1,1259,55,4.85,1259,55,97,132
6788,6,6,1,1074,51,3.9,1074,51,103,163
6789,6,6,1,994,41,3.76,994,41,88,148
6790,6,6,1,1003,57,4.73,1003,57,114,161
6791,6,6,1,1022,41,4.22,1022,41,108,163
6792,6,6,1,966,41,3.94,966,41,93,161
6793,6,6,1,744,31,3.36,744,31,54,108
6794,6,6,1,991,29,4.79,991,29,84,144
6795,6,6,1,808,41,3.84,808,41,89,144
6796,6,6,1,835,38,3.67,835,38,92,135
6797,6,6,1,684,34,4.11,684,34,49,95
6798,6,6,1,774,37,3.96,774,37,57,100
6799,6,6,1,1302,38,4.82,1302,38,84,134
6800,6,6,1,1243,39,4.76,1243,39,94,136
6801,6,6,1,1212,40,4.4,1212,40,97,148
6802,6,6,1,1273,35,4.94,1273,35,58,82
6803,6,6,1,1105,39,4.03,1105,39,103,160
6804,6,6,1,1439,34,7.13,1439,34,82,142
6805,6,6,1,1307,48,4.6,1307,48,99,152
6806,6,6,1,1162,49,4.3,1162,49,88,136
6807,6,6,1,1377,49,4.27,1377,49,88,152
6808,6,6,1,1583,40,5.13,1583,40,73,126
6809,6,6,1,1369,41,4.13,1369,41,101,162
6810,6,6,1,1238,44,4.47,1238,44,109,162
6811,6,6,1,1278,44,4.99,1278,44,97,161
6812,6,6,1,1159,37,5.17,1159,37,77,124
6813,6,6,1,1291,41,4.34,1291,41,72,130
6814,6,6,1,887,48,3.43,887,48,75,125
6815,6,6,1,1074,43,4.21,1074,43,79,120
6816,6,6,1,992,41,4.56,992,41,78,133
6817,6,4,0,1071,43,5.04,1071,43,53,108
6818,6,2,0,1109,52,4.56,1109,52,38,67
6819,6,6,1,1087,58,3.94,1087,58,79,158
6820,6,6,1,1269,37,4.57,1269,37,77,122
6821,6,6,1,1350,36,4.77,1350,36,74,125
6822,6,6,1,1052,52,4.9,1052,52,74,121
6823,6,6,1,969,45,3.56,969,45,94,152
6824,6,6,1,1132,43,5.17,1132,43,72,107
6825,6,6,1,980,45,4.83,980,45,102,159
6826,6,6,1,1028,42,5.33,1028,42,99,147
6827,6,6,1,916,42,3.58,916,42,99,145
6828,6,6,1,1036,37,3.94,1036,37,55,101
6829,6,6,1,1117,41,3.96,1117,41,81,128
6830,6,6,1,983,49,4.43,983,49,107,168
6831,6,6,1,1174,46,4.46,1174,46,103,154
6832,6,6,1,1096,49,3.89,1096,49,82,119
6833,6,6,1,1296,50,5.84,1296,50,107,158
6834,6,6,1,964,40,4.34,964,40,101,154
6835,6,6,1,864,37,3.85,864,37,110,157
6836,6,6,1,831,48,3.56,831,48,103,144
6837,6,6,1,835,48,3.98,835,48,84,127
6838,6,6,1,871,56,4.05,871,56,113,168
6839,6,6,1,852,59,4.3,852,59,106,150
6840,6,6,1,702,36,3.81,702,36,105,167
6841,6,6,1,787,44,3.91,787,44,73,109
6842,6,6,1,1123,51,4.24,1123,51,110,159
6843,6,6,1,1082,41,4.27,1082,41,53,81
6844,6,6,1,968,57,3.87,968,57,77,121
6845,6,6,1,1013,53,4.24,1013,53,94,129
6846,6,6,1,892,52,4.05,892,52,114,170
6847,6,6,1,935,54,4.12,935,54,76,113
6848,6,6,1,943,41,3.98,943,41,103,160
6849,6,6,1,979,42,4.55,979,42,114,173
6850,6,6,1,923,30,3.63,923,30,89,143
6851,6,6,1,1095,39,3.74,1095,39,73,134
6852,6,6,1,789,29,3.48,789,29,83,114
6853,6,6,1,806,43,3.57,806,43,107,158
6854,6,6,1,1019,46,4.89,1019,46,86,147
6855,6,6,1,991,33,4.18,991,33,81,135
6856,6,6,1,943,38,4.03,943,38,83,140
6857,6,6,1,1078,43,4.07,1078,43,106,161
6858,6,6,1,826,40,3.6,826,40,90,141
6859,6,6,1,1197,41,4.07,1197,41,110,161
6860,6,6,1,1072,30,3.91,1072,30,88,138
6861,6,6,1,1029,31,5.17,1029,31,82,127
6862,6,6,1,866,53,3.51,866,53,102,149
6863,6,6,1,1250,42,4.88,1250,42,103,160
6864,6,6,1,880,41,3.81,880,41,99,151
6865,6,6,1,1201,41,4.36,1201,41,102,161
6866,6,6,1,1133,39,5.25,1133,39,102,153
6867,6,6,1,940,39,3.72,940,39,100,167
6868,6,6,1,856,32,6.04,856,32,75,116
6869,6,6,1,1141,42,4.35,1141,42,86,128
6870,6,6,1,968,39,5.67,968,39,101,155
6871,6,6,1,974,39,4.64,974,39,106,163
6872,6,6,1,854,40,3.83,854,40,98,154
6873,6,6,1,1144,41,4.44,1144,41,99,162
6874,6,6,1,1163,35,4.36,1163,35,99,154
6875,6,6,1,1050,38,4.23,1050,38,116,165
6876,6,6,1,1066,35,4.15,1066,35,101,154
6877,6,6,1,1261,33,4.86,1261,33,106,157
6878,6,6,1,958,33,4.51,958,33,80,131
6879,6,6,1,1147,26,4.98,1147,26,87,150
6880,6,6,1,996,47,4.45,996,47,105,172
6881,6,6,1,1112,32,3.88,1112,32,86,146
6882,6,6,1,990,41,3.58,990,41,79,118
6883,6,6,1,1011,46,3.67,1011,46,90,143
6884,6,6,1,1102,43,4.14,1102,43,97,161
6885,6,6,1,1317,44,4.52,1317,44,100,157
6886,6,6,1,1104,39,4.58,1104,39,90,156
6887,6,6,1,1267,49,4.61,1267,49,95,155
6888,6,6,1,1371,31,5.4,1371,31,78,122
6889,6,6,1,1098,44,4.76,1098,44,97,149
6890,6,6,1,1336,38,4.23,1336,38,76,125
6891,6,6,1,1164,40,4.07,1164,40,95,143
6892,6,6,1,1236,32,6.26,1236,32,76,135
6893,6,6,1,1063,39,4.11,1063,39,85,125
6894,6,6,1,1017,37,3.96,1017,37,91,149
6895,6,6,1,1052,39,5.73,1052,39,88,138
6896,6,6,1,1067,42,3.99,1067,42,100,139
6897,6,6,1,1279,40,4.97,1279,40,95,148
6898,6,6,1,1206,46,4.53,1206,46,104,152
6899,6,6,1,926,49,4.42,926,49,109,175
6900,6,6,1,1063,39,3.89,1063,39,93,153
6901,6,6,1,712,48,4.39,712,48,103,153
6902,6,6,1,1327,35,5.52,1327,35,64,116
6903,6,6,1,1084,45,4.78,1084,45,106,152
6904,6,6,1,1117,31,5.29,1117,31,101,168
6905,6,6,1,948,42,4.34,948,42,82,143
6906,6,6,1,958,34,4.18,958,34,79,125
6907,6,6,1,1130,51,4.06,1130,51,95,149
6908,6,6,1,939,29,3.64,939,29,74,139
6909,6,6,1,1117,34,4.09,1117,34,94,148
6910,6,6,1,1008,30,4.15,1008,30,93,142
6911,6,6,1,1084,17,4.9,1084,17,34,89
6912,6,6,1,1122,30,4.53,1122,30,67,119
6913,6,6,1,1279,26,4.62,1279,26,76,148
6914,6,6,1,1307,41,4.82,1307,41,94,146
6915,6,6,1,1188,32,4.32,1188,32,71,114
6916,6,6,1,1193,22,4.65,1193,22,47,97
6917,6,6,1,773,45,3.85,773,45,84,125
6918,6,6,1,870,51,3.95,870,51,105,139
6919,6,6,1,1055,61,3.81,1055,61,102,150
6920,6,6,1,829,44,8.65,829,44,116,149
6921,6,6,1,738,61,3.81,738,61,104,160
6922,6,6,1,812,40,4.62,812,40,95,152
6923,6,6,1,853,38,3.66,853,38,108,163
6924,6,6,1,797,50,4.31,797,50,106,159
6925,6,6,1,993,40,4.67,993,40,103,159
6926,6,6,1,888,35,3.72,888,35,88,160
6927,6,6,1,749,47,3.61,749,47,63,104
6928,6,6,1,941,51,3.57,941,51,106,151
6929,6,6,1,904,51,3.47,904,51,77,120
6930,6,6,1,955,49,4.36,955,49,81,140
6931,6,6,1,1048,52,4.42,1048,52,119,165
6932,6,6,1,955,46,4.44,955,46,116,161
6933,6,6,1,742,46,3.4,742,46,64,112
6934,6,6,1,811,45,3.81,811,45,102,153
6935,6,6,1,894,33,3.59,894,33,104,137
6936,6,6,1,789,45,3.53,789,45,105,157
6937,6,6,1,1047,51,3.84,1047,51,105,153
6938,6,6,1,1299,42,3.99,1299,42,62,93
6939,6,6,1,891,58,4.88,891,58,79,112
6940,6,6,1,1181,48,4.97,1181,48,71,106
6941,6,6,1,833,47,4.17,833,47,121,170
6942,6,6,1,825,47,3.98,825,47,100,144
6943,6,6,1,823,40,3.69,823,40,92,152
6944,6,6,1,1144,48,4.36,1144,48,115,170
6945,6,6,1,942,40,4.85,942,40,101,153
6946,6,6,1,896,44,4.29,896,44,117,173
6947,6,6,1,967,46,3.72,967,46,106,168
6948,6,6,1,1009,55,4.45,1009,55,118,172
6949,6,6,1,941,19,3.76,941,19,47,111
6950,6,6,1,1152,23,4.21,1152,23,33,70
6951,6,6,1,1020,16,4.45,1020,16,31,79
6952,6,6,1,761,22,4.79,761,22,45,99
6953,6,6,1,1053,23,14.06,1053,23,68,123
6954,6,6,1,989,23,4.75,989,23,65,108
6955,6,6,1,996,19,4.02,996,19,47,81
6956,6,6,1,827,35,3.8,827,35,52,119
6957,6,6,1,725,25,4.53,725,25,38,113
6958,6,6,1,697,35,3.38,697,35,71,128
6959,6,6,1,1416,32,5.27,1416,32,94,147
6960,6,6,1,1422,21,4.74,1422,21,54,102
6961,6,6,1,1331,31,5.02,1331,31,57,99
6962,6,6,1,1275,27,5.15,1275,27,72,113
6963,6,6,1,1290,41,6.73,1290,41,87,131
6964,6,6,1,1356,33,5.15,1356,33,83,129
6965,6,6,1,1089,35,4.16,1089,35,67,124
6966,6,6,1,1320,38,4.47,1320,38,86,142
6967,6,6,1,1106,26,4.17,1106,26,72,132
6968,6,6,1,975,26,3.68,975,26,52,102
6969,6,6,1,1345,32,4.09,1345,32,61,100
6970,6,6,1,1000,30,4.09,1000,30,62,133
6971,6,6,1,836,20,3.48,836,20,67,113
6972,6,6,1,929,20,3.69,929,20,66,108
6973,6,8,0,733,21,4.36,733,21,27,77
6974,6,6,1,878,21,3.89,878,21,48,115
6975,6,6,1,610,22,3.22,610,22,41,92
6976,6,1,0,1034,19,4.44,1034,19,12,43
6977,6,6,1,892,49,3.48,892,49,96,149
6978,6,6,1,1172,32,4.05,1172,32,60,106
6979,6,6,1,928,34,3.97,928,34,84,123
6980,6,6,1,929,34,4.03,929,34,89,145
6981,6,6,1,1178,31,5.04,1178,31,92,145
6982,6,0,0,1044,31,5.58,1044,31,51,139
6983,6,6,1,797,37,4.93,797,37,100,162
6984,6,6,1,1002,35,4.53,1002,35,86,150
6985,6,6,1,819,20,3.69,819,20,56,119
6986,6,6,1,876,17,3.4,876,17,42,91
6987,6,6,1,1037,34,4.2,1037,34,76,123
6988,6,6,1,1333,37,4.28,1333,37,98,159
6989,7,7,1,847,52,3.84,847,52,81,144
6990,7,7,1,873,61,3.74,873,61,88,150
6991,7,7,1,605,60,3.23,605,60,85,137
6992,7,7,1,908,50,4.72,908,50,79,141
6993,7,7,1,873,64,4.48,873,64,82,137
6994,7,7,1,668,56,3.08,668,56,65,89
6995,7,7,1,851,44,7.61,851,44,68,129
6996,7,7,1,1215,44,4.65,1215,44,77,131
6997,7,7,1,978,54,3.84,978,54,81,151
6998,7,7,1,873,49,4.57,873,49,63,141
6999,7,7,1,1039,51,3.88,1039,51,85,150
7000,7,7,1,560,60,3.9,560,60,79,112
7001,7,7,1,622,67,3.72,622,67,85,128
7002,7,7,1,780,68,4.49,780,68,105,152
7003,7,7,1,873,45,4.37,873,45,62,133
7004,7,7,1,574,44,4.24,574,44,73,128
7005,7,7,1,660,46,4.19,660,46,51,92
7006,7,7,1,447,68,3.61,447,68,88,140
7007,7,7,1,833,62,3.88,833,62,74,126
7008,7,7,1,973,33,4.86,973,33,45,85
7009,7,7,1,712,84,3.75,712,84,84,130
7010,7,7,1,922,45,6.54,922,45,50,121
7011,7,7,1,909,46,4.03,909,46,54,115
7012,7,7,1,318,27,2.83,318,27,59,100
7013,7,7,1,751,50,4.5,751,50,79,131
7014,7,7,1,886,57,4.12,886,57,107,152
7015,7,7,1,486,67,3.77,486,67,85,142
7016,7,7,1,563,52,3.45,563,52,74,133
7017,7,7,1,861,41,3.87,861,41,56,99
7018,7,7,1,664,80,3.95,664,80,83,142
7019,7,7,1,535,60,2.95,535,60,64,106
7020,7,7,1,749,78,3.42,749,78,104,164
7021,7,7,1,657,68,4.06,657,68,100,148
7022,7,7,1,641,31,3.94,641,31,55,96
7023,7,7,1,834,30,3.44,834,30,46,112
7024,7,7,1,721,55,3.08,721,55,46,103
7025,7,7,1,778,51,4.05,778,51,86,150
7026,7,7,1,801,53,3.51,801,53,96,134
7027,7,7,1,565,42,4.0,565,42,37,77
7028,7,7,1,602,89,3.5,602,89,80,115
7029,7,7,1,559,67,4.08,559,67,95,154
7030,7,7,1,723,73,4.52,723,73,89,131
7031,7,7,1,566,46,3.08,566,46,70,122
7032,7,7,1,909,55,3.54,909,55,94,148
7033,7,7,1,676,54,3.93,676,54,78,114
7034,7,7,1,735,66,3.02,735,66,106,152
7035,7,7,1,1105,34,4.43,1105,34,37,79
7036,7,7,1,805,65,3.42,805,65,78,125
7037,7,7,1,891,72,3.49,891,72,94,144
7038,7,7,1,964,31,3.52,964,31,54,104
7039,7,7,1,906,58,3.59,906,58,49,97
7040,7,7,1,654,41,3.35,654,41,53,109
7041,7,3,0,592,33,3.43,592,33,36,115
7042,7,7,1,891,45,4.25,891,45,80,141
7043,7,7,1,739,57,4.21,739,57,78,135
7044,7,7,1,749,52,3.63,749,52,79,131
7045,7,7,1,630,71,4.06,630,71,93,139
7046,7,7,1,795,29,3.8,795,29,44,77
7047,7,7,1,1075,43,4.11,1075,43,52,116
7048,7,7,1,982,64,4.55,982,64,100,149
7049,7,7,1,806,61,3.39,806,61,97,157
7050,7,7,1,530,80,4.22,530,80,81,103
7051,7,7,1,808,77,4.75,808,77,97,157
7052,7,7,1,1012,47,4.39,1012,47,56,122
7053,7,7,1,637,55,4.38,637,55,92,146
7054,7,7,1,354,55,3.58,354,55,76,134
7055,7,7,1,1092,60,4.02,1092,60,102,161
7056,7,7,1,596,72,3.39,596,72,78,117
7057,7,3,0,844,29,3.84,844,29,38,102
7058,7,7,1,408,33,3.2,408,33,29,83
7059,7,7,1,623,47,2.93,623,47,75,113
7060,7,7,1,876,61,4.32,876,61,77,139
7061,7,7,1,752,65,3.54,752,65,83,123
7062,7,7,1,553,35,3.64,553,35,43,79
7063,7,7,1,792,49,4.02,792,49,70,130
7064,7,7,1,595,69,4.68,595,69,79,115
7065,7,7,1,726,71,3.41,726,71,79,136
7066,7,7,1,723,55,4.26,723,55,75,118
7067,7,7,1,1297,31,4.55,1297,31,35,82
7068,7,7,1,1004,60,4.51,1004,60,86,138
7069,7,7,1,770,70,3.79,770,70,96,146
7070,7,7,1,710,60,3.57,710,60,85,154
7071,7,7,1,888,28,3.72,888,28,43,93
7072,7,7,1,533,43,3.59,533,43,79,120
7073,7,7,1,884,31,3.87,884,31,76,120
7074,7,7,1,574,70,3.17,574,70,94,153
7075,7,7,1,874,39,3.82,874,39,71,120
7076,7,7,1,608,64,3.38,608,64,86,137
7077,7,7,1,753,57,3.91,753,57,93,138
7078,7,7,1,850,23,3.66,850,23,33,83
7079,7,7,1,565,62,3.66,565,62,81,138
7080,7,7,1,879,71,3.99,879,71,92,139
7081,7,7,1,676,71,5.59,676,71,94,150
7082,7,7,1,738,42,3.32,738,42,66,126
7083,7,7,1,813,63,4.89,813,63,89,149
7084,7,7,1,603,60,3.3,603,60,83,141
7085,7,8,0,834,25,4.87,834,25,29,75
7086,7,7,1,630,57,3.45,630,57,63,121
7087,7,7,1,698,61,2.94,698,61,81,114
7088,7,7,1,597,66,3.28,597,66,83,136
7089,7,7,1,626,47,3.45,626,47,41,87
7090,7,7,1,965,46,4.35,965,46,77,134
7091,7,7,1,445,24,3.31,445,24,44,100
7092,7,7,1,699,38,3.44,699,38,61,124
7093,7,7,1,725,59,3.62,725,59,78,139
7094,7,7,1,840,42,4.01,840,42,59,104
7095,7,7,1,868,53,3.47,868,53,69,87
7096,7,7,1,898,58,4.53,898,58,104,144
7097,7,7,1,705,43,3.94,705,43,87,135
7098,7,7,1,765,56,3.9,765,56,87,151
7099,7,7,1,775,51,3.88,775,51,89,133
7100,7,3,0,1088,35,5.18,1088,35,39,105
7101,7,7,1,432,41,3.82,432,41,72,94
7102,7,7,1,964,45,3.99,964,45,78,131
7103,7,7,1,651,64,3.21,651,64,98,138
7104,7,7,1,666,72,2.98,666,72,74,107
7105,7,7,1,1157,33,3.91,1157,33,65,116
7106,7,7,1,834,21,4.53,834,21,41,77
7107,7,7,1,829,42,4.24,829,42,57,108
7108,7,7,1,605,67,2.98,605,67,99,144
7109,7,7,1,779,30,3.17,779,30,48,93
7110,7,7,1,707,61,4.19,707,61,94,144
7111,7,7,1,824,57,3.13,824,57,68,116
7112,7,7,1,1082,38,4.02,1082,38,60,123
7113,7,2,0,791,29,4.15,791,29,36,101
7114,7,7,1,401,45,3.8,401,45,73,128
7115,7,2,0,658,47,3.97,658,47,58,104
7116,7,7,1,975,38,3.74,975,38,62,115
7117,7,7,1,664,57,4.17,664,57,94,148
7118,7,7,1,378,48,2.9,378,48,63,105
7119,7,7,1,929,45,3.78,929,45,72,119
7120,7,2,0,798,26,3.86,798,26,60,120
7121,7,7,1,622,64,4.26,622,64,89,149
7122,7,8,0,638,25,2.93,638,25,20,66
7123,7,7,1,638,27,3.08,638,27,30,73
7124,7,7,1,700,64,3.56,700,64,91,143
7125,7,7,1,781,56,4.14,781,56,64,100
7126,7,7,1,488,31,3.51,488,31,43,83
7127,7,7,1,640,66,3.84,640,66,88,130
7128,7,7,1,599,61,2.93,599,61,97,143
7129,7,7,1,684,32,3.5,684,32,53,93
7130,7,7,1,665,54,3.1,665,54,64,98
7131,7,7,1,885,64,4.58,885,64,89,153
7132,7,7,1,1234,54,4.67,1234,54,109,155
7133,7,7,1,655,48,3.05,655,48,72,132
7134,7,7,1,732,43,3.5,732,43,75,120
7135,7,7,1,686,31,4.23,686,31,49,78
7136,7,7,1,555,60,3.5,555,60,87,160
7137,7,7,1,924,65,3.81,924,65,96,139
7138,7,7,1,1057,57,4.76,1057,57,102,158
7139,7,8,0,454,28,3.04,454,28,33,106
7140,7,7,1,559,52,4.14,559,52,80,143
7141,7,7,1,606,48,3.69,606,48,83,105
7142,7,7,1,998,47,5.26,998,47,81,127
7143,7,9,0,421,26,2.65,421,26,31,49
7144,7,7,1,669,54,3.54,669,54,69,112
7145,7,7,1,1052,37,5.29,1052,37,60,124
7146,7,7,1,677,72,3.66,677,72,92,132
7147,7,7,1,800,69,4.85,800,69,102,130
7148,7,7,1,637,75,3.84,637,75,101,160
7149,7,7,1,498,55,3.07,498,55,70,117
7150,7,7,1,601,55,3.12,601,55,84,135
7151,7,7,1,860,30,3.88,860,30,39,98
7152,7,7,1,720,61,4.8,720,61,97,150
7153,7,7,1,625,57,2.84,625,57,54,112
7154,7,7,1,828,61,5.37,828,61,89,154
7155,7,7,1,654,67,3.54,654,67,107,168
7156,7,7,1,517,43,3.05,517,43,70,107
7157,7,7,1,773,58,3.64,773,58,48,91
7158,7,7,1,758,71,9.68,758,71,89,145
7159,7,7,1,479,35,4.06,479,35,70,127
7160,7,7,1,664,65,3.99,664,65,102,159
7161,7,7,1,660,71,3.69,660,71,77,127
7162,7,7,1,435,28,3.49,435,28,51,84
7163,7,2,0,1045,46,4.78,1045,46,56,96
7164,7,7,1,552,32,2.77,552,32,41,67
7165,7,7,1,1066,40,3.59,1066,40,70,110
7166,7,7,1,677,59,4.36,677,59,92,168
7167,7,7,1,606,43,4.1,606,43,97,128
7168,7,2,0,948,47,4.33,948,47,64,119
7169,7,7,1,760,57,4.87,760,57,84,122
7170,7,4,0,754,64,4.39,754,64,56,93
7171,7,7,1,567,60,3.64,567,60,100,171
7172,7,7,1,797,53,4.03,797,53,70,117
7173,7,7,1,643,60,4.32,643,60,95,152
7174,7,7,1,865,47,3.46,865,47,64,107
7175,7,7,1,715,75,4.23,715,75,109,167
7176,7,7,1,804,66,5.09,804,66,85,126
7177,7,7,1,523,57,3.46,523,57,74,123
7178,7,7,1,494,41,3.04,494,41,67,101
7179,7,7,1,793,49,4.18,793,49,73,119
7180,7,7,1,904,51,4.4,904,51,94,145
7181,7,7,1,755,72,4.32,755,72,85,135
7182,7,7,1,704,76,3.84,704,76,89,140
7183,7,7,1,674,56,4.21,674,56,72,114
7184,7,7,1,795,43,4.76,795,43,65,114
7185,7,7,1,719,75,4.02,719,75,101,146
7186,7,7,1,703,58,3.69,703,58,87,139
7187,7,7,1,819,47,3.81,819,47,66,99
7188,7,7,1,676,74,3.4,676,74,105,168
7189,7,5,0,1055,23,5.71,1055,23,43,64
7190,7,7,1,926,36,4.89,926,36,66,104
7191,7,7,1,728,73,3.59,728,73,100,161
7192,7,7,1,1033,59,4.06,1033,59,84,144
7193,7,7,1,837,54,3.93,837,54,85,148
7194,7,2,0,1039,33,4.23,1039,33,35,88
7195,7,7,1,470,51,3.26,470,51,73,110
7196,7,7,1,782,32,4.26,782,32,47,100
7197,7,7,1,718,70,4.35,718,70,89,128
7198,7,7,1,865,54,4.73,865,54,64,105
7199,7,7,1,501,61,3.61,501,61,80,120
7200,7,7,1,523,43,3.81,523,43,69,92
7201,7,7,1,626,43,3.89,626,43,50,94
7202,7,7,1,843,58,4.52,843,58,74,116
7203,7,2,0,931,34,3.72,931,34,29,68
7204,7,7,1,673,71,3.94,673,71,76,113
7205,7,0,0,1017,30,3.78,1017,30,83,102
7206,7,7,1,853,45,3.8,853,45,83,132
7207,7,7,1,623,61,3.62,623,61,106,154
7208,7,7,1,736,76,3.72,736,76,102,146
7209,7,7,1,728,68,3.78,728,68,103,157
7210,7,7,1,838,59,3.62,838,59,100,142
7211,7,7,1,741,76,3.85,741,76,104,149
7212,7,7,1,1070,37,4.09,1070,37,73,110
7213,7,7,1,849,44,3.27,849,44,89,142
7214,7,7,1,973,70,3.72,973,70,99,160
7215,7,7,1,796,63,4.36,796,63,94,137
7216,7,7,1,838,63,4.47,838,63,83,135
7217,7,7,1,778,76,4.58,778,76,90,133
7218,7,7,1,559,61,3.43,559,61,90,149
7219,7,7,1,541,65,4.05,541,65,81,137
7220,7,7,1,578,55,4.41,578,55,82,116
7221,7,7,1,1213,33,4.41,1213,33,63,119
7222,7,7,1,767,49,3.14,767,49,81,129
7223,7,7,1,639,53,3.18,639,53,79,127
7224,7,7,1,714,53,3.75,714,53,76,143
7225,7,7,1,888,45,4.86,888,45,76,105
7226,7,7,1,578,63,3.17,578,63,105,160
7227,7,7,1,674,59,3.52,674,59,90,143
7228,7,7,1,968,42,3.85,968,42,70,131
7229,7,7,1,691,65,3.93,691,65,81,135
7230,7,2,0,719,44,3.52,719,44,50,103
7231,7,7,1,685,67,3.38,685,67,85,134
7232,7,7,1,957,45,4.16,957,45,78,113
7233,7,7,1,763,61,3.68,763,61,73,110
7234,7,7,1,894,64,3.47,894,64,73,121
7235,7,7,1,669,49,2.99,669,49,76,121
7236,7,7,1,997,56,4.08,997,56,110,170
7237,7,7,1,802,68,4.2,802,68,106,166
7238,7,7,1,778,70,3.3,778,70,86,118
7239,7,7,1,867,56,4.5,867,56,88,139
7240,7,7,1,595,54,4.36,595,54,86,139
7241,7,7,1,749,47,3.7,749,47,77,130
7242,7,7,1,642,44,4.42,642,44,83,127
7243,7,7,1,775,71,4.67,775,71,92,150
7244,7,7,1,653,56,4.26,653,56,67,101
7245,7,7,1,634,49,3.14,634,49,73,126
7246,7,7,1,830,53,3.7,830,53,76,133
7247,7,7,1,791,34,3.38,791,34,62,125
7248,7,7,1,850,42,3.87,850,42,57,122
7249,7,7,1,1210,49,5.18,1210,49,66,103
7250,7,7,1,435,42,3.0,435,42,68,115
7251,7,7,1,820,41,4.09,820,41,66,130
7252,7,7,1,852,57,4.44,852,57,74,137
7253,7,7,1,642,59,4.38,642,59,102,144
7254,7,7,1,550,32,4.11,550,32,66,108
7255,7,7,1,742,71,3.19,742,71,82,135
7256,7,7,1,722,67,3.97,722,67,95,148
7257,7,7,1,725,56,3.64,725,56,76,146
7258,7,7,1,586,41,2.85,586,41,59,87
7259,7,7,1,894,70,3.73,894,70,82,125
7260,7,7,1,673,68,4.37,673,68,105,151
7261,7,7,1,803,63,4.58,803,63,90,145
7262,7,7,1,642,61,3.21,642,61,69,104
7263,7,1,0,864,26,3.99,864,26,37,103
7264,7,7,1,675,48,3.0,675,48,75,109
7265,7,9,0,804,35,3.17,804,35,40,97
7266,7,7,1,712,62,3.43,712,62,74,127
7267,7,7,1,603,70,3.46,603,70,104,161
7268,7,2,0,704,48,3.54,704,48,57,77
7269,7,7,1,899,51,3.96,899,51,94,137
7270,7,7,1,989,31,5.33,989,31,49,89
7271,7,7,1,736,82,4.69,736,82,84,136
7272,7,7,1,608,68,3.79,608,68,96,133
7273,7,7,1,420,60,3.34,420,60,71,121
7274,7,7,1,933,22,3.55,933,22,55,118
7275,7,7,1,796,48,4.65,796,48,83,125
7276,7,7,1,980,70,3.99,980,70,79,123
7277,7,7,1,578,55,3.29,578,55,75,129
7278,7,7,1,904,35,3.35,904,35,29,74
7279,7,7,1,560,44,3.57,560,44,77,124
7280,7,7,1,964,64,4.08,964,64,92,148
7281,7,7,1,950,65,3.77,950,65,104,162
7282,7,7,1,722,59,3.41,722,59,95,124
7283,7,7,1,1043,47,4.95,1043,47,94,148
7284,7,7,1,855,72,4.22,855,72,104,149
7285,7,7,1,725,57,3.51,725,57,76,120
7286,7,7,1,782,63,3.7,782,63,84,148
7287,7,7,1,683,71,3.5,683,71,111,163
7288,7,7,1,725,49,3.28,725,49,98,150
7289,7,7,1,646,61,3.91,646,61,97,149
7290,7,7,1,606,59,3.44,606,59,64,111
7291,7,7,1,780,39,3.72,780,39,40,74
7292,7,7,1,836,68,3.54,836,68,98,140
7293,7,7,1,683,52,3.76,683,52,92,157
7294,7,7,1,794,33,4.45,794,33,69,105
7295,7,7,1,649,47,3.15,649,47,106,152
7296,7,7,1,933,54,3.49,933,54,65,111
7297,7,7,1,637,51,3.69,637,51,66,106
7298,7,7,1,638,66,4.28,638,66,86,130
7299,7,7,1,732,49,3.28,732,49,86,134
7300,7,7,1,699,53,3.77,699,53,83,142
7301,7,7,1,520,43,2.8,520,43,52,82
7302,7,7,1,786,48,3.7,786,48,76,135
7303,7,7,1,840,69,4.55,840,69,109,155
7304,7,7,1,620,46,3.79,620,46,76,103
7305,7,7,1,710,55,3.92,710,55,72,123
7306,7,7,1,1013,47,5.68,1013,47,80,120
7307,7,7,1,470,70,4.21,470,70,86,148
7308,7,7,1,913,44,3.77,913,44,61,118
7309,7,7,1,431,50,3.73,431,50,74,134
7310,7,7,1,873,39,3.87,873,39,75,139
7311,7,7,1,872,39,4.07,872,39,60,95
7312,7,7,1,821,65,4.54,821,65,109,152
7313,7,9,0,714,32,3.69,714,32,41,87
7314,7,7,1,796,42,3.54,796,42,58,85
7315,7,7,1,619,64,3.58,619,64,74,117
7316,7,7,1,739,32,4.34,739,32,41,104
7317,7,7,1,704,39,3.3,704,39,67,102
7318,7,6,0,704,61,3.4,704,61,73,121
7319,7,7,1,648,73,2.99,648,73,82,126
7320,7,7,1,843,24,4.11,843,24,51,87
7321,7,7,1,866,55,3.52,866,55,66,113
7322,7,7,1,428,61,2.81,428,61,80,133
7323,7,7,1,366,19,2.86,366,19,25,51
7324,7,7,1,512,46,4.35,512,46,94,136
7325,7,7,1,729,29,6.8,729,29,57,143
7326,7,7,1,767,51,3.42,767,51,69,129
7327,7,7,1,773,59,3.88,773,59,71,111
7328,7,7,1,905,37,4.69,905,37,62,108
7329,7,7,1,967,51,4.49,967,51,75,112
7330,7,7,1,679,51,3.2,679,51,66,113
7331,7,7,1,1063,55,4.85,1063,55,79,121
7332,7,7,1,798,60,3.69,798,60,98,150
7333,7,7,1,875,38,4.39,875,38,51,106
7334,7,7,1,941,53,4.21,941,53,94,121
7335,7,2,0,748,44,4.27,748,44,54,99
7336,7,9,0,756,41,3.33,756,41,40,81
7337,7,7,1,854,42,3.7,854,42,72,138
7338,7,7,1,1001,49,3.71,1001,49,52,115
7339,7,7,1,752,70,4.11,752,70,86,114
7340,7,7,1,718,61,3.84,718,61,81,129
7341,7,7,1,1001,36,3.86,1001,36,82,125
7342,7,7,1,842,34,3.64,842,34,65,100
7343,7,7,1,632,52,3.83,632,52,64,123
7344,7,7,1,705,56,3.12,705,56,70,114
7345,7,7,1,868,39,3.94,868,39,77,115
7346,7,7,1,757,69,3.26,757,69,98,156
7347,7,7,1,439,68,3.44,439,68,94,134
7348,7,7,1,851,52,4.5,851,52,93,126
7349,7,7,1,658,50,3.39,658,50,62,119
7350,7,7,1,1229,35,4.75,1229,35,82,133
7351,7,7,1,558,39,2.96,558,39,69,96
7352,7,7,1,541,58,4.24,541,58,112,145
7353,7,7,1,997,55,3.89,997,55,92,146
7354,7,7,1,661,44,4.14,661,44,89,129
7355,7,7,1,485,71,2.69,485,71,66,102
7356,7,7,1,519,62,3.1,519,62,80,134
7357,7,7,1,1211,37,4.61,1211,37,68,135
7358,7,7,1,901,50,3.96,901,50,88,136
7359,7,7,1,643,65,3.27,643,65,101,154
7360,7,7,1,941,39,4.86,941,39,47,99
7361,7,4,0,961,45,4.45,961,45,48,90
7362,7,7,1,769,33,3.32,769,33,63,135
7363,7,7,1,791,61,4.26,791,61,74,126
7364,7,7,1,677,71,4.29,677,71,95,155
7365,7,7,1,772,81,4.49,772,81,93,141
7366,7,7,1,1084,37,4.13,1084,37,60,99
7367,7,7,1,571,50,3.8,571,50,87,132
7368,7,7,1,686,60,3.25,686,60,81,123
7369,7,7,1,612,56,4.01,612,56,101,151
7370,7,7,1,859,63,3.77,859,63,85,137
7371,7,7,1,794,69,3.3,794,69,91,137
7372,7,7,1,822,60,3.77,822,60,75,125
7373,7,7,1,872,43,4.01,872,43,61,107
7374,7,7,1,792,54,3.53,792,54,83,133
7375,7,7,1,852,52,3.62,852,52,85,135
7376,7,7,1,851,35,4.49,851,35,99,158
7377,7,7,1,599,69,3.11,599,69,97,145
7378,7,7,1,981,57,3.82,981,57,86,141
7379,7,7,1,590,69,3.77,590,69,94,151
7380,7,7,1,707,58,3.59,707,58,70,121
7381,7,7,1,719,53,3.33,719,53,77,113
7382,7,7,1,797,60,3.89,797,60,104,152
7383,7,2,0,517,27,3.59,517,27,66,130
7384,7,7,1,734,58,3.72,734,58,98,138
7385,7,2,0,1126,19,4.87,1126,19,41,76
7386,7,7,1,1073,45,4.17,1073,45,70,134
7387,7,8,0,793,23,3.61,793,23,36,112
7388,7,7,1,896,60,3.86,896,60,67,126
7389,7,9,0,767,29,3.47,767,29,28,97
7390,7,7,1,893,43,3.7,893,43,54,122
7391,7,7,1,790,69,4.46,790,69,83,133
7392,7,7,1,587,61,2.86,587,61,85,123
7393,7,7,1,856,72,3.6,856,72,83,129
7394,7,7,1,893,41,3.84,893,41,66,116
7395,7,7,1,623,70,3.88,623,70,102,158
7396,7,7,1,744,70,3.3,744,70,95,139
7397,7,7,1,406,45,2.98,406,45,61,105
7398,7,7,1,706,66,3.26,706,66,93,147
7399,7,7,1,851,49,3.64,851,49,77,114
7400,7,9,0,681,16,3.17,681,16,28,78
7401,7,7,1,495,49,3.12,495,49,64,105
7402,7,7,1,613,64,3.58,613,64,87,136
7403,7,7,1,755,68,4.35,755,68,110,172
7404,7,7,1,418,38,3.09,418,38,58,88
7405,7,7,1,786,64,3.96,786,64,75,113
7406,7,7,1,903,59,3.6,903,59,112,161
7407,7,7,1,819,67,3.26,819,67,99,155
7408,7,7,1,910,62,3.67,910,62,91,158
7409,7,7,1,931,70,3.53,931,70,90,157
7410,7,7,1,1113,50,4.35,1113,50,89,148
7411,7,7,1,839,68,4.13,839,68,85,135
7412,7,7,1,854,50,3.67,854,50,74,131
7413,7,7,1,799,59,4.44,799,59,94,136
7414,7,7,1,711,68,4.41,711,68,101,153
7415,7,7,1,1111,49,3.96,1111,49,90,147
7416,7,7,1,833,46,3.33,833,46,83,119
7417,7,7,1,1098,40,11.64,1098,40,69,107
7418,7,7,1,782,66,4.11,782,66,103,154
7419,7,7,1,345,50,2.87,345,50,66,101
7420,7,7,1,866,68,3.61,866,68,69,123
7421,7,7,1,671,59,3.57,671,59,72,109
7422,7,7,1,885,46,3.64,885,46,69,124
7423,7,7,1,912,54,4.77,912,54,67,127
7424,7,7,1,1005,36,4.06,1005,36,49,90
7425,7,9,0,730,29,3.36,730,29,33,85
7426,7,7,1,507,72,4.76,507,72,87,128
7427,7,7,1,787,49,4.1,787,49,60,94
7428,7,7,1,903,67,4.03,903,67,94,148
7429,7,7,1,797,82,4.71,797,82,86,137
7430,7,7,1,675,58,3.58,675,58,82,137
7431,7,7,1,669,56,4.15,669,56,73,124
7432,7,7,1,899,37,4.01,899,37,59,114
7433,7,2,0,719,29,3.3,719,29,38,81
7434,7,7,1,669,63,4.5,669,63,89,131
7435,7,7,1,761,73,3.92,761,73,103,154
7436,7,7,1,689,58,3.51,689,58,78,132
7437,7,7,1,864,56,3.82,864,56,79,125
7438,7,7,1,980,60,4.45,980,60,78,135
7439,7,7,1,860,74,3.86,860,74,93,139
7440,7,7,1,1034,62,3.95,1034,62,97,140
7441,7,7,1,1141,51,4.49,1141,51,78,124
7442,7,7,1,564,64,3.28,564,64,103,159
7443,7,7,1,793,41,3.7,793,41,69,123
7444,7,7,1,761,73,3.23,761,73,88,138
7445,7,7,1,557,67,3.14,557,67,84,142
7446,7,7,1,920,63,4.81,920,63,98,151
7447,7,7,1,905,46,4.78,905,46,47,93
7448,7,7,1,625,40,3.07,625,40,71,118
7449,7,7,1,587,36,3.61,587,36,77,118
7450,7,7,1,744,32,4.2,744,32,56,84
7451,7,7,1,570,45,3.03,570,45,79,124
7452,7,7,1,594,59,3.96,594,59,69,135
7453,7,7,1,773,66,5.02,773,66,84,131
7454,7,7,1,798,71,3.81,798,71,99,152
7455,7,7,1,689,69,3.74,689,69,84,126
7456,7,7,1,570,60,4.45,570,60,94,148
7457,7,7,1,1059,43,4.87,1059,43,66,121
7458,7,7,1,842,37,3.39,842,37,73,126
7459,7,7,1,811,44,3.19,811,44,46,100
7460,7,7,1,573,64,2.89,573,64,89,139
7461,7,7,1,892,66,4.29,892,66,113,157
7462,7,7,1,638,69,4.46,638,69,91,144
7463,7,2,0,991,28,3.59,991,28,36,65
7464,7,7,1,739,62,3.45,739,62,79,108
7465,7,7,1,940,55,4.37,940,55,84,152
7466,7,7,1,679,64,3.24,679,64,78,133
7467,7,7,1,774,75,3.98,774,75,85,137
7468,7,7,1,1149,31,4.28,1149,31,43,96
7469,7,7,1,659,50,3.63,659,50,78,132
7470,7,7,1,757,58,4.56,757,58,79,128
7471,7,7,1,867,59,4.41,867,59,96,152
7472,7,7,1,638,68,3.47,638,68,73,115
7473,7,7,1,1051,56,4.36,1051,56,71,130
7474,7,7,1,850,59,3.67,850,59,96,140
7475,7,7,1,859,69,4.81,859,69,93,136
7476,7,7,1,830,60,4.14,830,60,76,121
7477,7,7,1,846,49,3.33,846,49,66,119
7478,7,7,1,722,55,3.5,722,55,74,126
7479,7,7,1,845,58,4.46,845,58,98,162
7480,7,7,1,867,63,4.42,867,63,88,138
7481,7,7,1,683,56,3.61,683,56,81,127
7482,7,7,1,821,55,3.8,821,55,89,149
7483,7,7,1,733,46,4.2,733,46,73,126
7484,7,7,1,859,52,3.28,859,52,74,119
7485,7,7,1,746,44,4.38,746,44,59,98
7486,7,7,1,963,78,4.36,963,78,98,158
7487,7,7,1,785,34,4.05,785,34,89,114
7488,7,7,1,1192,50,4.6,1192,50,79,125
7489,7,1,0,678,41,4.92,678,41,31,111
7490,7,7,1,804,40,4.56,804,40,88,147
7491,7,7,1,600,59,3.88,600,59,85,149
7492,7,7,1,722,36,3.55,722,36,71,120
7493,7,7,1,916,52,3.96,916,52,95,137
7494,7,7,1,723,74,3.66,723,74,92,136
7495,7,7,1,760,66,3.75,760,66,79,131
7496,7,9,0,533,32,3.82,533,32,32,94
7497,7,7,1,655,72,3.64,655,72,93,149
7498,7,7,1,598,61,4.26,598,61,79,122
7499,7,7,1,612,75,3.75,612,75,80,117
7500,7,7,1,776,64,4.69,776,64,75,114
7501,7,7,1,731,53,3.95,731,53,70,119
7502,7,7,1,789,53,3.29,789,53,75,107
7503,7,7,1,807,49,3.34,807,49,86,131
7504,7,7,1,736,58,3.27,736,58,98,144
7505,7,7,1,988,51,4.19,988,51,78,134
7506,7,7,1,772,63,3.11,772,63,81,124
7507,7,7,1,901,63,5.22,901,63,80,131
7508,7,7,1,939,57,3.66,939,57,79,128
7509,7,7,1,854,47,3.8,854,47,84,117
7510,7,7,1,908,59,3.73,908,59,81,141
7511,7,7,1,735,60,3.35,735,60,82,138
7512,7,7,1,820,50,4.02,820,50,75,133
7513,7,7,1,910,49,3.7,910,49,61,119
7514,7,7,1,732,47,3.83,732,47,99,133
7515,7,7,1,559,40,3.19,559,40,69,116
7516,7,7,1,728,38,3.52,728,38,89,151
7517,7,7,1,770,45,4.75,770,45,66,105
7518,7,7,1,893,66,4.08,893,66,88,145
7519,7,7,1,685,48,3.13,685,48,84,135
7520,7,7,1,782,37,3.79,782,37,94,146
7521,7,7,1,841,43,3.88,841,43,89,160
7522,7,7,1,640,69,3.54,640,69,102,158
7523,7,7,1,783,59,3.82,783,59,84,135
7524,7,7,1,583,52,3.07,583,52,85,145
7525,7,7,1,662,34,3.12,662,34,47,87
7526,7,7,1,697,38,4.58,697,38,67,98
7527,7,7,1,825,65,4.11,825,65,97,149
7528,7,7,1,1070,56,4.72,1070,56,80,137
7529,7,7,1,1120,61,4.84,1120,61,94,149
7530,7,7,1,1077,60,4.28,1077,60,89,145
7531,7,7,1,995,56,4.08,995,56,84,137
7532,7,7,1,1025,61,4.63,1025,61,91,165
7533,7,7,1,851,55,3.77,851,55,97,158
7534,7,7,1,953,64,4.18,953,64,96,149
7535,7,7,1,931,69,4.82,931,69,94,145
7536,7,7,1,836,57,3.81,836,57,77,122
7537,7,7,1,986,60,4.61,986,60,106,176
7538,7,7,1,809,62,4.05,809,62,79,121
7539,7,7,1,790,50,3.55,790,50,82,132
7540,7,7,1,785,64,4.22,785,64,104,162
7541,7,7,1,894,64,3.87,894,64,87,154
7542,7,7,1,942,56,5.89,942,56,81,129
7543,7,7,1,846,56,3.75,846,56,73,114
7544,7,7,1,935,64,4.44,935,64,96,155
7545,7,7,1,936,58,5.12,936,58,91,150
7546,7,7,1,896,65,5.42,896,65,89,146
7547,7,7,1,747,61,4.66,747,61,112,164
7548,7,7,1,1010,62,3.81,1010,62,84,129
7549,7,7,1,829,62,3.67,829,62,92,147
7550,7,7,1,826,50,3.87,826,50,69,101
7551,7,7,1,949,65,4.29,949,65,113,168
7552,7,7,1,790,59,3.58,790,59,87,135
7553,7,7,1,672,56,3.86,672,56,84,139
7554,7,7,1,865,56,3.69,865,56,81,124
7555,7,7,1,797,65,3.57,797,65,98,147
7556,7,7,1,868,55,4.76,868,55,96,143
7557,7,7,1,843,56,3.97,843,56,74,120
7558,7,7,1,871,49,3.44,871,49,61,113
7559,7,7,1,895,61,3.64,895,61,98,151
7560,7,7,1,974,55,3.78,974,55,94,137
7561,7,7,1,591,41,3.03,591,41,62,112
7562,7,7,1,785,58,3.75,785,58,77,115
7563,7,7,1,819,59,3.26,819,59,75,117
7564,7,7,1,702,66,3.53,702,66,97,149
7565,7,7,1,730,54,3.73,730,54,64,112
7566,7,7,1,743,48,3.68,743,48,61,113
7567,7,7,1,761,52,3.58,761,52,83,138
7568,7,7,1,793,63,4.93,793,63,101,163
7569,7,7,1,720,52,3.03,720,52,65,110
7570,7,7,1,787,59,3.32,787,59,84,137
7571,7,7,1,639,60,4.09,639,60,72,118
7572,7,7,1,646,52,3.55,646,52,67,93
7573,7,7,1,662,42,2.96,662,42,54,93
7574,7,7,1,754,39,4.22,754,39,63,106
7575,7,7,1,664,54,3.64,664,54,78,133
7576,7,7,1,1055,69,4.4,1055,69,110,169
7577,7,7,1,703,63,4.53,703,63,64,99
7578,7,7,1,847,62,3.37,847,62,96,160
7579,7,7,1,904,74,3.52,904,74,103,151
7580,7,7,1,748,65,4.02,748,65,105,162
7581,7,7,1,770,68,3.45,770,68,100,155
7582,7,9,0,967,24,3.61,967,24,22,66
7583,7,7,1,1036,39,4.86,1036,39,56,104
7584,7,7,1,903,36,3.82,903,36,33,58
7585,7,7,1,782,34,3.77,782,34,33,77
7586,7,7,1,748,35,4.27,748,35,59,93
7587,7,7,1,916,49,4.22,916,49,61,110
7588,7,0,0,1051,37,4.16,1051,37,38,91
7589,7,7,1,674,50,3.94,674,50,76,124
7590,7,7,1,749,33,3.36,749,33,43,101
7591,7,7,1,722,49,3.28,722,49,69,125
7592,7,7,1,543,58,2.82,543,58,70,113
7593,7,7,1,683,54,3.67,683,54,70,101
7594,7,7,1,575,54,3.71,575,54,76,111
7595,7,7,1,592,69,3.35,592,69,81,130
7596,7,7,1,613,68,3.69,613,68,75,127
7597,7,7,1,559,76,4.02,559,76,81,131
7598,7,7,1,513,56,2.9,513,56,79,116
7599,7,7,1,612,70,3.52,612,70,76,111
7600,7,7,1,679,67,3.54,679,67,84,134
7601,7,7,1,522,53,13.68,522,53,73,116
7602,7,7,1,472,67,3.46,472,67,82,111
7603,7,7,1,493,66,2.73,493,66,81,120
7604,7,7,1,593,65,4.18,593,65,67,111
7605,7,7,1,965,65,5.82,965,65,95,138
7606,7,7,1,861,62,4.19,861,62,100,153
7607,7,7,1,949,68,4.29,949,68,91,155
7608,7,7,1,843,73,4.15,843,73,106,153
7609,7,7,1,1005,60,4.5,1005,60,109,163
7610,7,7,1,979,63,4.66,979,63,109,165
7611,7,7,1,984,49,3.67,984,49,73,126
7612,7,7,1,803,65,3.85,803,65,71,117
7613,7,7,1,831,60,4.24,831,60,83,146
7614,7,7,1,806,71,4.39,806,71,110,157
7615,7,7,1,903,66,4.06,903,66,96,143
7616,7,7,1,798,62,3.63,798,62,101,168
7617,7,7,1,909,61,5.15,909,61,100,138
7618,7,7,1,933,51,4.18,933,51,77,144
7619,7,7,1,829,58,3.89,829,58,90,151
7620,7,7,1,873,69,5.67,873,69,81,127
7621,7,7,1,894,53,3.6,894,53,82,122
7622,7,7,1,815,56,3.55,815,56,69,113
7623,7,7,1,928,47,3.79,928,47,58,105
7624,7,7,1,828,52,3.85,828,52,80,118
7625,7,7,1,960,50,4.13,960,50,87,137
7626,7,7,1,748,62,3.81,748,62,89,138
7627,7,7,1,1012,54,4.35,1012,54,75,125
7628,7,7,1,886,58,3.92,886,58,86,138
7629,7,7,1,942,52,3.75,942,52,84,144
7630,7,7,1,1040,62,4.31,1040,62,95,150
7631,7,7,1,801,64,3.4,801,64,88,142
7632,7,7,1,880,62,5.07,880,62,77,138
7633,7,7,1,872,66,3.52,872,66,74,110
7634,7,7,1,705,62,3.14,705,62,80,118
7635,7,7,1,769,60,3.35,769,60,83,126
7636,7,7,1,782,69,3.86,782,69,71,123
7637,7,7,1,923,78,3.92,923,78,82,123
7638,7,7,1,715,56,3.86,715,56,83,131
7639,7,7,1,900,61,3.77,900,61,90,144
7640,7,7,1,904,59,4.78,904,59,88,146
7641,7,7,1,826,63,3.69,826,63,85,143
7642,7,7,1,564,57,3.25,564,57,59,94
7643,7,7,1,759,68,3.84,759,68,89,140
7644,7,7,1,943,39,4.24,943,39,64,133
7645,7,7,1,903,55,4.04,903,55,71,123
7646,7,7,1,899,50,4.09,899,50,78,125
7647,7,7,1,920,53,4.82,920,53,62,100
7648,7,7,1,968,39,3.67,968,39,62,111
7649,7,7,1,863,43,4.22,863,43,74,127
7650,7,7,1,980,50,4.8,980,50,61,110
7651,7,7,1,950,44,3.78,950,44,72,111
7652,7,7,1,774,52,3.5,774,52,92,141
7653,7,7,1,356,48,3.31,356,48,81,141
7654,7,1,0,347,22,2.43,347,22,32,94
7655,7,7,1,564,16,3.54,564,16,38,87
7656,7,7,1,682,64,8.64,682,64,89,143
7657,7,7,1,764,51,4.23,764,51,93,160
7658,7,7,1,531,59,3.26,531,59,75,130
7659,7,7,1,823,58,4.28,823,58,82,137
7660,7,7,1,629,45,3.46,629,45,69,105
7661,7,7,1,943,59,4.93,943,59,76,110
7662,7,7,1,913,59,4.37,913,59,95,141
7663,7,7,1,834,59,3.54,834,59,101,149
7664,7,7,1,941,59,3.98,941,59,98,167
7665,7,7,1,1075,61,4.46,1075,61,96,154
7666,7,7,1,862,65,4.96,862,65,101,149
7667,7,7,1,969,57,4.17,969,57,92,142
7668,7,7,1,985,54,4.17,985,54,74,127
7669,7,7,1,815,51,3.51,815,51,89,141
7670,7,7,1,881,51,4.55,881,51,89,147
7671,7,7,1,798,61,4.12,798,61,97,146
7672,7,7,1,1076,41,4.24,1076,41,75,146
7673,7,7,1,1160,48,5.73,1160,48,74,137
7674,7,7,1,1024,39,4.27,1024,39,50,95
7675,7,7,1,932,47,4.0,932,47,83,138
7676,7,7,1,1155,41,3.86,1155,41,62,118
7677,7,7,1,1024,27,4.18,1024,27,37,72
7678,7,7,1,1065,58,4.4,1065,58,80,124
7679,7,7,1,1018,37,4.84,1018,37,51,97
7680,7,7,1,1026,45,4.42,1026,45,66,113
7681,7,7,1,702,73,3.59,702,73,100,164
7682,7,7,1,815,72,3.88,815,72,89,131
7683,7,7,1,749,66,3.94,749,66,89,147
7684,7,7,1,768,64,3.36,768,64,96,149
7685,7,7,1,821,66,3.54,821,66,95,140
7686,7,7,1,701,65,3.34,701,65,85,138
7687,7,7,1,629,62,3.68,629,62,68,117
7688,7,7,1,735,61,4.15,735,61,90,139
7689,7,7,1,857,57,5.43,857,57,83,139
7690,7,7,1,626,57,2.84,626,57,74,120
7691,7,7,1,742,55,3.97,742,55,85,135
7692,7,7,1,691,58,4.42,691,58,85,145
7693,7,7,1,672,64,4.21,672,64,95,142
7694,7,7,1,815,52,3.96,815,52,71,127
7695,7,7,1,867,45,3.57,867,45,81,132
7696,7,7,1,834,38,4.66,834,38,60,97
7697,7,7,1,878,69,3.7,878,69,97,146
7698,7,7,1,892,59,3.97,892,59,88,132
7699,7,7,1,745,45,3.66,745,45,78,131
7700,7,7,1,965,52,4.19,965,52,96,169
7701,7,7,1,767,51,3.61,767,51,87,154
7702,7,7,1,612,56,4.18,612,56,84,143
7703,7,7,1,741,50,4.06,741,50,85,128
7704,7,7,1,763,53,3.08,763,53,75,124
7705,7,7,1,972,56,3.56,972,56,94,148
7706,7,7,1,824,52,3.97,824,52,88,148
7707,7,7,1,1038,45,4.12,1038,45,80,120
7708,7,7,1,942,54,4.7,942,54,87,143
7709,7,7,1,787,64,4.25,787,64,100,154
7710,7,7,1,950,62,4.72,950,62,101,154
7711,7,7,1,966,51,4.21,966,51,85,147
7712,7,7,1,876,64,3.73,876,64,101,158
7713,7,7,1,814,52,3.87,814,52,97,145
7714,7,7,1,989,67,3.75,989,67,98,145
7715,7,7,1,987,56,4.64,987,56,83,143
7716,7,7,1,999,60,4.06,999,60,95,152
7717,7,7,1,1026,59,3.57,1026,59,101,154
7718,7,7,1,723,68,3.72,723,68,101,158
7719,7,7,1,689,53,3.67,689,53,75,140
7720,7,7,1,825,39,5.07,825,39,74,118
7721,7,7,1,810,45,4.59,810,45,97,150
7722,7,7,1,732,57,4.77,732,57,81,130
7723,7,7,1,864,43,4.27,864,43,70,117
7724,7,7,1,843,40,3.69,843,40,80,130
7725,7,7,1,962,45,3.76,962,45,86,133
7726,7,7,1,985,35,4.12,985,35,67,129
7727,7,7,1,736,38,3.15,736,38,49,90
7728,7,7,1,704,51,4.17,704,51,95,149
7729,7,7,1,799,54,3.44,799,54,70,117
7730,7,7,1,788,57,4.45,788,57,88,144
7731,7,7,1,810,61,3.9,810,61,69,112
7732,7,7,1,721,63,3.72,721,63,86,139
7733,7,7,1,955,43,4.53,955,43,45,81
7734,7,7,1,815,42,3.53,815,42,89,138
7735,7,7,1,877,55,4.54,877,55,82,138
7736,7,7,1,879,49,3.63,879,49,72,128
7737,7,7,1,854,67,4.22,854,67,97,144
7738,7,7,1,874,49,3.5,874,49,91,144
7739,7,7,1,891,37,4.25,891,37,69,127
7740,7,7,1,893,40,4.14,893,40,65,107
7741,7,7,1,994,53,4.05,994,53,95,172
7742,7,7,1,647,49,3.36,647,49,83,136
7743,7,7,1,811,34,3.34,811,34,42,109
7744,7,7,1,824,52,3.18,824,52,68,117
7745,7,7,1,912,33,3.5,912,33,64,125
7746,7,7,1,828,47,4.22,828,47,82,142
7747,7,7,1,847,50,3.63,847,50,102,162
7748,7,7,1,887,68,4.46,887,68,92,164
7749,7,7,1,939,53,3.95,939,53,85,129
7750,7,7,1,707,51,4.11,707,51,96,140
7751,7,7,1,971,52,8.59,971,52,84,141
7752,7,7,1,999,57,4.28,999,57,71,110
7753,7,7,1,979,47,4.06,979,47,87,134
7754,7,7,1,976,49,4.36,976,49,74,124
7755,7,7,1,749,50,3.49,749,50,68,131
7756,7,7,1,940,51,4.09,940,51,83,130
7757,7,7,1,1113,49,4.14,1113,49,72,126
7758,7,7,1,817,42,3.49,817,42,79,124
7759,7,7,1,820,48,4.69,820,48,71,118
7760,7,7,1,994,59,4.0,994,59,91,138
7761,7,7,1,784,55,3.54,784,55,66,102
7762,7,7,1,690,41,4.23,690,41,58,92
7763,7,7,1,921,57,5.29,921,57,90,134
7764,7,7,1,733,65,3.85,733,65,108,167
7765,7,7,1,957,49,3.78,957,49,88,120
7766,7,7,1,839,67,4.91,839,67,98,158
7767,7,7,1,747,59,3.89,747,59,87,146
7768,7,7,1,721,69,3.38,721,69,86,146
7769,7,7,1,697,61,3.59,697,61,93,151
7770,7,7,1,729,67,3.81,729,67,103,166
7771,7,7,1,795,76,4.44,795,76,99,155
7772,7,7,1,779,57,4.04,779,57,81,153
7773,7,7,1,733,57,3.45,733,57,78,129
7774,7,7,1,1003,64,6.03,1003,64,103,155
7775,7,7,1,1026,60,4.36,1026,60,103,159
7776,7,7,1,1021,58,4.05,1021,58,76,118
7777,7,7,1,921,49,3.98,921,49,95,141
7778,7,7,1,965,57,3.91,965,57,86,134
7779,7,7,1,1089,56,4.94,1089,56,90,150
7780,7,7,1,1023,66,3.9,1023,66,92,153
7781,7,7,1,894,59,3.99,894,59,76,128
7782,7,7,1,1031,55,4.22,1031,55,98,153
7783,7,7,1,1044,51,4.25,1044,51,82,156
7784,7,7,1,1085,54,4.53,1085,54,85,137
7785,7,7,1,1091,58,3.73,1091,58,90,147
7786,7,7,1,986,65,4.6,986,65,85,128
7787,7,7,1,987,50,3.86,987,50,72,124
7788,7,7,1,1085,36,4.01,1085,36,53,130
7789,7,7,1,1095,45,4.55,1095,45,67,104
7790,7,7,1,1071,51,4.83,1071,51,74,127
7791,7,7,1,942,46,3.76,942,46,87,148
7792,7,7,1,1049,47,3.65,1049,47,61,114
7793,7,7,1,1055,41,3.78,1055,41,58,106
7794,7,7,1,1019,40,4.63,1019,40,69,111
7795,7,7,1,873,57,4.58,873,57,99,141
7796,7,7,1,969,53,5.15,969,53,97,145
7797,7,7,1,946,62,3.51,946,62,101,155
7798,7,7,1,977,54,3.57,977,54,86,144
7799,7,7,1,1245,53,4.81,1245,53,88,135
7800,7,7,1,995,45,4.45,995,45,59,116
7801,7,7,1,1116,54,4.23,1116,54,91,155
7802,7,7,1,825,52,4.01,825,52,68,119
7803,7,7,1,1119,47,4.17,1119,47,81,131
7804,7,7,1,1009,51,3.96,1009,51,91,146
7805,7,7,1,1056,52,4.51,1056,52,93,158
7806,7,7,1,1017,58,4.31,1017,58,104,160
7807,7,7,1,898,54,4.74,898,54,77,121
7808,7,7,1,861,50,3.92,861,50,57,121
7809,7,7,1,751,42,3.19,751,42,86,146
7810,7,7,1,646,59,3.0,646,59,76,141
7811,7,7,1,938,59,3.72,938,59,95,161
7812,7,7,1,864,62,4.25,864,62,96,156
7813,7,7,1,954,48,3.66,954,48,86,143
7814,7,7,1,764,49,3.91,764,49,105,156
7815,7,7,1,942,55,4.99,942,55,87,145
7816,7,7,1,857,59,3.98,857,59,106,161
7817,7,7,1,1092,58,5.33,1092,58,100,143
7818,7,7,1,919,51,3.8,919,51,101,159
7819,7,7,1,747,49,4.35,747,49,70,128
7820,7,7,1,936,44,3.5,936,44,67,113
7821,7,7,1,775,45,3.55,775,45,96,151
7822,7,7,1,829,53,4.3,829,53,89,142
7823,7,7,1,1032,62,4.28,1032,62,88,145
7824,7,7,1,907,55,4.01,907,55,98,151
7825,7,7,1,934,47,3.64,934,47,72,126
7826,7,7,1,1018,52,4.52,1018,52,78,139
7827,7,7,1,1098,48,4.27,1098,48,57,103
7828,7,7,1,796,56,4.4,796,56,106,161
7829,7,7,1,1075,53,4.69,1075,53,62,118
7830,7,7,1,1156,52,4.14,1156,52,83,152
7831,7,7,1,863,59,5.25,863,59,88,145
7832,7,7,1,1116,57,3.92,1116,57,68,116
7833,7,7,1,1089,51,4.45,1089,51,75,128
7834,7,7,1,945,57,3.9,945,57,94,147
7835,7,7,1,1106,63,4.44,1106,63,102,142
7836,7,7,1,906,53,3.48,906,53,103,151
7837,7,7,1,866,51,4.39,866,51,66,108
7838,7,7,1,1168,43,4.39,1168,43,81,133
7839,7,7,1,1014,39,4.76,1014,39,85,143
7840,7,7,1,920,58,4.7,920,58,111,166
7841,7,7,1,839,60,3.97,839,60,88,146
7842,7,7,1,1006,48,4.34,1006,48,93,150
7843,7,7,1,1023,60,4.25,1023,60,84,131
7844,7,7,1,1071,55,5.19,1071,55,76,113
7845,7,7,1,969,68,4.5,969,68,105,163
7846,7,7,1,1104,55,4.57,1104,55,79,117
7847,7,7,1,954,70,4.05,954,70,97,164
7848,7,7,1,816,74,4.68,816,74,87,147
7849,7,7,1,935,69,4.93,935,69,108,160
7850,7,7,1,926,74,4.09,926,74,102,155
7851,7,7,1,731,66,3.35,731,66,87,124
7852,7,7,1,705,62,4.36,705,62,66,116
7853,7,7,1,872,73,4.89,872,73,87,147
7854,7,7,1,766,74,3.43,766,74,87,141
7855,7,7,1,698,62,3.07,698,62,84,135
7856,7,7,1,659,67,3.98,659,67,70,106
7857,7,7,1,899,62,3.89,899,62,94,169
7858,7,7,1,609,61,2.91,609,61,80,128
7859,7,7,1,921,62,4.71,921,62,78,139
7860,7,7,1,650,69,3.81,650,69,103,152
7861,7,7,1,615,67,3.69,615,67,106,156
7862,7,7,1,707,70,3.13,707,70,94,143
7863,7,7,1,789,60,4.42,789,60,77,117
7864,7,7,1,711,54,3.41,711,54,67,104
7865,7,7,1,823,57,4.78,823,57,86,154
7866,7,7,1,855,56,3.51,855,56,78,120
7867,7,7,1,836,56,3.7,836,56,95,148
7868,7,7,1,820,55,4.42,820,55,84,133
7869,7,7,1,692,60,4.26,692,60,93,152
7870,7,7,1,945,45,3.89,945,45,68,118
7871,7,7,1,827,57,3.51,827,57,88,149
7872,7,7,1,1049,53,3.87,1049,53,87,145
7873,7,7,1,1015,65,4.31,1015,65,110,167
7874,7,7,1,845,63,5.1,845,63,93,162
7875,7,7,1,871,56,3.3,871,56,87,141
7876,7,7,1,912,65,3.94,912,65,102,166
7877,7,7,1,878,47,3.92,878,47,72,114
7878,7,7,1,915,59,4.32,915,59,84,133
7879,7,7,1,866,72,3.55,866,72,92,149
7880,7,7,1,910,45,4.02,910,45,74,126
7881,7,7,1,954,61,5.38,954,61,101,156
7882,7,7,1,932,59,4.59,932,59,101,156
7883,7,7,1,777,64,4.8,777,64,100,158
7884,7,7,1,783,47,4.28,783,47,80,142
7885,7,7,1,805,59,4.87,805,59,104,159
7886,7,7,1,998,41,4.6,998,41,83,142
7887,7,7,1,869,52,4.18,869,52,86,138
7888,7,7,1,991,62,3.95,991,62,89,151
7889,7,7,1,927,64,4.04,927,64,113,144
7890,7,7,1,957,62,4.27,957,62,82,128
7891,7,7,1,885,60,4.07,885,60,106,166
7892,7,7,1,927,61,4.16,927,61,104,147
7893,7,7,1,1102,50,3.89,1102,50,75,129
7894,7,7,1,827,55,5.0,827,55,95,148
7895,7,7,1,904,43,4.42,904,43,62,99
7896,7,7,1,1196,48,4.37,1196,48,84,121
7897,7,7,1,1147,32,4.53,1147,32,69,111
7898,7,7,1,825,51,4.45,825,51,72,121
7899,7,7,1,1029,57,4.39,1029,57,88,129
7900,7,7,1,1092,40,4.42,1092,40,73,128
7901,7,7,1,1005,48,3.83,1005,48,70,114
7902,7,7,1,1047,60,3.92,1047,60,80,120
7903,7,2,0,1144,37,5.15,1144,37,55,121
7904,7,2,0,1035,32,4.68,1035,32,74,125
7905,7,7,1,1174,22,4.63,1174,22,49,103
7906,7,3,0,1138,31,4.9,1138,31,49,111
7907,7,3,0,1057,26,4.11,1057,26,48,99
7908,7,3,0,995,26,4.88,995,26,34,86
7909,7,7,1,1081,34,4.24,1081,34,62,104
7910,7,7,1,1069,32,4.2,1069,32,34,88
7911,7,7,1,853,58,3.34,853,58,80,123
7912,7,7,1,990,66,3.67,990,66,83,143
7913,7,7,1,940,63,5.23,940,63,91,141
7914,7,7,1,936,68,5.11,936,68,112,168
7915,7,7,1,928,64,3.84,928,64,79,131
7916,7,7,1,841,57,3.93,841,57,71,116
7917,7,7,1,906,53,3.56,906,53,73,126
7918,7,7,1,899,51,3.62,899,51,85,137
7919,7,7,1,922,58,5.27,922,58,83,136
7920,7,7,1,941,57,3.38,941,57,94,141
7921,7,7,1,832,60,4.18,832,60,76,121
7922,7,7,1,889,64,4.55,889,64,74,124
7923,7,7,1,847,48,4.27,847,48,72,120
7924,7,7,1,988,55,4.96,988,55,65,109
7925,7,7,1,1171,43,5.14,1171,43,84,143
7926,7,7,1,1161,48,4.86,1161,48,87,120
7927,7,7,1,1175,51,5.38,1175,51,87,140
7928,7,7,1,1116,51,4.8,1116,51,78,123
7929,7,7,1,1103,44,5.25,1103,44,61,112
7930,7,7,1,966,42,3.58,966,42,62,104
7931,7,7,1,1090,52,4.65,1090,52,90,141
7932,7,7,1,732,62,3.27,732,62,79,141
7933,7,7,1,766,69,3.65,766,69,92,144
7934,7,7,1,832,67,3.59,832,67,97,162
7935,7,7,1,753,72,4.48,753,72,104,166
7936,7,7,1,789,59,4.37,789,59,93,146
7937,7,7,1,814,70,4.24,814,70,88,149
7938,7,7,1,696,63,3.61,696,63,84,140
7939,7,7,1,738,73,3.88,738,73,101,158
7940,7,7,1,773,69,3.78,773,69,86,126
7941,7,7,1,728,70,3.84,728,70,86,136
7942,7,7,1,727,67,3.47,727,67,84,118
7943,7,7,1,717,69,3.67,717,69,94,146
7944,7,7,1,908,68,4.68,908,68,92,133
7945,7,7,1,899,60,3.84,899,60,75,142
7946,7,7,1,1011,64,3.6,1011,64,88,144
7947,7,7,1,866,57,3.96,866,57,68,127
7948,7,7,1,678,65,4.14,678,65,110,156
7949,7,7,1,841,63,3.54,841,63,80,138
7950,7,7,1,602,42,3.98,602,42,73,109
7951,7,7,1,561,67,3.28,561,67,93,143
7952,7,7,1,712,52,3.72,712,52,77,123
7953,7,7,1,950,59,3.97,950,59,95,156
7954,7,7,1,733,58,3.48,733,58,77,117
7955,7,7,1,851,64,4.85,851,64,109,155
7956,7,7,1,819,51,4.72,819,51,91,161
7957,7,7,1,682,74,3.85,682,74,64,100
7958,7,7,1,831,53,3.59,831,53,89,147
7959,7,7,1,854,64,3.6,854,64,82,133
7960,7,7,1,945,40,4.22,945,40,55,112
7961,7,7,1,928,41,3.67,928,41,57,100
7962,7,7,1,899,60,4.06,899,60,100,140
7963,7,7,1,1047,49,4.24,1047,49,67,110
7964,7,7,1,810,33,4.76,810,33,89,145
7965,7,7,1,1012,61,4.93,1012,61,112,152
7966,7,7,1,1037,63,4.39,1037,63,109,154
7967,7,7,1,1071,75,4.09,1071,75,100,162
7968,7,7,1,694,62,4.11,694,62,75,111
7969,7,7,1,900,66,5.21,900,66,95,154
7970,7,7,1,1141,53,3.95,1141,53,94,158
7971,7,7,1,1044,46,4.58,1044,46,94,142
7972,7,7,1,1019,40,5.67,1019,40,71,130
7973,7,7,1,1001,43,4.3,1001,43,86,152
7974,7,7,1,848,52,3.59,848,52,107,157
7975,7,7,1,737,42,3.8,737,42,78,143
7976,7,7,1,1139,49,4.44,1139,49,77,114
7977,7,7,1,1133,39,5.22,1133,39,61,127
7978,7,7,1,1193,40,4.49,1193,40,90,150
7979,7,7,1,1189,47,4.03,1189,47,80,130
7980,7,7,1,919,54,4.49,919,54,83,122
7981,7,7,1,932,55,4.7,932,55,75,119
7982,7,7,1,933,41,3.44,933,41,88,143
7983,7,7,1,1093,32,3.88,1093,32,65,117
7984,7,7,1,948,49,4.17,948,49,51,88
7985,7,7,1,856,47,4.5,856,47,69,109
7986,7,7,1,996,37,4.57,996,37,51,83
7987,7,7,1,821,33,3.47,821,33,59,100
7988,7,7,1,953,40,3.91,953,40,56,101
7989,7,7,1,975,42,3.54,975,42,54,99
7990,7,7,1,1068,31,4.21,1068,31,52,104
7991,7,7,1,971,32,4.9,971,32,72,132
7992,7,7,1,701,62,3.63,701,62,87,150
7993,7,7,1,581,58,3.22,581,58,72,135
7994,7,7,1,717,62,3.82,717,62,102,162
7995,7,7,1,596,60,3.85,596,60,91,137
7996,7,7,1,733,64,3.54,733,64,98,151
7997,7,7,1,531,64,3.81,531,64,92,130
7998,7,7,1,775,65,4.35,775,65,86,139
7999,7,7,1,688,64,3.94,688,64,71,118
8000,7,7,1,710,66,4.46,710,66,87,141
8001,7,7,1,858,75,4.07,858,75,110,173
8002,7,7,1,661,57,3.03,661,57,61,118
8003,7,7,1,717,47,4.47,717,47,66,106
8004,7,7,1,788,50,3.74,788,50,90,152
8005,7,7,1,960,57,4.23,960,57,100,146
8006,7,7,1,969,48,4.26,969,48,78,128
8007,7,7,1,934,39,4.11,934,39,66,118
8008,7,7,1,888,61,3.96,888,61,82,131
8009,7,7,1,930,54,4.06,930,54,86,127
8010,7,7,1,697,52,3.75,697,52,65,98
8011,7,7,1,805,47,3.68,805,47,97,154
8012,7,7,1,702,47,5.2,702,47,103,165
8013,7,7,1,831,58,3.86,831,58,88,137
8014,7,7,1,893,57,3.25,893,57,102,145
8015,7,7,1,947,48,5.32,947,48,81,130
8016,7,7,1,854,70,4.79,854,70,102,162
8017,8,8,1,1216,16,4.42,1216,16,17,51
8018,8,8,1,1086,18,3.73,1086,18,32,135
8019,8,8,1,1036,27,3.77,1036,27,44,140
8020,8,8,1,1141,26,4.02,1141,26,35,141
8021,8,8,1,992,33,4.71,992,33,36,154
8022,8,8,1,1082,29,5.18,1082,29,39,147
8023,8,8,1,873,20,3.57,873,20,25,108
8024,8,8,1,1008,26,3.83,1008,26,31,114
8025,8,8,1,1041,32,4.48,1041,32,38,121
8026,8,8,1,898,27,4.1,898,27,37,118
8027,8,8,1,899,30,3.73,899,30,31,118
8028,8,8,1,977,24,5.0,977,24,29,93
8029,8,8,1,1057,24,4.04,1057,24,36,127
8030,8,8,1,1091,19,4.13,1091,19,28,105
8031,8,1,0,722,28,4.65,722,28,33,112
8032,8,8,1,1132,26,4.3,1132,26,35,142
8033,8,3,0,1074,16,5.22,1074,16,28,75
8034,8,8,1,1237,30,3.91,1237,30,34,114
8035,8,8,1,942,27,3.99,942,27,46,149
8036,8,5,0,974,24,4.84,974,24,32,93
8037,8,8,1,964,28,3.93,964,28,48,172
8038,8,3,0,1377,33,5.45,1377,33,25,85
8039,8,8,1,879,28,4.13,879,28,32,129
8040,8,8,1,867,31,4.0,867,31,46,167
8041,8,8,1,1154,23,3.71,1154,23,34,124
8042,8,8,1,887,24,3.4,887,24,30,124
8043,8,8,1,1063,28,4.83,1063,28,26,93
8044,8,8,1,841,30,4.82,841,30,30,112
8045,8,8,1,861,19,3.8,861,19,43,112
8046,8,8,1,894,26,4.02,894,26,32,136
8047,8,8,1,835,37,4.03,835,37,49,104
8048,8,7,0,798,23,3.19,798,23,44,77
8049,8,8,1,810,16,3.74,810,16,46,129
8050,8,8,1,947,28,3.98,947,28,34,153
8051,8,8,1,1117,22,4.94,1117,22,36,154
8052,8,8,1,958,30,3.63,958,30,30,124
8053,8,8,1,1018,29,4.29,1018,29,32,140
8054,8,8,1,1135,31,4.43,1135,31,37,155
8055,8,8,1,1070,24,3.64,1070,24,46,146
8056,8,8,1,1086,23,3.86,1086,23,26,80
8057,8,8,1,691,30,3.35,691,30,44,152
8058,8,8,1,1418,24,4.96,1418,24,19,87
8059,8,8,1,690,23,3.13,690,23,49,151
8060,8,2,0,437,28,3.75,437,28,33,82
8061,8,2,0,754,31,3.75,754,31,20,55
8062,8,8,1,1139,21,5.37,1139,21,35,117
8063,8,8,1,844,25,3.91,844,25,39,166
8064,8,8,1,930,23,3.86,930,23,40,160
8065,8,8,1,815,34,3.67,815,34,25,87
8066,8,3,0,701,34,4.03,701,34,34,82
8067,8,3,0,864,34,4.3,864,34,44,107
8068,8,8,1,1165,21,3.88,1165,21,37,106
8069,8,8,1,734,26,2.98,734,26,35,100
8070,8,8,1,934,22,3.52,934,22,41,121
8071,8,8,1,954,24,4.01,954,24,43,112
8072,8,8,1,796,26,3.26,796,26,30,123
8073,8,8,1,1074,33,4.0,1074,33,32,121
8074,8,8,1,1031,24,4.93,1031,24,30,130
8075,8,8,1,1302,29,4.57,1302,29,33,111
8076,8,8,1,1036,33,3.7,1036,33,28,72
8077,8,8,1,983,28,3.79,983,28,33,125
8078,8,4,0,958,40,4.64,958,40,25,59
8079,8,8,1,797,25,4.97,797,25,60,179
8080,8,8,1,970,32,5.15,970,32,40,163
8081,8,8,1,1048,30,5.53,1048,30,26,106
8082,8,8,1,888,22,5.63,888,22,31,125
8083,8,8,1,861,24,4.61,861,24,25,94
8084,8,3,0,740,25,3.56,740,25,27,94
8085,8,8,1,1293,20,4.5,1293,20,18,78
8086,8,8,1,1088,28,4.04,1088,28,39,145
8087,8,3,0,1037,25,4.07,1037,25,41,114
8088,8,8,1,939,28,3.63,939,28,32,129
8089,8,8,1,1017,19,4.19,1017,19,25,108
8090,8,3,0,1131,36,3.96,1131,36,34,86
8091,8,3,0,806,25,3.08,806,25,44,89
8092,8,8,1,1332,30,4.41,1332,30,45,156
8093,8,8,1,941,19,4.27,941,19,28,109
8094,8,8,1,1508,27,5.47,1508,27,32,114
8095,8,2,0,1305,19,4.87,1305,19,27,65
8096,8,8,1,1191,25,4.04,1191,25,33,115
8097,8,8,1,1110,24,3.71,1110,24,41,138
8098,8,8,1,1228,25,4.35,1228,25,32,142
8099,8,8,1,859,38,4.09,859,38,43,167
8100,8,8,1,708,24,4.38,708,24,45,143
8101,8,8,1,949,12,4.22,949,12,16,55
8102,8,9,0,826,29,3.5,826,29,35,102
8103,8,8,1,1026,31,4.4,1026,31,45,165
8104,8,8,1,822,32,4.53,822,32,40,149
8105,8,8,1,1185,17,5.09,1185,17,33,114
8106,8,8,1,745,19,4.58,745,19,37,155
8107,8,8,1,1258,26,5.02,1258,26,36,143
8108,8,8,1,901,24,4.13,901,24,44,124
8109,8,8,1,826,29,4.97,826,29,41,157
8110,8,3,0,867,33,4.72,867,33,25,68
8111,8,8,1,1207,26,4.5,1207,26,34,123
8112,8,8,1,678,21,3.19,678,21,29,103
8113,8,8,1,1243,24,5.11,1243,24,26,125
8114,8,8,1,898,36,4.44,898,36,30,92
8115,8,8,1,1104,20,4.45,1104,20,20,79
8116,8,8,1,1065,28,4.86,1065,28,39,117
8117,8,8,1,746,23,3.91,746,23,40,169
8118,8,7,0,648,24,3.17,648,24,29,68
8119,8,8,1,857,28,4.91,857,28,38,142
8120,8,8,1,966,28,4.74,966,28,54,144
8121,8,8,1,1266,21,5.33,1266,21,36,154
8122,8,8,1,1085,27,4.07,1085,27,36,131
8123,8,8,1,897,30,4.69,897,30,28,101
8124,8,8,1,735,32,3.53,735,32,51,147
8125,8,8,1,1176,28,5.02,1176,28,27,112
8126,8,8,1,983,24,3.99,983,24,34,119
8127,8,8,1,926,34,3.37,926,34,36,150
8128,8,8,1,887,38,4.22,887,38,53,149
8129,8,8,1,1195,27,4.39,1195,27,28,95
8130,8,8,1,937,36,3.66,937,36,43,114
8131,8,8,1,968,34,3.75,968,34,29,117
8132,8,8,1,889,18,3.38,889,18,31,82
8133,8,8,1,988,26,6.43,988,26,25,84
8134,8,8,1,1094,24,3.76,1094,24,42,144
8135,8,8,1,786,18,3.66,786,18,34,118
8136,8,8,1,1122,17,3.64,1122,17,22,100
8137,8,8,1,1111,19,3.63,1111,19,30,129
8138,8,3,0,1213,33,4.01,1213,33,39,105
8139,8,8,1,588,24,3.68,588,24,30,115
8140,8,8,1,786,24,3.43,786,24,18,70
8141,8,8,1,1319,17,4.09,1319,17,25,62
8142,8,8,1,813,32,3.24,813,32,32,122
8143,8,8,1,713,17,3.53,713,17,19,60
8144,8,8,1,1159,29,4.22,1159,29,40,142
8145,8,8,1,1108,27,4.96,1108,27,38,154
8146,8,8,1,1017,33,4.47,1017,33,21,84
8147,8,8,1,1007,27,4.43,1007,27,39,155
8148,8,1,0,1015,23,5.19,1015,23,29,105
8149,8,8,1,1175,26,4.64,1175,26,32,102
8150,8,1,0,689,29,3.7,689,29,40,119
8151,8,8,1,1000,10,4.68,1000,10,11,49
8152,8,8,1,1036,29,4.15,1036,29,41,160
8153,8,8,1,972,30,3.96,972,30,38,126
8154,8,8,1,1142,28,4.27,1142,28,37,113
8155,8,8,1,762,19,3.21,762,19,33,136
8156,8,8,1,1238,27,3.98,1238,27,25,92
8157,8,8,1,833,16,4.32,833,16,26,95
8158,8,8,1,957,20,3.46,957,20,28,79
8159,8,8,1,1086,30,4.77,1086,30,44,145
8160,8,7,0,973,45,4.78,973,45,82,141
8161,8,8,1,840,27,4.42,840,27,42,145
8162,8,8,1,1219,27,4.43,1219,27,43,119
8163,8,8,1,943,25,3.54,943,25,35,126
8164,8,3,0,968,36,3.82,968,36,26,89
8165,8,8,1,1239,22,5.49,1239,22,29,124
8166,8,8,1,955,21,4.1,955,21,32,137
8167,8,8,1,797,26,3.92,797,26,42,148
8168,8,8,1,784,23,4.31,784,23,22,100
8169,8,8,1,643,21,3.79,643,21,29,118
8170,8,8,1,762,18,3.16,762,18,21,98
8171,8,8,1,1082,20,3.84,1082,20,40,151
8172,8,8,1,784,27,3.93,784,27,34,144
8173,8,8,1,1174,28,4.62,1174,28,44,147
8174,8,8,1,788,23,3.2,788,23,28,109
8175,8,8,1,800,25,3.42,800,25,26,112
8176,8,8,1,1122,31,4.49,1122,31,39,140
8177,8,8,1,742,25,3.02,742,25,27,92
8178,8,8,1,692,28,3.4,692,28,33,138
8179,8,3,0,683,29,3.92,683,29,40,111
8180,8,8,1,888,29,4.23,888,29,26,112
8181,8,8,1,1137,30,4.07,1137,30,31,99
8182,8,8,1,843,28,3.91,843,28,36,148
8183,8,8,1,1015,27,4.2,1015,27,27,99
8184,8,8,1,832,29,3.77,832,29,32,131
8185,8,8,1,1312,19,4.0,1312,19,14,67
8186,8,8,1,854,21,3.48,854,21,30,91
8187,8,8,1,1012,19,5.13,1012,19,33,137
8188,8,8,1,1244,21,4.21,1244,21,21,87
8189,8,5,0,1302,31,4.6,1302,31,33,81
8190,8,8,1,651,16,3.1,651,16,33,115
8191,8,8,1,1098,27,3.98,1098,27,39,137
8192,8,7,0,818,32,5.0,818,32,46,86
8193,8,8,1,570,19,3.2,570,19,22,92
8194,8,8,1,1307,26,4.28,1307,26,26,103
8195,8,8,1,610,21,3.95,610,21,32,136
8196,8,3,0,921,37,3.38,921,37,48,127
8197,8,8,1,1321,22,4.12,1321,22,23,103
8198,8,8,1,1153,28,4.83,1153,28,29,107
8199,8,3,0,814,27,4.38,814,27,37,119
8200,8,8,1,849,30,3.64,849,30,34,137
8201,8,8,1,977,26,4.65,977,26,42,179
8202,8,8,1,568,20,3.26,568,20,21,79
8203,8,8,1,782,26,4.8,782,26,30,128
8204,8,6,0,1018,26,3.87,1018,26,39,97
8205,8,8,1,859,32,4.15,859,32,42,150
8206,8,8,1,783,26,3.68,783,26,24,102
8207,8,8,1,687,12,4.07,687,12,23,96
8208,8,3,0,1234,30,4.37,1234,30,44,144
8209,8,7,0,797,30,3.92,797,30,42,94
8210,8,8,1,697,27,3.35,697,27,34,128
8211,8,8,1,857,25,3.72,857,25,35,128
8212,8,8,1,844,13,3.7,844,13,16,57
8213,8,8,1,1042,22,4.33,1042,22,37,144
8214,8,8,1,929,19,3.82,929,19,40,160
8215,8,3,0,848,24,3.87,848,24,29,100
8216,8,8,1,1112,28,4.84,1112,28,44,130
8217,8,8,1,815,23,4.46,815,23,33,130
8218,8,8,1,1396,32,4.92,1396,32,18,64
8219,8,8,1,1161,26,4.03,1161,26,40,166
8220,8,8,1,824,27,3.82,824,27,28,124
8221,8,8,1,695,25,12.75,695,25,30,79
8222,8,8,1,1067,16,4.85,1067,16,22,99
8223,8,8,1,909,22,4.08,909,22,35,149
8224,8,7,0,968,32,3.58,968,32,34,81
8225,8,8,1,984,25,3.86,984,25,41,153
8226,8,8,1,952,27,4.36,952,27,42,154
8227,8,2,0,1070,29,4.64,1070,29,39,123
8228,8,8,1,995,27,4.24,995,27,33,136
8229,8,3,0,1044,29,3.88,1044,29,42,126
8230,8,8,1,1021,22,4.53,1021,22,25,93
8231,8,8,1,837,20,3.48,837,20,25,100
8232,8,8,1,814,35,3.21,814,35,36,113
8233,8,8,1,1000,27,4.03,1000,27,36,154
8234,8,8,1,1106,28,4.62,1106,28,41,174
8235,8,8,1,932,26,4.58,932,26,31,126
8236,8,8,1,785,22,4.12,785,22,27,109
8237,8,8,1,1100,21,4.17,1100,21,29,116
8238,8,8,1,730,30,3.48,730,30,32,111
8239,8,8,1,997,28,3.88,997,28,31,119
8240,8,0,0,1346,19,4.94,1346,19,19,34
8241,8,8,1,763,24,3.58,763,24,31,127
8242,8,8,1,751,25,4.1,751,25,36,145
8243,8,8,1,1014,21,3.74,1014,21,32,112
8244,8,8,1,850,18,4.32,850,18,36,129
8245,8,8,1,1105,26,4.08,1105,26,40,158
8246,8,8,1,839,29,3.99,839,29,42,169
8247,8,8,1,845,21,3.43,845,21,43,113
8248,8,8,1,1097,30,6.5,1097,30,25,91
8249,8,8,1,1078,20,5.13,1078,20,21,83
8250,8,3,0,1318,34,5.29,1318,34,47,119
8251,8,3,0,1234,17,4.73,1234,17,7,39
8252,8,8,1,817,21,3.23,817,21,41,138
8253,8,8,1,1058,25,3.48,1058,25,41,127
8254,8,8,1,934,27,4.42,934,27,30,92
8255,8,8,1,641,27,4.31,641,27,23,103
8256,8,8,1,987,34,4.49,987,34,41,162
8257,8,8,1,812,23,4.22,812,23,37,150
8258,8,8,1,1363,25,4.28,1363,25,28,121
8259,8,8,1,979,24,4.31,979,24,29,120
8260,8,8,1,732,20,3.6,732,20,32,125
8261,8,8,1,1221,28,5.72,1221,28,49,150
8262,8,8,1,930,22,4.17,930,22,35,145
8263,8,8,1,851,32,3.37,851,32,26,97
8264,8,8,1,832,27,3.81,832,27,39,139
8265,8,8,1,971,28,3.56,971,28,44,159
8266,8,8,1,1023,22,3.76,1023,22,32,133
8267,8,8,1,867,24,3.57,867,24,56,133
8268,8,8,1,1048,32,4.43,1048,32,38,150
8269,8,8,1,665,20,3.99,665,20,36,155
8270,8,8,1,1046,30,4.27,1046,30,34,126
8271,8,7,0,549,24,3.93,549,24,36,89
8272,8,8,1,1048,30,3.77,1048,30,30,80
8273,8,8,1,890,30,4.7,890,30,48,163
8274,8,8,1,593,21,3.12,593,21,35,118
8275,8,8,1,1023,22,4.07,1023,22,37,155
8276,8,8,1,793,24,3.43,793,24,37,153
8277,8,8,1,846,25,3.4,846,25,30,117
8278,8,8,1,760,22,4.22,760,22,32,106
8279,8,8,1,978,23,3.89,978,23,40,160
8280,8,3,0,1252,30,5.38,1252,30,37,95
8281,8,8,1,1288,37,5.2,1288,37,38,135
8282,8,8,1,701,21,3.9,701,21,39,130
8283,8,8,1,480,14,3.1,480,14,17,65
8284,8,8,1,1094,20,4.81,1094,20,28,115
8285,8,8,1,901,25,4.13,901,25,30,123
8286,8,3,0,1142,32,4.97,1142,32,25,95
8287,8,8,1,998,33,3.64,998,33,44,145
8288,8,8,1,849,27,3.8,849,27,31,131
8289,8,8,1,830,24,3.42,830,24,40,153
8290,8,8,1,875,29,4.14,875,29,34,138
8291,8,8,1,704,23,3.6,704,23,40,168
8292,8,8,1,1082,26,5.51,1082,26,32,117
8293,8,8,1,1125,25,4.33,1125,25,35,145
8294,8,0,0,1265,36,4.43,1265,36,60,157
8295,8,8,1,879,29,3.49,879,29,37,155
8296,8,3,0,713,27,4.11,713,27,36,115
8297,8,8,1,823,22,3.55,823,22,34,103
8298,8,8,1,1000,25,3.96,1000,25,28,112
8299,8,8,1,766,24,3.18,766,24,40,152
8300,8,8,1,790,28,4.81,790,28,30,87
8301,8,8,1,1035,24,3.93,1035,24,27,109
8302,8,8,1,1147,20,4.31,1147,20,27,103
8303,8,8,1,671,22,4.33,671,22,32,140
8304,8,8,1,955,19,3.47,955,19,31,132
8305,8,8,1,1084,28,3.86,1084,28,36,129
8306,8,8,1,915,27,3.64,915,27,42,131
8307,8,8,1,742,29,4.08,742,29,25,79
8308,8,8,1,933,26,3.5,933,26,29,123
8309,8,8,1,583,18,3.46,583,18,34,142
8310,8,8,1,1062,24,3.93,1062,24,30,115
8311,8,8,1,921,32,4.2,921,32,35,137
8312,8,8,1,955,25,3.7,955,25,47,130
8313,8,8,1,985,23,3.47,985,23,22,81
8314,8,8,1,1250,26,5.1,1250,26,39,124
8315,8,8,1,889,21,3.74,889,21,29,128
8316,8,8,1,1015,21,3.94,1015,21,21,71
8317,8,8,1,951,25,3.84,951,25,34,145
8318,8,8,1,740,18,3.15,740,18,15,60
8319,8,8,1,1029,30,3.52,1029,30,36,153
8320,8,8,1,1341,27,4.81,1341,27,43,149
8321,8,8,1,836,22,3.91,836,22,27,109
8322,8,8,1,914,20,3.62,914,20,23,101
8323,8,3,0,972,34,3.85,972,34,39,107
8324,8,8,1,771,22,3.72,771,22,21,106
8325,8,8,1,1021,27,4.29,1021,27,43,176
8326,8,8,1,788,27,5.01,788,27,40,148
8327,8,8,1,880,23,3.65,880,23,37,127
8328,8,8,1,1092,30,4.12,1092,30,41,140
8329,8,8,1,1142,25,4.42,1142,25,37,155
8330,8,7,0,1067,30,4.67,1067,30,56,103
8331,8,9,0,1037,34,4.06,1037,34,39,104
8332,8,8,1,886,28,3.89,886,28,37,117
8333,8,8,1,1018,25,3.88,1018,25,29,120
8334,8,8,1,1408,26,4.99,1408,26,29,117
8335,8,8,1,816,24,4.29,816,24,35,142
8336,8,8,1,1018,33,4.07,1018,33,35,120
8337,8,8,1,921,26,4.36,921,26,37,149
8338,8,8,1,1458,17,4.88,1458,17,26,109
8339,8,8,1,1664,35,5.08,1664,35,25,95
8340,8,8,1,1027,29,4.24,1027,29,37,135
8341,8,8,1,1191,27,4.27,1191,27,36,140
8342,8,8,1,1127,26,3.93,1127,26,29,116
8343,8,8,1,1066,24,4.7,1066,24,34,143
8344,8,8,1,814,23,4.95,814,23,34,139
8345,8,8,1,1234,30,4.54,1234,30,25,110
8346,8,8,1,978,24,5.29,978,24,41,133
8347,8,8,1,892,23,3.69,892,23,35,147
8348,8,8,1,1005,21,4.13,1005,21,22,90
8349,8,8,1,1198,29,4.3,1198,29,35,121
8350,8,8,1,737,27,3.67,737,27,31,125
8351,8,8,1,709,21,3.28,709,21,35,119
8352,8,8,1,1315,34,4.38,1315,34,49,145
8353,8,8,1,1137,24,4.13,1137,24,40,137
8354,8,8,1,747,24,3.1,747,24,27,99
8355,8,8,1,1074,22,3.83,1074,22,39,155
8356,8,5,0,657,29,3.6,657,29,53,123
8357,8,8,1,1019,25,4.7,1019,25,32,138
8358,8,8,1,829,21,4.17,829,21,32,135
8359,8,8,1,932,30,3.8,932,30,36,152
8360,8,3,0,1012,38,3.83,1012,38,53,146
8361,8,8,1,1056,26,3.64,1056,26,25,99
8362,8,3,0,1203,22,3.82,1203,22,22,50
8363,8,8,1,1149,24,5.92,1149,24,38,161
8364,8,8,1,1274,30,4.45,1274,30,17,75
8365,8,8,1,747,27,3.12,747,27,37,155
8366,8,8,1,1255,22,4.13,1255,22,27,125
8367,8,8,1,850,28,5.38,850,28,44,106
8368,8,8,1,902,30,4.09,902,30,39,123
8369,8,8,1,1108,26,3.92,1108,26,35,126
8370,8,8,1,745,19,3.02,745,19,39,128
8371,8,8,1,1103,27,3.6,1103,27,35,126
8372,8,3,0,1534,25,5.38,1534,25,19,67
8373,8,8,1,746,21,3.12,746,21,35,143
8374,8,8,1,1275,25,4.54,1275,25,34,125
8375,8,8,1,932,23,4.37,932,23,41,119
8376,8,8,1,854,19,4.18,854,19,24,100
8377,8,8,1,850,25,4.14,850,25,32,118
8378,8,8,1,1191,22,4.45,1191,22,31,124
8379,8,3,0,1017,29,3.91,1017,29,24,83
8380,8,8,1,1067,26,4.07,1067,26,43,154
8381,8,8,1,1395,27,4.86,1395,27,39,146
8382,8,8,1,971,24,3.61,971,24,35,145
8383,8,8,1,1345,31,4.88,1345,31,43,137
8384,8,8,1,853,25,4.51,853,25,26,114
8385,8,8,1,1111,30,4.52,1111,30,35,141
8386,8,8,1,1049,27,4.15,1049,27,46,164
8387,8,8,1,1073,22,4.28,1073,22,38,150
8388,8,8,1,1050,27,3.82,1050,27,31,121
8389,8,8,1,792,18,4.02,792,18,31,120
8390,8,8,1,1017,25,3.83,1017,25,42,176
8391,8,8,1,993,25,3.64,993,25,38,153
8392,8,8,1,1084,19,3.97,1084,19,25,103
8393,8,8,1,882,22,4.0,882,22,42,144
8394,8,8,1,1019,26,4.77,1019,26,35,141
8395,8,8,1,911,33,4.59,911,33,48,151
8396,8,7,0,727,14,3.73,727,14,24,50
8397,8,8,1,1023,27,3.94,1023,27,34,134
8398,8,8,1,1057,23,3.91,1057,23,26,116
8399,8,8,1,894,22,4.12,894,22,19,70
8400,8,8,1,917,25,3.51,917,25,37,156
8401,8,8,1,1049,25,5.39,1049,25,29,123
8402,8,8,1,1149,29,4.48,1149,29,33,136
8403,8,8,1,1236,27,4.65,1236,27,26,103
8404,8,8,1,967,25,3.51,967,25,37,150
8405,8,3,0,1090,38,4.95,1090,38,40,124
8406,8,3,0,1015,29,4.65,1015,29,33,93
8407,8,8,1,1215,25,4.35,1215,25,37,112
8408,8,1,0,835,35,3.88,835,35,37,124
8409,8,8,1,782,27,4.16,782,27,27,116
8410,8,8,1,1083,26,4.26,1083,26,28,102
8411,8,3,0,1049,24,3.54,1049,24,18,65
8412,8,8,1,1053,18,4.06,1053,18,25,86
8413,8,8,1,781,25,3.8,781,25,42,144
8414,8,8,1,1035,26,4.68,1035,26,19,84
8415,8,3,0,848,29,4.68,848,29,55,159
8416,8,8,1,813,15,3.43,813,15,29,109
8417,8,8,1,1007,35,3.49,1007,35,30,126
8418,8,8,1,955,27,3.55,955,27,39,127
8419,8,2,0,1123,19,4.75,1123,19,48,91
8420,8,8,1,913,25,4.51,913,25,48,126
8421,8,3,0,1168,26,4.44,1168,26,28,104
8422,8,3,0,1015,24,4.51,1015,24,17,77
8423,8,8,1,734,29,4.22,734,29,25,100
8424,8,8,1,896,30,4.66,896,30,33,116
8425,8,8,1,1208,30,4.4,1208,30,45,175
8426,8,8,1,1079,24,5.5,1079,24,29,90
8427,8,8,1,642,21,3.15,642,21,30,109
8428,8,8,1,1209,24,4.2,1209,24,26,90
8429,8,8,1,815,34,3.56,815,34,43,154
8430,8,8,1,1238,26,4.09,1238,26,25,104
8431,8,8,1,971,24,4.75,971,24,35,154
8432,8,8,1,1154,27,4.44,1154,27,32,116
8433,8,8,1,939,28,4.29,939,28,43,175
8434,8,8,1,907,34,4.05,907,34,42,132
8435,8,8,1,1088,30,4.74,1088,30,30,124
8436,8,8,1,946,27,4.83,946,27,42,147
8437,8,8,1,1239,26,5.38,1239,26,39,160
8438,8,8,1,866,24,4.55,866,24,42,142
8439,8,8,1,731,27,3.51,731,27,33,130
8440,8,8,1,966,31,4.05,966,31,35,117
8441,8,8,1,1179,29,4.88,1179,29,34,148
8442,8,8,1,1070,25,4.25,1070,25,21,85
8443,8,8,1,1038,32,3.95,1038,32,36,143
8444,8,8,1,863,27,4.55,863,27,43,131
8445,8,8,1,1073,32,4.28,1073,32,36,144
8446,8,8,1,1016,19,4.9,1016,19,44,139
8447,8,8,1,677,21,3.68,677,21,33,137
8448,8,8,1,1216,22,4.67,1216,22,42,131
8449,8,8,1,883,23,4.21,883,23,33,126
8450,8,8,1,1028,26,4.0,1028,26,53,158
8451,8,8,1,803,24,3.72,803,24,35,137
8452,8,7,0,963,37,3.7,963,37,48,117
8453,8,8,1,1172,34,4.21,1172,34,34,136
8454,8,8,1,921,20,3.93,921,20,25,78
8455,8,8,1,1322,28,4.38,1322,28,32,134
8456,8,8,1,813,28,4.89,813,28,34,115
8457,8,8,1,947,27,5.23,947,27,37,158
8458,8,8,1,745,26,4.2,745,26,35,155
8459,8,8,1,1251,24,5.9,1251,24,16,69
8460,8,4,0,1250,40,4.3,1250,40,41,97
8461,8,8,1,1174,21,5.1,1174,21,27,114
8462,8,8,1,1065,25,3.69,1065,25,37,133
8463,8,8,1,1307,23,4.07,1307,23,28,114
8464,8,8,1,762,22,3.91,762,22,35,146
8465,8,9,0,861,30,3.34,861,30,32,93
8466,8,2,0,856,25,4.21,856,25,32,91
8467,8,8,1,1330,31,5.93,1330,31,39,168
8468,8,3,0,1247,35,6.23,1247,35,39,107
8469,8,8,1,957,27,4.12,957,27,34,143
8470,8,3,0,1326,24,5.53,1326,24,34,89
8471,8,8,1,757,27,3.39,757,27,35,131
8472,8,9,0,794,24,3.44,794,24,45,101
8473,8,8,1,817,25,3.62,817,25,46,151
8474,8,8,1,1129,19,5.91,1129,19,23,89
8475,8,8,1,862,28,4.59,862,28,37,147
8476,8,8,1,1182,29,4.25,1182,29,46,124
8477,8,8,1,1074,39,5.1,1074,39,29,110
8478,8,8,1,791,19,3.21,791,19,27,113
8479,8,8,1,999,23,4.83,999,23,29,117
8480,8,8,1,679,23,3.82,679,23,33,134
8481,8,8,1,1152,27,4.98,1152,27,32,143
8482,8,8,1,980,29,3.83,980,29,50,151
8483,8,8,1,1009,24,4.53,1009,24,31,129
8484,8,3,0,995,33,4.15,995,33,49,132
8485,8,8,1,878,23,3.33,878,23,46,175
8486,8,8,1,1044,24,4.44,1044,24,28,114
8487,8,8,1,936,27,4.07,936,27,44,153
8488,8,8,1,856,26,4.68,856,26,27,102
8489,8,8,1,1216,29,5.77,1216,29,35,117
8490,8,8,1,890,27,5.19,890,27,29,87
8491,8,8,1,963,28,4.06,963,28,37,148
8492,8,8,1,797,26,3.78,797,26,40,136
8493,8,8,1,876,27,4.25,876,27,40,141
8494,8,8,1,1033,27,4.05,1033,27,29,96
8495,8,8,1,778,23,4.3,778,23,38,108
8496,8,6,0,754,30,3.28,754,30,35,68
8497,8,8,1,1294,19,5.54,1294,19,22,85
8498,8,8,1,1091,28,3.82,1091,28,43,148
8499,8,8,1,891,19,4.2,891,19,36,111
8500,8,8,1,735,25,3.97,735,25,20,80
8501,8,4,0,986,40,3.59,986,40,35,90
8502,8,8,1,1387,27,4.96,1387,27,40,135
8503,8,7,0,803,46,3.45,803,46,47,88
8504,8,8,1,1162,25,3.96,1162,25,24,104
8505,8,8,1,932,23,4.62,932,23,37,127
8506,8,8,1,1214,28,5.6,1214,28,46,174
8507,8,8,1,786,16,12.04,786,16,28,123
8508,8,8,1,1179,26,4.65,1179,26,45,159
8509,8,8,1,964,24,3.91,964,24,45,175
8510,8,8,1,990,29,3.53,990,29,41,156
8511,8,8,1,1064,27,4.6,1064,27,38,159
8512,8,8,1,921,23,3.55,921,23,34,144
8513,8,5,0,835,26,3.28,835,26,44,92
8514,8,8,1,822,27,3.67,822,27,37,157
8515,8,8,1,1015,25,3.88,1015,25,33,144
8516,8,8,1,1078,28,5.55,1078,28,29,96
8517,8,8,1,1145,28,4.2,1145,28,35,134
8518,8,5,0,1098,39,4.11,1098,39,40,102
8519,8,8,1,1241,29,4.87,1241,29,42,153
8520,8,8,1,1128,24,4.49,1128,24,40,138
8521,8,8,1,977,30,3.97,977,30,44,127
8522,8,8,1,1030,29,4.73,1030,29,30,91
8523,8,8,1,984,31,3.6,984,31,30,103
8524,8,8,1,946,20,4.67,946,20,41,153
8525,8,8,1,1096,23,4.25,1096,23,44,149
8526,8,8,1,971,23,4.34,971,23,31,131
8527,8,8,1,819,21,3.81,819,21,32,104
8528,8,8,1,1080,23,6.44,1080,23,40,127
8529,8,8,1,1047,20,5.8,1047,20,23,93
8530,8,8,1,873,24,3.77,873,24,42,149
8531,8,8,1,861,25,3.39,861,25,47,172
8532,8,7,0,968,43,3.74,968,43,68,115
8533,8,7,0,1018,35,4.5,1018,35,64,103
8534,8,7,0,1135,32,4.59,1135,32,36,98
8535,8,8,1,759,25,3.5,759,25,37,151
8536,8,8,1,831,25,4.1,831,25,38,153
8537,8,8,1,745,34,3.81,745,34,42,124
8538,8,8,1,878,24,3.89,878,24,32,116
8539,8,8,1,844,28,3.93,844,28,27,75
8540,8,8,1,924,28,3.46,924,28,38,143
8541,8,8,1,944,29,4.6,944,29,37,110
8542,8,7,0,817,25,4.44,817,25,28,61
8543,8,8,1,778,24,3.36,778,24,44,164
8544,8,8,1,862,20,3.72,862,20,40,147
8545,8,8,1,1016,21,3.66,1016,21,35,147
8546,8,8,1,870,24,3.87,870,24,48,164
8547,8,8,1,954,27,4.87,954,27,25,122
8548,8,8,1,971,32,3.51,971,32,38,156
8549,8,8,1,810,30,3.48,810,30,31,117
8550,8,8,1,1100,20,3.67,1100,20,37,158
8551,8,8,1,1201,27,4.98,1201,27,37,121
8552,8,8,1,1001,26,4.05,1001,26,34,143
8553,8,8,1,1049,35,4.04,1049,35,41,173
8554,8,8,1,1260,38,4.82,1260,38,33,94
8555,8,8,1,1119,36,3.88,1119,36,27,101
8556,8,3,0,1330,37,6.31,1330,37,28,86
8557,8,8,1,1206,31,4.05,1206,31,38,130
8558,8,8,1,1166,26,4.83,1166,26,24,79
8559,8,3,0,1158,27,5.22,1158,27,17,64
8560,8,8,1,1111,28,5.63,1111,28,29,108
8561,8,8,1,1367,35,4.84,1367,35,31,85
8562,8,8,1,995,21,4.88,995,21,27,103
8563,8,8,1,1036,25,4.09,1036,25,24,78
8564,8,8,1,1027,32,4.34,1027,32,41,168
8565,8,8,1,760,38,3.29,760,38,28,104
8566,8,8,1,737,29,3.51,737,29,30,100
8567,8,8,1,911,27,3.91,911,27,31,110
8568,8,8,1,983,38,4.3,983,38,48,148
8569,8,8,1,985,30,4.24,985,30,25,87
8570,8,8,1,885,27,3.65,885,27,28,123
8571,8,8,1,1070,25,4.06,1070,25,25,101
8572,8,8,1,817,26,3.41,817,26,44,160
8573,8,8,1,797,28,3.47,797,28,39,158
8574,8,8,1,587,19,3.63,587,19,27,122
8575,8,8,1,1056,23,4.13,1056,23,30,107
8576,8,8,1,913,38,3.98,913,38,42,120
8577,8,8,1,762,28,3.96,762,28,43,143
8578,8,8,1,816,23,3.34,816,23,33,132
8579,8,8,1,976,31,3.83,976,31,31,135
8580,8,2,0,986,22,4.92,986,22,32,69
8581,8,8,1,1074,21,3.54,1074,21,29,118
8582,8,8,1,1066,25,4.44,1066,25,31,91
8583,8,8,1,976,29,3.92,976,29,30,116
8584,8,8,1,1200,25,5.5,1200,25,27,111
8585,8,8,1,1153,37,4.39,1153,37,39,163
8586,8,8,1,1073,28,4.79,1073,28,37,111
8587,8,8,1,1145,29,3.71,1145,29,31,119
8588,8,8,1,1370,29,4.56,1370,29,35,145
8589,8,8,1,961,29,3.73,961,29,54,162
8590,8,8,1,1278,26,4.99,1278,26,28,104
8591,8,8,1,1111,32,4.24,1111,32,42,157
8592,8,8,1,950,29,3.89,950,29,38,160
8593,8,8,1,1058,23,4.16,1058,23,28,118
8594,8,8,1,1039,28,3.79,1039,28,38,165
8595,8,8,1,904,26,3.62,904,26,37,151
8596,8,8,1,994,27,5.44,994,27,33,135
8597,8,8,1,1090,26,3.86,1090,26,22,99
8598,8,8,1,883,18,3.72,883,18,23,100
8599,8,8,1,1112,26,4.72,1112,26,27,101
8600,8,8,1,1284,25,4.54,1284,25,25,106
8601,8,8,1,1096,22,4.85,1096,22,32,109
8602,8,8,1,980,26,4.05,980,26,21,88
8603,8,8,1,1077,27,4.09,1077,27,35,145
8604,8,8,1,952,31,4.25,952,31,32,124
8605,8,8,1,1054,27,3.79,1054,27,31,91
8606,8,8,1,1080,21,4.18,1080,21,27,114
8607,8,8,1,947,18,3.68,947,18,17,71
8608,8,8,1,931,23,4.92,931,23,22,96
8609,8,8,1,1187,26,4.24,1187,26,16,91
8610,8,8,1,1214,27,4.38,1214,27,33,114
8611,8,8,1,1510,29,5.7,1510,29,40,121
8612,8,8,1,1434,31,5.47,1434,31,42,152
8613,8,8,1,1262,24,4.29,1262,24,36,123
8614,8,8,1,1069,28,5.05,1069,28,36,154
8615,8,8,1,1386,27,4.97,1386,27,33,141
8616,8,8,1,1391,24,4.82,1391,24,23,88
8617,8,8,1,1390,27,7.3,1390,27,38,130
8618,8,8,1,1603,26,4.7,1603,26,36,107
8619,8,8,1,1318,25,4.54,1318,25,22,89
8620,8,8,1,993,30,4.33,993,30,32,115
8621,8,8,1,1239,28,4.49,1239,28,33,139
8622,8,8,1,1119,33,4.58,1119,33,42,154
8623,8,8,1,968,31,3.96,968,31,30,120
8624,8,8,1,959,29,4.23,959,29,33,138
8625,8,8,1,1162,31,4.19,1162,31,32,128
8626,8,8,1,1056,30,4.33,1056,30,32,135
8627,8,8,1,1108,32,5.76,1108,32,37,138
8628,8,8,1,1087,27,4.42,1087,27,34,143
8629,8,8,1,1084,31,4.12,1084,31,35,145
8630,8,8,1,1083,30,3.94,1083,30,42,179
8631,8,8,1,1171,24,4.08,1171,24,38,159
8632,8,8,1,1054,23,4.17,1054,23,30,109
8633,8,8,1,1058,25,4.06,1058,25,30,128
8634,8,8,1,1156,29,5.17,1156,29,35,134
8635,8,8,1,874,19,4.05,874,19,29,122
8636,8,8,1,933,27,4.3,933,27,36,137
8637,8,6,0,837,23,3.77,837,23,57,151
8638,8,8,1,1197,28,5.27,1197,28,27,104
8639,8,8,1,1235,28,4.46,1235,28,24,98
8640,8,8,1,1015,31,3.37,1015,31,43,148
8641,8,8,1,1008,29,4.03,1008,29,32,138
8642,8,8,1,1132,27,4.06,1132,27,27,105
8643,8,8,1,997,23,4.83,997,23,37,158
8644,8,8,1,998,30,4.08,998,30,45,154
8645,8,8,1,1070,25,4.43,1070,25,31,124
8646,8,8,1,1042,28,4.24,1042,28,40,154
8647,8,8,1,1043,30,3.91,1043,30,39,164
8648,8,8,1,1172,25,3.8,1172,25,38,154
8649,8,8,1,1088,30,5.13,1088,30,38,158
8650,8,8,1,1102,26,4.46,1102,26,33,99
8651,8,8,1,1013,29,4.01,1013,29,50,171
8652,8,8,1,1027,26,4.09,1027,26,40,125
8653,8,8,1,878,28,4.53,878,28,43,166
8654,8,8,1,994,22,6.45,994,22,49,114
8655,8,8,1,978,24,3.99,978,24,41,158
8656,8,8,1,1203,20,3.98,1203,20,23,85
8657,8,8,1,1026,28,4.7,1026,28,32,128
8658,8,8,1,840,21,4.94,840,21,24,95
8659,8,7,0,1023,26,4.04,1023,26,37,84
8660,8,8,1,549,25,3.03,549,25,34,108
8661,8,8,1,891,31,4.66,891,31,39,161
8662,8,8,1,944,27,3.6,944,27,28,118
8663,8,7,0,1037,22,3.7,1037,22,49,115
8664,8,8,1,870,21,5.89,870,21,35,141
8665,8,8,1,911,22,3.56,911,22,19,88
8666,8,8,1,574,34,3.31,574,34,29,86
8667,8,8,1,1175,32,4.09,1175,32,30,97
8668,8,8,1,789,29,3.09,789,29,23,90
8669,8,8,1,1250,38,6.14,1250,38,54,139
8670,8,8,1,1135,30,3.83,1135,30,45,156
8671,8,8,1,1172,19,4.41,1172,19,21,83
8672,8,8,1,1161,32,5.9,1161,32,39,144
8673,8,8,1,985,22,4.82,985,22,44,169
8674,8,8,1,856,21,3.9,856,21,30,94
8675,8,8,1,1133,27,4.25,1133,27,31,110
8676,8,8,1,904,19,3.68,904,19,25,98
8677,8,8,1,992,24,4.2,992,24,29,109
8678,8,7,0,1045,29,4.76,1045,29,25,56
8679,8,8,1,928,29,4.17,928,29,32,103
8680,8,8,1,1006,28,4.4,1006,28,34,101
8681,8,8,1,885,20,4.38,885,20,19,74
8682,8,8,1,1056,29,4.27,1056,29,30,119
8683,8,8,1,1208,20,5.47,1208,20,22,103
8684,8,8,1,1017,26,3.55,1017,26,33,137
8685,8,8,1,1085,29,3.81,1085,29,37,139
8686,8,8,1,1226,33,5.37,1226,33,24,92
8687,8,8,1,1143,30,4.06,1143,30,31,135
8688,8,8,1,968,22,3.63,968,22,43,142
8689,8,8,1,998,34,4.1,998,34,40,128
8690,8,8,1,920,23,3.68,920,23,34,138
8691,8,8,1,1060,24,3.92,1060,24,30,98
8692,8,8,1,874,21,3.88,874,21,27,109
8693,8,8,1,930,28,3.59,930,28,33,135
8694,8,8,1,1018,30,4.02,1018,30,26,113
8695,8,7,0,1107,34,3.82,1107,34,51,100
8696,8,8,1,1124,28,4.37,1124,28,41,163
8697,8,8,1,1001,30,3.47,1001,30,35,147
8698,8,8,1,1097,28,3.81,1097,28,32,126
8699,8,8,1,890,29,3.88,890,29,37,158
8700,8,8,1,1080,29,4.69,1080,29,33,135
8701,8,8,1,981,31,4.84,981,31,34,140
8702,8,8,1,1109,34,3.83,1109,34,29,127
8703,8,8,1,1166,29,4.21,1166,29,38,158
8704,8,8,1,928,31,3.44,928,31,55,147
8705,8,8,1,878,28,3.83,878,28,39,160
8706,8,8,1,911,22,4.24,911,22,47,171
8707,8,8,1,1030,28,3.69,1030,28,41,139
8708,8,8,1,1010,26,4.46,1010,26,35,148
8709,8,7,0,949,34,3.66,949,34,51,136
8710,8,8,1,897,25,4.11,897,25,30,129
8711,8,8,1,931,30,4.96,931,30,44,155
8712,8,8,1,1121,34,4.15,1121,34,43,160
8713,8,8,1,846,39,3.91,846,39,27,87
8714,8,8,1,1013,39,4.26,1013,39,33,115
8715,8,8,1,944,29,3.99,944,29,28,116
8716,8,8,1,983,30,4.92,983,30,18,61
8717,8,8,1,1117,31,4.41,1117,31,35,116
8718,8,8,1,966,29,5.12,966,29,36,151
8719,8,8,1,956,23,4.62,956,23,39,149
8720,8,8,1,981,16,4.76,981,16,28,119
8721,8,8,1,1010,23,4.93,1010,23,40,141
8722,8,7,0,1117,24,4.19,1117,24,67,130
8723,8,8,1,1142,28,3.85,1142,28,46,149
8724,8,8,1,1177,19,5.2,1177,19,39,98
8725,8,8,1,1365,21,4.85,1365,21,38,122
8726,8,7,0,1268,24,4.68,1268,24,47,134
8727,8,8,1,1293,18,3.92,1293,18,30,73
8728,8,8,1,890,20,4.33,890,20,27,65
8729,8,8,1,1012,27,4.4,1012,27,32,132
8730,8,8,1,1026,27,4.1,1026,27,23,93
8731,8,8,1,892,27,3.51,892,27,35,119
8732,8,8,1,1123,26,4.2,1123,26,25,100
8733,8,8,1,1093,34,3.66,1093,34,39,138
8734,8,8,1,927,18,3.7,927,18,22,86
8735,8,8,1,1106,26,4.37,1106,26,27,119
8736,8,3,0,1159,26,4.34,1159,26,28,62
8737,8,8,1,1272,26,4.94,1272,26,32,126
8738,8,8,1,1188,24,4.44,1188,24,32,128
8739,8,8,1,1040,24,3.89,1040,24,35,129
8740,8,8,1,1047,29,4.01,1047,29,26,112
8741,8,8,1,961,28,5.1,961,28,32,124
8742,8,8,1,1164,30,5.17,1164,30,45,174
8743,8,8,1,1035,18,3.58,1035,18,19,80
8744,8,8,1,940,29,4.24,940,29,29,122
8745,8,8,1,974,28,4.09,974,28,36,128
8746,8,8,1,925,24,3.61,925,24,35,147
8747,8,8,1,1003,32,4.0,1003,32,33,120
8748,8,8,1,865,24,3.91,865,24,38,160
8749,8,8,1,1188,27,3.91,1188,27,43,152
8750,8,8,1,1311,20,4.27,1311,20,26,95
8751,8,8,1,1425,14,5.1,1425,14,18,69
8752,8,8,1,1264,18,4.74,1264,18,22,82
8753,8,8,1,1376,21,5.31,1376,21,20,79
8754,8,8,1,960,26,3.73,960,26,33,129
8755,8,8,1,908,31,3.9,908,31,36,120
8756,8,8,1,1260,21,4.71,1260,21,38,117
8757,8,8,1,1218,21,4.06,1218,21,21,83
8758,8,8,1,1353,29,5.0,1353,29,26,107
8759,8,8,1,1435,23,4.86,1435,23,29,107
8760,8,8,1,1008,30,4.06,1008,30,48,156
8761,8,8,1,998,30,3.53,998,30,35,147
8762,8,8,1,947,31,4.73,947,31,38,155
8763,8,8,1,843,30,3.46,843,30,43,168
8764,8,8,1,1083,27,4.47,1083,27,36,147
8765,8,8,1,919,33,3.73,919,33,42,151
8766,8,8,1,1046,32,3.59,1046,32,40,163
8767,8,8,1,745,26,3.54,745,26,34,127
8768,8,8,1,878,23,5.37,878,23,30,119
8769,8,8,1,1010,24,3.52,1010,24,31,126
8770,8,8,1,1051,24,4.59,1051,24,39,137
8771,8,8,1,1094,24,4.27,1094,24,31,126
8772,8,8,1,843,21,3.48,843,21,33,132
8773,8,8,1,909,35,4.24,909,35,23,64
8774,8,8,1,1261,31,4.22,1261,31,34,139
8775,8,8,1,1226,28,4.3,1226,28,26,103
8776,8,8,1,1098,27,3.93,1098,27,32,136
8777,8,8,1,1296,27,4.76,1296,27,45,160
8778,8,8,1,1063,29,4.08,1063,29,35,137
8779,8,8,1,1251,26,4.07,1251,26,32,140
8780,8,8,1,1240,30,4.68,1240,30,38,139
8781,8,8,1,1045,28,4.13,1045,28,19,80
8782,8,8,1,1232,29,5.33,1232,29,33,109
8783,8,8,1,1355,28,4.65,1355,28,34,147
8784,8,8,1,1480,28,4.75,1480,28,35,139
8785,8,3,0,1284,26,4.8,1284,26,21,71
8786,8,0,0,907,49,4.4,907,49,46,92
8787,8,1,0,917,39,4.98,917,39,14,48
8788,8,0,0,1036,39,5.24,1036,39,28,85
8789,8,8,1,1306,40,4.65,1306,40,22,82
8790,8,8,1,1258,33,4.69,1258,33,27,119
8791,8,8,1,1229,32,6.29,1229,32,27,107
8792,8,8,1,1163,32,4.82,1163,32,33,123
8793,8,8,1,1098,31,4.16,1098,31,23,87
8794,8,6,0,726,32,3.83,726,32,47,73
8795,8,0,0,1066,39,5.43,1066,39,34,83
8796,8,8,1,1133,35,4.34,1133,35,30,113
8797,8,8,1,1129,25,5.58,1129,25,33,132
8798,8,8,1,809,25,3.45,809,25,37,115
8799,8,8,1,924,34,3.6,924,34,33,119
8800,8,8,1,1044,25,4.27,1044,25,30,117
8801,8,7,0,1012,38,4.27,1012,38,51,111
8802,8,8,1,1137,26,4.01,1137,26,32,102
8803,8,8,1,1183,26,5.62,1183,26,38,116
8804,8,8,1,1191,29,4.73,1191,29,30,102
8805,8,1,0,1056,37,4.11,1056,37,46,137
8806,8,8,1,1423,13,4.47,1423,13,31,112
8807,8,8,1,1140,28,5.09,1140,28,31,130
8808,8,8,1,1241,22,4.45,1241,22,44,152
8809,8,8,1,1036,27,4.35,1036,27,27,112
8810,8,8,1,720,28,3.9,720,28,30,121
8811,8,1,0,879,27,5.12,879,27,28,107
8812,8,8,1,1320,21,5.21,1320,21,17,72
8813,8,1,0,835,43,3.24,835,43,24,81
8814,8,8,1,1301,26,4.1,1301,26,38,126
8815,8,8,1,1146,30,4.37,1146,30,42,131
8816,8,8,1,1355,29,5.04,1355,29,43,153
8817,8,8,1,1069,30,4.57,1069,30,41,156
8818,8,8,1,1317,26,4.6,1317,26,43,119
8819,8,8,1,1037,17,4.29,1037,17,21,89
8820,8,8,1,1061,26,4.16,1061,26,40,142
8821,8,8,1,1244,35,4.21,1244,35,37,116
8822,8,8,1,1280,29,3.97,1280,29,32,134
8823,8,8,1,1246,25,4.62,1246,25,35,130
8824,8,8,1,1074,27,5.09,1074,27,30,103
8825,8,8,1,1019,26,4.19,1019,26,30,120
8826,8,8,1,989,28,4.21,989,28,52,164
8827,8,8,1,1250,25,4.64,1250,25,35,138
8828,8,8,1,987,28,3.51,987,28,49,131
8829,8,8,1,1368,32,4.36,1368,32,30,113
8830,8,8,1,857,14,4.88,857,14,20,60
8831,8,8,1,1105,28,4.55,1105,28,34,120
8832,8,8,1,1029,27,3.66,1029,27,37,146
8833,8,8,1,1343,29,5.33,1343,29,37,138
8834,8,8,1,1174,27,3.82,1174,27,30,114
8835,8,8,1,1498,22,5.19,1498,22,36,105
8836,8,4,0,847,45,3.84,847,45,46,94
8837,8,8,1,1142,25,3.91,1142,25,32,135
8838,8,8,1,1203,31,4.84,1203,31,42,164
8839,8,8,1,1086,26,5.05,1086,26,25,95
8840,8,8,1,588,43,3.23,588,43,44,112
8841,8,8,1,932,31,4.07,932,31,69,134
8842,8,8,1,1079,38,4.75,1079,38,49,125
8843,8,8,1,1017,24,3.81,1017,24,33,126
8844,8,8,1,1120,21,3.87,1120,21,37,135
8845,8,8,1,1330,26,5.21,1330,26,20,67
8846,8,8,1,1310,28,4.69,1310,28,30,120
8847,8,8,1,1469,35,4.73,1469,35,41,131
8848,8,3,0,1230,22,5.37,1230,22,17,68
8849,8,8,1,1139,30,3.97,1139,30,31,138
8850,8,8,1,1139,27,4.07,1139,27,34,91
8851,8,8,1,1127,25,4.54,1127,25,27,98
8852,8,8,1,1363,21,5.34,1363,21,27,81
8853,8,8,1,1364,27,7.89,1364,27,33,123
8854,8,8,1,1082,26,3.93,1082,26,35,136
8855,8,8,1,1014,33,4.31,1014,33,44,129
8856,8,8,1,1007,29,4.28,1007,29,30,127
8857,8,8,1,1058,30,4.34,1058,30,49,176
8858,8,8,1,1018,23,4.7,1018,23,33,144
8859,8,8,1,908,25,4.11,908,25,40,147
8860,8,8,1,921,19,3.45,921,19,33,128
8861,8,8,1,969,27,4.1,969,27,34,139
8862,8,8,1,959,27,3.67,959,27,41,170
8863,8,8,1,1018,23,4.44,1018,23,30,127
8864,8,8,1,936,30,3.59,936,30,38,164
8865,8,8,1,1050,23,3.93,1050,23,42,119
8866,8,8,1,1067,33,4.33,1067,33,37,122
8867,8,8,1,1188,25,4.23,1188,25,32,135
8868,8,8,1,1262,29,5.31,1262,29,38,153
8869,8,8,1,1067,28,4.41,1067,28,38,159
8870,8,8,1,1077,27,3.97,1077,27,43,166
8871,8,8,1,1029,29,3.79,1029,29,35,144
8872,8,8,1,1168,27,4.31,1168,27,30,128
8873,8,8,1,1098,30,4.06,1098,30,44,136
8874,8,8,1,871,23,3.79,871,23,29,126
8875,8,8,1,934,20,3.9,934,20,36,148
8876,8,8,1,1239,24,4.32,1239,24,30,126
8877,8,8,1,952,25,3.7,952,25,28,117
8878,8,8,1,836,27,3.53,836,27,31,120
8879,8,8,1,917,29,3.56,917,29,37,135
8880,8,8,1,1143,25,4.16,1143,25,25,102
8881,8,8,1,1190,22,4.61,1190,22,36,149
8882,8,8,1,984,25,4.84,984,25,29,117
8883,8,8,1,825,26,3.89,825,26,24,97
8884,8,8,1,1116,22,4.84,1116,22,31,115
8885,8,8,1,905,28,4.5,905,28,36,153
8886,8,8,1,907,28,3.7,907,28,41,145
8887,8,8,1,938,30,3.55,938,30,30,116
8888,8,8,1,1110,29,3.98,1110,29,38,137
8889,8,8,1,1221,28,4.61,1221,28,36,155
8890,8,8,1,1180,28,4.01,1180,28,38,126
8891,8,8,1,983,28,3.67,983,28,33,139
8892,8,8,1,1104,31,4.16,1104,31,26,112
8893,8,8,1,1124,35,4.73,1124,35,32,124
8894,8,8,1,1156,26,4.15,1156,26,36,108
8895,8,8,1,1202,23,6.27,1202,23,25,107
8896,8,8,1,1166,33,4.28,1166,33,39,142
8897,8,8,1,1210,28,5.51,1210,28,35,145
8898,8,8,1,1183,26,4.51,1183,26,38,155
8899,8,8,1,1336,23,4.77,1336,23,31,128
8900,8,8,1,1073,36,4.74,1073,36,38,125
8901,8,8,1,1223,27,4.53,1223,27,39,156
8902,8,8,1,1066,19,4.01,1066,19,38,145
8903,8,8,1,1127,25,4.08,1127,25,25,93
8904,8,8,1,1221,28,4.3,1221,28,30,130
8905,8,8,1,1112,29,4.43,1112,29,26,104
8906,8,8,1,1282,23,6.5,1282,23,27,105
8907,8,8,1,1037,21,5.39,1037,21,30,120
8908,8,8,1,1158,32,4.24,1158,32,24,87
8909,8,8,1,939,22,4.15,939,22,36,112
8910,8,8,1,1177,26,4.61,1177,26,42,133
8911,8,8,1,1195,23,4.41,1195,23,30,126
8912,8,8,1,967,21,4.74,967,21,23,88
8913,8,8,1,1101,33,3.88,1101,33,51,156
8914,8,8,1,1029,22,3.87,1029,22,32,131
8915,8,8,1,1136,26,4.54,1136,26,29,119
8916,8,8,1,1207,29,3.81,1207,29,35,147
8917,8,8,1,1310,20,4.74,1310,20,30,103
8918,8,8,1,1002,27,3.88,1002,27,23,75
8919,8,8,1,1362,23,4.26,1362,23,33,92
8920,8,8,1,1004,30,4.04,1004,30,42,150
8921,8,8,1,1147,28,4.29,1147,28,25,94
8922,8,8,1,1053,27,4.24,1053,27,48,173
8923,8,8,1,1018,27,3.86,1018,27,32,134
8924,8,8,1,1055,24,4.09,1055,24,34,143
8925,8,8,1,1019,25,4.01,1019,25,40,148
8926,8,8,1,976,24,4.82,976,24,37,151
8927,8,8,1,914,19,3.95,914,19,32,135
8928,8,8,1,901,25,3.79,901,25,35,147
8929,8,8,1,1083,27,3.83,1083,27,43,153
8930,8,8,1,1254,30,4.4,1254,30,35,138
8931,8,8,1,944,31,4.01,944,31,45,130
8932,8,5,0,968,24,3.99,968,24,40,91
8933,8,8,1,1151,33,4.61,1151,33,40,136
8934,8,8,1,978,25,4.19,978,25,27,116
8935,8,8,1,971,24,3.98,971,24,30,127
8936,8,8,1,978,23,3.8,978,23,31,134
8937,8,8,1,954,40,4.17,954,40,57,132
8938,8,8,1,1043,29,4.61,1043,29,48,152
8939,8,5,0,959,39,5.45,959,39,55,131
8940,8,8,1,998,34,5.24,998,34,33,133
8941,8,8,1,1016,25,3.69,1016,25,36,145
8942,8,8,1,887,26,4.86,887,26,31,113
8943,8,7,0,1105,36,4.31,1105,36,56,138
8944,8,8,1,1108,29,3.87,1108,29,40,153
8945,8,8,1,1090,30,4.08,1090,30,39,143
8946,8,8,1,1111,26,5.14,1111,26,34,131
8947,8,8,1,1088,21,4.04,1088,21,27,109
8948,8,8,1,901,26,4.28,901,26,49,155
8949,8,8,1,1154,26,4.09,1154,26,26,109
8950,8,8,1,1145,24,6.49,1145,24,30,127
8951,8,8,1,1652,17,4.96,1652,17,27,100
8952,8,8,1,1352,19,5.02,1352,19,39,117
8953,8,8,1,1215,16,3.83,1215,16,28,117
8954,8,8,1,855,33,3.47,855,33,38,110
8955,8,8,1,1050,31,4.75,1050,31,35,131
8956,8,8,1,1245,27,3.93,1245,27,40,138
8957,8,8,1,1373,26,5.81,1373,26,42,134
8958,8,8,1,1106,26,5.22,1106,26,35,147
8959,8,8,1,780,38,4.45,780,38,48,126
8960,8,8,1,1042,25,3.76,1042,25,36,144
8961,8,8,1,1291,28,4.77,1291,28,28,114
8962,8,8,1,995,33,4.94,995,33,40,145
8963,8,8,1,1038,27,6.24,1038,27,36,148
8964,8,8,1,1201,27,4.75,1201,27,48,138
8965,8,8,1,812,26,3.17,812,26,37,102
8966,8,8,1,1136,19,4.06,1136,19,28,125
8967,8,8,1,1019,31,4.76,1019,31,32,110
8968,8,8,1,996,25,3.84,996,25,39,137
8969,8,8,1,932,18,3.66,932,18,16,70
8970,8,8,1,1107,30,5.12,1107,30,37,150
8971,8,8,1,889,28,5.11,889,28,36,132
8972,8,8,1,944,25,4.13,944,25,41,158
8973,8,8,1,765,22,3.86,765,22,38,153
8974,8,8,1,779,27,3.39,779,27,31,135
8975,8,8,1,759,23,3.74,759,23,35,131
8976,8,8,1,698,24,3.04,698,24,44,124
8977,8,8,1,700,25,3.25,700,25,39,103
8978,8,8,1,889,15,4.28,889,15,28,100
8979,8,8,1,762,29,3.9,762,29,33,112
8980,8,5,0,711,20,3.3,711,20,55,80
8981,8,8,1,852,22,4.07,852,22,36,152
8982,8,8,1,975,27,3.65,975,27,31,91
8983,8,8,1,1088,22,4.4,1088,22,37,142
8984,8,8,1,918,23,4.72,918,23,36,151
8985,8,8,1,997,22,3.83,997,22,24,70
8986,8,8,1,892,25,4.58,892,25,41,155
8987,8,8,1,970,32,3.73,970,32,40,162
8988,8,8,1,716,22,3.22,716,22,49,129
8989,8,8,1,1060,27,4.97,1060,27,29,121
8990,8,8,1,1089,38,4.12,1089,38,36,102
8991,9,9,1,629,42,3.28,629,42,52,107
8992,9,9,1,1075,35,3.95,1075,35,53,135
8993,9,9,1,849,40,5.31,849,40,55,128
8994,9,9,1,833,39,3.57,833,39,51,102
8995,9,9,1,862,31,4.36,862,31,27,80
8996,9,9,1,990,35,5.58,990,35,55,117
8997,9,9,1,507,32,3.18,507,32,40,64
8998,9,9,1,879,27,3.97,879,27,41,64
8999,9,8,0,709,24,4.19,709,24,42,124
9000,9,8,0,678,20,3.69,678,20,36,133
9001,9,9,1,957,48,4.82,957,48,58,134
9002,9,9,1,852,55,3.75,852,55,50,85
9003,9,9,1,822,45,4.16,822,45,65,122
9004,9,9,1,735,46,4.43,735,46,48,101
9005,9,9,1,757,47,3.32,757,47,56,119
9006,9,9,1,682,29,3.67,682,29,47,113
9007,9,9,1,606,37,4.12,606,37,37,92
9008,9,9,1,807,41,4.85,807,41,55,121
9009,9,3,0,1168,23,4.48,1168,23,23,76
9010,9,9,1,867,38,3.87,867,38,59,122
9011,9,8,0,673,26,3.64,673,26,23,61
9012,9,9,1,853,43,3.99,853,43,57,117
9013,9,9,1,628,71,3.31,628,71,47,88
9014,9,9,1,829,58,3.43,829,58,62,124
9015,9,9,1,773,36,3.55,773,36,57,126
9016,9,9,1,710,53,3.31,710,53,66,109
9017,9,3,0,1031,31,3.87,1031,31,30,77
9018,9,9,1,792,41,4.71,792,41,62,122
9019,9,9,1,557,26,4.01,557,26,48,100
9020,9,9,1,973,38,4.35,973,38,62,129
9021,9,9,1,1025,40,4.12,1025,40,44,101
9022,9,9,1,968,33,4.94,968,33,47,101
9023,9,9,1,723,54,3.35,723,54,52,110
9024,9,9,1,836,35,3.36,836,35,41,98
9025,9,9,1,1081,41,3.7,1081,41,56,132
9026,9,7,0,511,31,3.28,511,31,53,98
9027,9,9,1,707,51,3.3,707,51,59,124
9028,9,9,1,810,43,3.45,810,43,47,117
9029,9,9,1,874,28,3.65,874,28,34,119
9030,9,9,1,697,40,3.05,697,40,48,90
9031,9,9,1,741,28,9.37,741,28,45,113
9032,9,9,1,620,41,3.7,620,41,55,108
9033,9,9,1,684,50,3.71,684,50,60,117
9034,9,9,1,774,43,4.28,774,43,54,103
9035,9,9,1,663,42,3.79,663,42,54,131
9036,9,9,1,690,40,3.84,690,40,54,124
9037,9,8,0,918,23,4.72,918,23,37,119
9038,9,9,1,847,47,3.44,847,47,68,126
9039,9,9,1,554,41,2.86,554,41,50,102
9040,9,8,0,844,39,3.64,844,39,26,82
9041,9,9,1,718,50,3.81,718,50,54,110
9042,9,9,1,916,42,4.88,916,42,56,107
9043,9,7,0,656,43,3.78,656,43,63,119
9044,9,9,1,695,53,4.16,695,53,62,121
9045,9,9,1,1024,45,3.85,1024,45,59,121
9046,9,9,1,533,34,2.89,533,34,39,104
9047,9,9,1,682,34,3.4,682,34,50,115
9048,9,9,1,768,46,3.84,768,46,62,138
9049,9,9,1,669,31,3.05,669,31,45,99
9050,9,9,1,700,34,3.63,700,34,59,132
9051,9,9,1,736,45,3.47,736,45,63,111
9052,9,9,1,753,40,4.39,753,40,53,75
9053,9,9,1,735,42,3.34,735,42,62,118
9054,9,9,1,846,58,3.61,846,58,57,122
9055,9,9,1,715,38,3.2,715,38,34,88
9056,9,9,1,700,32,3.33,700,32,50,127
9057,9,9,1,650,47,3.75,650,47,59,104
9058,9,9,1,993,58,3.82,993,58,69,134
9059,9,9,1,759,40,3.58,759,40,53,139
9060,9,9,1,733,50,3.71,733,50,60,124
9061,9,9,1,1129,46,4.15,1129,46,66,130
9062,9,9,1,1225,36,4.8,1225,36,48,104
9063,9,9,1,868,48,3.56,868,48,57,117
9064,9,9,1,1021,45,4.54,1021,45,53,122
9065,9,9,1,705,50,3.67,705,50,49,110
9066,9,9,1,783,58,3.75,783,58,61,122
9067,9,9,1,799,37,3.47,799,37,59,134
9068,9,9,1,717,32,6.22,717,32,37,90
9069,9,9,1,666,53,3.94,666,53,73,117
9070,9,9,1,689,41,3.25,689,41,49,123
9071,9,8,0,1053,26,3.78,1053,26,42,129
9072,9,9,1,800,41,3.68,800,41,55,105
9073,9,9,1,704,40,4.91,704,40,58,109
9074,9,9,1,730,23,3.64,730,23,33,113
9075,9,8,0,566,19,3.05,566,19,24,83
9076,9,9,1,777,49,3.77,777,49,72,123
9077,9,9,1,912,38,4.1,912,38,54,115
9078,9,9,1,777,49,3.83,777,49,50,97
9079,9,9,1,789,45,4.22,789,45,55,103
9080,9,9,1,595,43,3.15,595,43,62,130
9081,9,9,1,659,47,3.73,659,47,50,102
9082,9,9,1,826,31,5.4,826,31,52,124
9083,9,9,1,777,39,3.8,777,39,38,96
9084,9,9,1,728,34,4.3,728,34,44,95
9085,9,9,1,717,27,3.48,717,27,39,102
9086,9,9,1,689,48,3.67,689,48,64,114
9087,9,9,1,696,30,3.29,696,30,46,117
9088,9,9,1,461,32,3.75,461,32,45,118
9089,9,9,1,902,48,4.52,902,48,60,118
9090,9,9,1,707,45,3.75,707,45,56,111
9091,9,9,1,899,35,3.43,899,35,39,95
9092,9,9,1,615,45,4.28,615,45,45,79
9093,9,9,1,825,39,5.02,825,39,50,109
9094,9,9,1,893,45,3.96,893,45,57,105
9095,9,9,1,710,48,3.93,710,48,67,128
9096,9,9,1,681,49,3.37,681,49,61,111
9097,9,9,1,1016,41,4.0,1016,41,57,120
9098,9,3,0,1232,32,4.21,1232,32,38,109
9099,9,9,1,920,50,3.61,920,50,59,108
9100,9,9,1,892,43,3.47,892,43,41,95
9101,9,9,1,689,40,3.9,689,40,48,101
9102,9,9,1,934,42,3.59,934,42,50,105
9103,9,8,0,507,25,3.77,507,25,31,76
9104,9,9,1,651,27,3.82,651,27,41,123
9105,9,3,0,979,25,4.22,979,25,45,95
9106,9,6,0,632,16,3.3,632,16,31,73
9107,9,5,0,1033,33,3.64,1033,33,32,77
9108,9,9,1,659,52,3.41,659,52,57,126
9109,9,9,1,858,32,3.43,858,32,43,84
9110,9,9,1,975,32,4.19,975,32,45,100
9111,9,9,1,786,57,4.78,786,57,64,126
9112,9,9,1,939,38,3.64,939,38,44,86
9113,9,9,1,730,38,5.38,730,38,51,115
9114,9,9,1,669,30,4.2,669,30,47,124
9115,9,9,1,720,45,3.12,720,45,53,107
9116,9,9,1,638,48,3.3,638,48,55,119
9117,9,9,1,599,38,4.34,599,38,50,90
9118,9,9,1,705,31,4.24,705,31,42,104
9119,9,9,1,653,40,3.33,653,40,41,89
9120,9,9,1,828,40,3.96,828,40,55,125
9121,9,7,0,603,33,3.9,603,33,50,117
9122,9,9,1,827,46,3.44,827,46,50,101
9123,9,9,1,898,47,3.69,898,47,64,136
9124,9,9,1,1027,33,4.35,1027,33,45,113
9125,9,9,1,765,42,3.18,765,42,52,116
9126,9,4,0,733,46,3.86,733,46,46,106
9127,9,9,1,758,31,3.57,758,31,46,116
9128,9,9,1,558,27,3.0,558,27,32,107
9129,9,9,1,680,46,3.75,680,46,64,124
9130,9,9,1,783,38,4.04,783,38,56,117
9131,9,9,1,690,31,3.74,690,31,45,110
9132,9,9,1,689,45,4.44,689,45,60,128
9133,9,9,1,665,37,3.09,665,37,48,99
9134,9,9,1,908,46,4.25,908,46,61,111
9135,9,9,1,926,44,4.13,926,44,50,90
9136,9,9,1,969,32,3.55,969,32,50,125
9137,9,9,1,724,43,3.45,724,43,48,100
9138,9,9,1,883,38,3.72,883,38,59,121
9139,9,9,1,966,52,5.06,966,52,66,133
9140,9,8,0,894,22,3.58,894,22,35,86
9141,9,9,1,648,36,3.05,648,36,57,128
9142,9,3,0,622,22,3.16,622,22,29,102
9143,9,9,1,866,26,3.51,866,26,42,105
9144,9,9,1,596,33,3.42,596,33,44,105
9145,9,9,1,667,35,3.33,667,35,53,103
9146,9,9,1,785,52,4.37,785,52,62,110
9147,9,9,1,1163,40,5.04,1163,40,45,101
9148,9,9,1,764,42,4.64,764,42,57,113
9149,9,9,1,808,34,3.86,808,34,32,80
9150,9,9,1,820,31,3.7,820,31,55,113
9151,9,9,1,696,34,3.34,696,34,50,111
9152,9,9,1,596,40,2.98,596,40,54,118
9153,9,9,1,817,33,3.4,817,33,49,101
9154,9,9,1,777,43,4.41,777,43,60,116
9155,9,9,1,655,42,3.06,655,42,50,120
9156,9,9,1,754,30,3.43,754,30,31,91
9157,9,9,1,871,35,3.68,871,35,60,135
9158,9,8,0,424,26,3.26,424,26,39,113
9159,9,9,1,888,42,3.38,888,42,50,112
9160,9,8,0,1000,24,3.5,1000,24,22,92
9161,9,9,1,788,42,3.75,788,42,56,111
9162,9,9,1,804,43,4.23,804,43,64,125
9163,9,9,1,923,28,3.46,923,28,47,111
9164,9,9,1,962,50,4.19,962,50,63,133
9165,9,9,1,683,30,4.33,683,30,48,107
9166,9,9,1,1090,50,3.9,1090,50,64,133
9167,9,9,1,1311,39,4.74,1311,39,48,109
9168,9,9,1,732,53,3.19,732,53,63,122
9169,9,9,1,854,56,4.87,854,56,70,119
9170,9,9,1,643,46,4.48,643,46,35,75
9171,9,9,1,557,38,3.02,557,38,44,95
9172,9,9,1,879,35,4.95,879,35,51,118
9173,9,9,1,692,46,4.97,692,46,46,110
9174,9,9,1,864,42,4.25,864,42,61,126
9175,9,9,1,660,43,3.69,660,43,69,142
9176,9,9,1,642,46,3.65,642,46,46,85
9177,9,4,0,492,45,3.43,492,45,33,62
9178,9,9,1,572,45,4.03,572,45,60,124
9179,9,9,1,811,38,4.75,811,38,54,134
9180,9,8,0,719,32,4.12,719,32,60,143
9181,9,9,1,700,43,3.4,700,43,59,110
9182,9,9,1,681,46,3.97,681,46,54,104
9183,9,9,1,767,36,4.14,767,36,59,120
9184,9,9,1,719,46,3.37,719,46,55,117
9185,9,8,0,1181,20,5.14,1181,20,36,97
9186,9,9,1,694,41,4.04,694,41,52,115
9187,9,9,1,757,41,3.56,757,41,60,132
9188,9,9,1,574,28,2.9,574,28,48,114
9189,9,9,1,873,29,4.06,873,29,37,98
9190,9,9,1,859,38,3.95,859,38,65,118
9191,9,9,1,808,45,4.22,808,45,59,122
9192,9,9,1,554,43,3.33,554,43,37,90
9193,9,2,0,1134,19,4.22,1134,19,17,44
9194,9,9,1,852,35,4.12,852,35,39,109
9195,9,9,1,883,38,3.6,883,38,52,123
9196,9,9,1,759,47,3.44,759,47,50,105
9197,9,1,0,710,27,3.74,710,27,44,114
9198,9,9,1,722,37,4.25,722,37,51,112
9199,9,9,1,822,40,4.28,822,40,48,97
9200,9,9,1,767,46,4.64,767,46,61,123
9201,9,9,1,628,44,2.98,628,44,51,112
9202,9,9,1,869,33,3.32,869,33,45,123
9203,9,9,1,803,35,3.3,803,35,58,124
9204,9,9,1,696,28,3.31,696,28,48,125
9205,9,9,1,779,50,3.61,779,50,58,114
9206,9,9,1,892,55,4.68,892,55,59,117
9207,9,9,1,928,50,4.77,928,50,50,99
9208,9,9,1,797,27,3.88,797,27,46,90
9209,9,9,1,1086,28,3.81,1086,28,35,74
9210,9,6,0,1214,25,4.16,1214,25,42,111
9211,9,9,1,719,32,3.87,719,32,49,103
9212,9,9,1,672,47,3.28,672,47,49,118
9213,9,9,1,513,21,3.66,513,21,34,75
9214,9,9,1,704,41,3.51,704,41,53,118
9215,9,9,1,829,42,3.75,829,42,50,115
9216,9,9,1,793,49,3.96,793,49,55,125
9217,9,9,1,623,38,3.44,623,38,56,119
9218,9,9,1,655,34,3.43,655,34,39,88
9219,9,7,0,966,30,6.02,966,30,47,77
9220,9,9,1,431,25,2.95,431,25,42,115
9221,9,1,0,595,13,3.04,595,13,28,104
9222,9,8,0,627,18,2.97,627,18,18,69
9223,9,9,1,1070,36,4.19,1070,36,48,101
9224,9,9,1,458,24,2.84,458,24,31,90
9225,9,9,1,678,36,3.29,678,36,57,118
9226,9,9,1,788,41,3.33,788,41,58,117
9227,9,9,1,899,32,5.05,899,32,37,109
9228,9,9,1,562,32,3.43,562,32,31,78
9229,9,9,1,661,28,2.9,661,28,38,91
9230,9,9,1,1052,28,3.83,1052,28,48,120
9231,9,9,1,815,56,4.62,815,56,60,137
9232,9,9,1,772,34,4.51,772,34,38,98
9233,9,9,1,716,49,3.39,716,49,52,104
9234,9,9,1,1017,31,4.88,1017,31,40,106
9235,9,9,1,1172,18,4.52,1172,18,24,73
9236,9,9,1,850,29,5.1,850,29,56,125
9237,9,9,1,905,37,4.83,905,37,47,112
9238,9,9,1,644,32,4.47,644,32,50,102
9239,9,9,1,755,53,3.5,755,53,36,83
9240,9,9,1,798,31,3.48,798,31,45,88
9241,9,8,0,783,34,4.06,783,34,20,52
9242,9,9,1,834,39,4.38,834,39,53,112
9243,9,9,1,1215,20,4.47,1215,20,25,65
9244,9,9,1,734,40,3.53,734,40,55,113
9245,9,9,1,936,40,4.87,936,40,47,106
9246,9,9,1,958,49,4.04,958,49,57,96
9247,9,0,0,1035,22,5.33,1035,22,25,68
9248,9,9,1,668,43,3.54,668,43,47,102
9249,9,9,1,610,49,3.55,610,49,44,96
9250,9,9,1,609,41,3.91,609,41,47,102
9251,9,9,1,553,37,3.5,553,37,56,124
9252,9,9,1,690,40,3.37,690,40,48,96
9253,9,9,1,655,30,3.66,655,30,37,88
9254,9,9,1,552,37,3.35,552,37,53,115
9255,9,9,1,695,24,3.23,695,24,24,76
9256,9,7,0,808,36,3.3,808,36,62,131
9257,9,9,1,626,41,3.53,626,41,55,117
9258,9,8,0,645,14,4.36,645,14,18,72
9259,9,9,1,788,36,3.75,788,36,49,120
9260,9,9,1,802,45,3.49,802,45,52,108
9261,9,9,1,697,46,3.77,697,46,55,124
9262,9,9,1,766,20,3.36,766,20,37,95
9263,9,9,1,1180,27,3.95,1180,27,54,112
9264,9,9,1,839,34,3.64,839,34,38,108
9265,9,9,1,885,32,5.19,885,32,48,110
9266,9,9,1,754,37,4.1,754,37,59,101
9267,9,9,1,606,32,3.46,606,32,45,98
9268,9,9,1,765,36,4.81,765,36,51,99
9269,9,9,1,804,31,4.46,804,31,54,118
9270,9,9,1,1155,38,5.53,1155,38,56,124
9271,9,9,1,1021,40,3.88,1021,40,52,115
9272,9,9,1,963,55,5.37,963,55,66,139
9273,9,9,1,569,41,7.84,569,41,50,110
9274,9,9,1,544,36,4.03,544,36,52,108
9275,9,9,1,684,46,3.46,684,46,53,112
9276,9,9,1,1147,44,4.63,1147,44,63,124
9277,9,9,1,716,43,4.09,716,43,46,86
9278,9,9,1,871,47,3.84,871,47,44,72
9279,9,9,1,940,50,3.46,940,50,50,112
9280,9,9,1,786,27,3.8,786,27,46,113
9281,9,9,1,659,34,3.21,659,34,45,104
9282,9,9,1,723,44,3.5,723,44,48,114
9283,9,9,1,827,36,4.47,827,36,41,97
9284,9,9,1,585,22,3.26,585,22,37,82
9285,9,9,1,792,48,3.68,792,48,55,120
9286,9,9,1,864,19,4.42,864,19,30,60
9287,9,8,0,475,28,3.14,475,28,51,112
9288,9,9,1,793,36,3.43,793,36,49,125
9289,9,9,1,785,38,4.96,785,38,59,140
9290,9,9,1,905,42,3.64,905,42,59,119
9291,9,9,1,718,41,3.05,718,41,48,106
9292,9,9,1,1040,38,4.75,1040,38,60,124
9293,9,3,0,368,15,4.9,368,15,26,62
9294,9,9,1,934,48,4.12,934,48,57,125
9295,9,9,1,910,47,4.23,910,47,53,115
9296,9,9,1,780,38,3.45,780,38,53,122
9297,9,9,1,643,36,3.34,643,36,41,106
9298,9,9,1,853,41,4.97,853,41,57,124
9299,9,9,1,839,50,4.48,839,50,61,138
9300,9,9,1,762,47,3.3,762,47,56,109
9301,9,9,1,952,45,5.16,952,45,53,120
9302,9,3,0,743,31,3.96,743,31,42,96
9303,9,9,1,799,48,4.57,799,48,55,111
9304,9,9,1,698,44,4.19,698,44,58,122
9305,9,9,1,905,44,4.2,905,44,58,106
9306,9,9,1,874,48,3.43,874,48,60,119
9307,9,9,1,511,40,3.05,511,40,58,101
9308,9,9,1,996,37,3.84,996,37,56,137
9309,9,9,1,692,46,3.51,692,46,57,116
9310,9,9,1,867,41,3.99,867,41,66,138
9311,9,2,0,1072,41,4.36,1072,41,51,114
9312,9,9,1,872,28,3.91,872,28,45,97
9313,9,9,1,916,38,3.71,916,38,59,130
9314,9,9,1,935,39,4.68,935,39,53,105
9315,9,9,1,984,48,4.31,984,48,68,128
9316,9,9,1,725,29,3.1,725,29,48,88
9317,9,9,1,874,45,3.89,874,45,64,148
9318,9,9,1,769,56,5.81,769,56,65,132
9319,9,9,1,994,34,5.56,994,34,52,104
9320,9,9,1,832,41,3.45,832,41,56,116
9321,9,9,1,988,36,3.8,988,36,41,96
9322,9,9,1,807,47,3.5,807,47,52,98
9323,9,9,1,718,44,3.34,718,44,54,95
9324,9,9,1,811,46,3.31,811,46,58,114
9325,9,8,0,492,20,2.97,492,20,35,98
9326,9,9,1,783,34,4.99,783,34,46,118
9327,9,9,1,1020,38,4.48,1020,38,52,114
9328,9,9,1,829,36,3.92,829,36,52,118
9329,9,9,1,723,47,4.0,723,47,50,98
9330,9,9,1,703,44,4.3,703,44,65,141
9331,9,9,1,734,38,4.61,734,38,57,120
9332,9,9,1,1088,39,4.9,1088,39,49,110
9333,9,9,1,591,41,3.8,591,41,57,123
9334,9,3,0,860,53,3.62,860,53,44,105
9335,9,9,1,859,36,4.17,859,36,56,109
9336,9,9,1,970,23,3.92,970,23,26,87
9337,9,9,1,824,39,4.78,824,39,54,117
9338,9,9,1,814,31,3.74,814,31,57,102
9339,9,9,1,616,46,3.67,616,46,55,113
9340,9,9,1,817,49,4.69,817,49,72,115
9341,9,9,1,919,34,3.98,919,34,50,125
9342,9,3,0,791,37,3.46,791,37,55,122
9343,9,9,1,1046,21,4.63,1046,21,33,66
9344,9,8,0,999,19,6.52,999,19,26,95
9345,9,9,1,769,48,3.17,769,48,63,109
9346,9,9,1,745,41,4.59,745,41,65,150
9347,9,9,1,1022,40,4.73,1022,40,50,94
9348,9,9,1,833,29,4.91,833,29,48,100
9349,9,9,1,776,42,4.16,776,42,48,89
9350,9,0,0,1080,32,3.97,1080,32,43,101
9351,9,4,0,855,53,4.17,855,53,64,101
9352,9,9,1,674,30,3.76,674,30,32,55
9353,9,9,1,935,44,3.83,935,44,47,108
9354,9,9,1,955,35,3.79,955,35,44,92
9355,9,9,1,915,34,3.54,915,34,38,85
9356,9,9,1,842,52,4.2,842,52,62,127
9357,9,9,1,692,38,4.14,692,38,55,124
9358,9,9,1,929,36,4.27,929,36,42,84
9359,9,9,1,780,45,3.45,780,45,50,97
9360,9,9,1,1025,34,5.5,1025,34,34,87
9361,9,9,1,1017,41,5.18,1017,41,54,119
9362,9,9,1,609,24,3.27,609,24,35,107
9363,9,9,1,893,38,3.71,893,38,40,86
9364,9,9,1,638,39,3.5,638,39,55,102
9365,9,9,1,1012,29,3.7,1012,29,41,88
9366,9,9,1,1032,38,4.67,1032,38,66,143
9367,9,9,1,808,42,4.28,808,42,61,122
9368,9,9,1,940,39,3.79,940,39,54,111
9369,9,9,1,753,48,3.34,753,48,59,132
9370,9,9,1,763,36,4.37,763,36,52,115
9371,9,3,0,959,41,4.06,959,41,31,103
9372,9,9,1,811,41,4.06,811,41,67,119
9373,9,9,1,707,50,4.39,707,50,65,119
9374,9,9,1,1099,50,4.15,1099,50,77,147
9375,9,9,1,485,41,3.0,485,41,55,117
9376,9,9,1,704,35,3.85,704,35,55,117
9377,9,9,1,943,44,3.81,943,44,57,124
9378,9,9,1,606,29,3.34,606,29,38,114
9379,9,4,0,648,43,3.13,648,43,43,106
9380,9,9,1,747,47,3.32,747,47,62,132
9381,9,9,1,864,57,3.39,864,57,56,118
9382,9,9,1,866,45,3.38,866,45,39,88
9383,9,9,1,711,39,3.02,711,39,51,116
9384,9,9,1,1085,28,3.72,1085,28,45,98
9385,9,9,1,709,36,3.42,709,36,40,86
9386,9,9,1,588,52,3.33,588,52,49,104
9387,9,9,1,939,45,3.92,939,45,46,99
9388,9,9,1,627,47,3.54,627,47,60,124
9389,9,2,0,1055,27,4.34,1055,27,30,60
9390,9,9,1,887,50,4.12,887,50,55,114
9391,9,9,1,879,36,4.11,879,36,53,118
9392,9,9,1,859,47,3.45,859,47,54,119
9393,9,9,1,796,40,3.47,796,40,51,116
9394,9,9,1,1025,45,4.36,1025,45,76,141
9395,9,9,1,1055,53,4.22,1055,53,60,121
9396,9,9,1,652,37,3.38,652,37,50,108
9397,9,9,1,852,23,3.65,852,23,29,73
9398,9,9,1,687,34,3.37,687,34,44,104
9399,9,9,1,1253,33,4.23,1253,33,42,102
9400,9,9,1,973,33,4.66,973,33,58,120
9401,9,8,0,974,18,4.53,974,18,37,106
9402,9,9,1,790,41,4.51,790,41,55,124
9403,9,9,1,805,40,4.48,805,40,55,111
9404,9,9,1,866,43,3.98,866,43,48,110
9405,9,9,1,667,38,4.54,667,38,58,128
9406,9,9,1,987,40,3.7,987,40,58,120
9407,9,9,1,823,34,3.69,823,34,53,114
9408,9,9,1,827,43,3.83,827,43,55,126
9409,9,7,0,460,42,3.5,460,42,63,98
9410,9,9,1,677,42,3.97,677,42,57,121
9411,9,9,1,775,49,5.12,775,49,49,106
9412,9,9,1,785,54,4.87,785,54,59,128
9413,9,9,1,868,44,4.46,868,44,58,123
9414,9,9,1,1001,41,5.06,1001,41,56,104
9415,9,9,1,586,35,3.93,586,35,51,112
9416,9,9,1,732,52,3.4,732,52,58,115
9417,9,9,1,619,38,4.47,619,38,54,120
9418,9,9,1,1000,25,5.04,1000,25,47,101
9419,9,8,0,717,34,4.16,717,34,36,107
9420,9,9,1,894,41,3.69,894,41,59,119
9421,9,9,1,848,45,3.64,848,45,54,106
9422,9,9,1,1147,33,4.44,1147,33,41,99
9423,9,9,1,968,49,4.19,968,49,51,106
9424,9,9,1,704,40,3.9,704,40,51,114
9425,9,9,1,938,27,4.05,938,27,30,73
9426,9,9,1,779,36,4.24,779,36,47,96
9427,9,9,1,601,27,2.65,601,27,41,112
9428,9,9,1,530,26,2.8,530,26,47,111
9429,9,9,1,837,47,3.98,837,47,51,105
9430,9,8,0,1098,21,4.24,1098,21,32,110
9431,9,9,1,632,43,4.38,632,43,39,82
9432,9,9,1,776,35,3.61,776,35,35,79
9433,9,9,1,607,36,3.85,607,36,50,103
9434,9,9,1,730,24,3.33,730,24,49,106
9435,9,9,1,836,45,5.08,836,45,56,125
9436,9,4,0,455,34,3.66,455,34,27,66
9437,9,9,1,802,43,5.72,802,43,56,121
9438,9,9,1,591,36,2.76,591,36,39,92
9439,9,9,1,807,37,3.73,807,37,55,109
9440,9,9,1,888,30,3.38,888,30,39,94
9441,9,9,1,774,31,4.48,774,31,60,111
9442,9,9,1,935,51,3.97,935,51,63,132
9443,9,9,1,602,38,5.08,602,38,51,111
9444,9,9,1,828,37,3.67,828,37,47,99
9445,9,9,1,593,35,4.27,593,35,45,115
9446,9,9,1,751,43,4.33,751,43,54,104
9447,9,9,1,818,44,3.65,818,44,50,95
9448,9,7,0,784,20,3.74,784,20,28,59
9449,9,9,1,635,51,3.45,635,51,57,91
9450,9,9,1,1068,52,5.27,1068,52,53,105
9451,9,8,0,831,27,5.02,831,27,29,101
9452,9,8,0,398,13,3.57,398,13,22,67
9453,9,9,1,720,46,3.67,720,46,62,135
9454,9,4,0,890,55,4.65,890,55,39,64
9455,9,9,1,1006,28,5.26,1006,28,41,102
9456,9,9,1,1143,26,5.06,1143,26,49,100
9457,9,9,1,838,44,4.73,838,44,61,118
9458,9,9,1,1129,39,4.28,1129,39,54,121
9459,9,9,1,733,48,3.37,733,48,61,129
9460,9,9,1,498,32,2.96,498,32,41,102
9461,9,9,1,945,31,3.79,945,31,39,77
9462,9,9,1,1070,25,5.0,1070,25,44,95
9463,9,9,1,893,25,5.34,893,25,39,71
9464,9,9,1,845,34,3.68,845,34,32,93
9465,9,9,1,1151,35,4.3,1151,35,41,102
9466,9,9,1,841,44,3.33,841,44,58,120
9467,9,9,1,773,33,3.38,773,33,48,109
9468,9,9,1,606,37,4.22,606,37,41,98
9469,9,9,1,813,42,4.83,813,42,59,123
9470,9,9,1,657,35,4.34,657,35,45,107
9471,9,9,1,879,57,4.62,879,57,67,124
9472,9,9,1,680,58,3.28,680,58,58,111
9473,9,9,1,833,39,4.49,833,39,47,105
9474,9,9,1,548,33,4.26,548,33,47,100
9475,9,9,1,905,31,3.88,905,31,60,131
9476,9,9,1,1183,31,4.51,1183,31,52,114
9477,9,9,1,984,22,3.89,984,22,46,111
9478,9,9,1,638,49,3.98,638,49,58,121
9479,9,9,1,791,32,3.87,791,32,52,121
9480,9,9,1,871,14,4.42,871,14,20,60
9481,9,9,1,748,46,3.61,748,46,53,108
9482,9,9,1,896,45,4.27,896,45,59,124
9483,9,9,1,1035,38,4.31,1035,38,54,120
9484,9,9,1,617,52,4.35,617,52,60,111
9485,9,9,1,837,40,4.62,837,40,49,114
9486,9,9,1,659,24,3.64,659,24,26,92
9487,9,9,1,815,51,4.32,815,51,53,109
9488,9,9,1,878,35,3.62,878,35,50,104
9489,9,9,1,1120,23,5.34,1120,23,51,103
9490,9,9,1,756,35,3.81,756,35,47,116
9491,9,6,0,664,43,3.48,664,43,69,129
9492,9,9,1,943,43,4.05,943,43,53,110
9493,9,9,1,719,39,3.05,719,39,56,122
9494,9,9,1,739,43,3.92,739,43,52,103
9495,9,9,1,770,48,3.98,770,48,56,120
9496,9,9,1,739,36,4.62,739,36,39,98
9497,9,0,0,1041,37,5.58,1041,37,49,98
9498,9,9,1,803,45,4.15,803,45,55,108
9499,9,9,1,702,36,5.14,702,36,52,113
9500,9,9,1,782,38,6.1,782,38,45,111
9501,9,9,1,606,28,4.65,606,28,45,96
9502,9,9,1,774,41,4.16,774,41,53,124
9503,9,9,1,746,44,4.36,746,44,57,122
9504,9,9,1,857,35,4.17,857,35,47,112
9505,9,9,1,848,33,3.77,848,33,52,128
9506,9,9,1,801,30,5.12,801,30,36,77
9507,9,9,1,1078,38,8.88,1078,38,53,111
9508,9,9,1,957,34,4.18,957,34,56,126
9509,9,9,1,825,27,4.52,825,27,40,97
9510,9,9,1,786,41,4.39,786,41,49,107
9511,9,9,1,892,29,4.32,892,29,35,111
9512,9,9,1,1112,40,4.83,1112,40,51,121
9513,9,9,1,1000,40,4.0,1000,40,44,120
9514,9,9,1,959,25,4.41,959,25,32,80
9515,9,9,1,1053,36,4.14,1053,36,51,118
9516,9,9,1,996,41,3.64,996,41,46,110
9517,9,9,1,1007,26,4.34,1007,26,44,104
9518,9,9,1,984,44,4.16,984,44,50,109
9519,9,9,1,878,31,4.01,878,31,52,117
9520,9,9,1,878,35,4.09,878,35,56,120
9521,9,9,1,954,33,4.43,954,33,60,118
9522,9,9,1,1136,30,4.71,1136,30,44,111
9523,9,9,1,1037,36,4.02,1037,36,47,111
9524,9,9,1,935,36,3.45,935,36,51,118
9525,9,9,1,975,26,4.38,975,26,35,84
9526,9,9,1,1031,38,5.78,1031,38,45,116
9527,9,9,1,846,39,4.49,846,39,54,121
9528,9,9,1,1015,29,4.59,1015,29,45,110
9529,9,9,1,852,45,4.15,852,45,55,119
9530,9,9,1,867,38,3.35,867,38,48,101
9531,9,9,1,833,32,4.71,833,32,43,98
9532,9,9,1,699,33,3.92,699,33,42,110
9533,9,9,1,794,22,4.06,794,22,29,70
9534,9,9,1,753,29,3.85,753,29,41,106
9535,9,9,1,912,27,4.7,912,27,43,108
9536,9,9,1,867,28,4.31,867,28,57,130
9537,9,9,1,844,29,3.62,844,29,50,119
9538,9,9,1,824,37,3.46,824,37,43,103
9539,9,9,1,791,28,4.3,791,28,37,95
9540,9,9,1,1077,31,6.03,1077,31,51,129
9541,9,9,1,829,30,3.64,829,30,42,97
9542,9,9,1,902,45,4.08,902,45,56,104
9543,9,9,1,881,38,3.99,881,38,49,121
9544,9,9,1,888,25,3.55,888,25,37,95
9545,9,9,1,925,38,3.99,925,38,58,100
9546,9,9,1,963,38,4.15,963,38,48,111
9547,9,9,1,1029,32,5.1,1029,32,46,117
9548,9,9,1,947,44,3.91,947,44,58,128
9549,9,9,1,1077,42,3.78,1077,42,54,119
9550,9,9,1,1128,39,4.36,1128,39,56,114
9551,9,9,1,778,46,4.17,778,46,46,115
9552,9,9,1,1152,40,5.64,1152,40,53,121
9553,9,9,1,926,48,4.59,926,48,50,109
9554,9,9,1,852,38,4.48,852,38,53,113
9555,9,9,1,878,38,4.02,878,38,49,108
9556,9,9,1,796,39,4.61,796,39,61,123
9557,9,9,1,881,37,3.66,881,37,59,124
9558,9,7,0,804,42,4.09,804,42,47,107
9559,9,9,1,841,40,3.85,841,40,47,118
9560,9,9,1,885,40,4.25,885,40,50,102
9561,9,9,1,1074,40,5.87,1074,40,47,107
9562,9,9,1,1124,34,5.02,1124,34,54,113
9563,9,9,1,787,44,4.47,787,44,60,112
9564,9,9,1,773,42,4.22,773,42,52,116
9565,9,9,1,778,42,5.32,778,42,62,133
9566,9,9,1,943,32,5.45,943,32,49,113
9567,9,9,1,820,46,3.9,820,46,57,127
9568,9,9,1,945,45,5.47,945,45,60,137
9569,9,9,1,911,50,3.85,911,50,58,115
9570,9,9,1,862,42,4.01,862,42,59,121
9571,9,9,1,851,41,3.66,851,41,59,129
9572,9,9,1,731,44,3.55,731,44,54,119
9573,9,9,1,700,42,3.06,700,42,56,119
9574,9,9,1,570,45,4.08,570,45,59,125
9575,9,9,1,692,48,3.68,692,48,58,116
9576,9,9,1,638,40,3.45,638,40,47,97
9577,9,9,1,775,37,3.56,775,37,61,141
9578,9,9,1,774,41,4.15,774,41,52,111
9579,9,9,1,883,51,3.89,883,51,57,118
9580,9,9,1,729,48,4.03,729,48,61,133
9581,9,9,1,828,45,3.5,828,45,49,106
9582,9,9,1,727,39,3.91,727,39,53,119
9583,9,9,1,772,44,3.28,772,44,55,107
9584,9,9,1,725,41,4.19,725,41,54,109
9585,9,9,1,743,44,4.75,743,44,57,132
9586,9,9,1,1062,36,4.2,1062,36,64,139
9587,9,9,1,1121,18,4.18,1121,18,20,48
9588,9,9,1,966,34,4.0,966,34,46,103
9589,9,9,1,805,35,3.57,805,35,52,113
9590,9,9,1,1035,30,4.9,1035,30,34,81
9591,9,9,1,812,32,4.89,812,32,55,110
9592,9,9,1,1005,33,4.3,1005,33,48,114
9593,9,9,1,1000,35,3.97,1000,35,46,102
9594,9,9,1,961,39,4.38,961,39,53,122
9595,9,9,1,1044,33,4.51,1044,33,49,114
9596,9,9,1,796,40,4.1,796,40,57,129
9597,9,9,1,895,38,3.81,895,38,63,137
9598,9,9,1,832,49,3.62,832,49,51,102
9599,9,9,1,850,36,3.78,850,36,58,127
9600,9,9,1,944,34,5.53,944,34,36,97
9601,9,9,1,826,56,3.42,826,56,62,130
9602,9,9,1,954,40,3.44,954,40,56,98
9603,9,9,1,794,45,4.69,794,45,55,101
9604,9,9,1,856,38,7.87,856,38,59,133
9605,9,9,1,932,55,5.09,932,55,69,140
9606,9,9,1,679,44,5.16,679,44,47,94
9607,9,9,1,638,40,4.76,638,40,52,100
9608,9,9,1,875,45,5.35,875,45,55,111
9609,9,9,1,690,48,3.4,690,48,57,134
9610,9,9,1,915,57,5.68,915,57,56,118
9611,9,9,1,985,44,4.16,985,44,46,100
9612,9,9,1,706,52,3.87,706,52,40,95
9613,9,9,1,737,60,4.48,737,60,61,128
9614,9,4,0,692,47,4.83,692,47,62,130
9615,9,9,1,608,56,3.54,608,56,57,127
9616,9,9,1,763,55,4.86,763,55,58,130
9617,9,9,1,744,57,3.5,744,57,47,109
9618,9,3,0,1252,35,5.04,1252,35,32,67
9619,9,5,0,1322,30,5.63,1322,30,40,78
9620,9,0,0,1312,31,4.85,1312,31,69,125
9621,9,5,0,1211,29,5.36,1211,29,36,77
9622,9,0,0,1312,23,5.33,1312,23,39,99
9623,9,8,0,1224,18,4.5,1224,18,25,49
9624,9,5,0,1216,25,4.62,1216,25,43,89
9625,9,3,0,1186,22,3.86,1186,22,29,67
9626,9,3,0,1180,26,5.59,1180,26,21,55
9627,9,0,0,1446,26,5.05,1446,26,40,98
9628,9,4,0,1314,23,4.91,1314,23,32,52
9629,9,9,1,844,39,3.9,844,39,66,117
9630,9,9,1,961,41,4.52,961,41,55,125
9631,9,9,1,1075,39,3.96,1075,39,56,109
9632,9,9,1,851,43,3.46,851,43,44,99
9633,9,9,1,888,42,4.29,888,42,57,122
9634,9,9,1,1221,45,4.04,1221,45,56,114
9635,9,9,1,935,46,4.62,935,46,61,112
9636,9,9,1,990,44,4.17,990,44,64,114
9637,9,9,1,1021,40,4.06,1021,40,58,130
9638,9,9,1,958,40,3.81,958,40,57,119
9639,9,9,1,1013,34,4.06,1013,34,51,105
9640,9,9,1,1135,42,6.13,1135,42,63,120
9641,9,9,1,922,33,3.7,922,33,51,120
9642,9,9,1,679,41,3.61,679,41,48,115
9643,9,9,1,668,27,4.06,668,27,36,103
9644,9,9,1,972,40,5.6,972,40,52,117
9645,9,9,1,729,32,3.14,729,32,53,109
9646,9,9,1,819,49,3.6,819,49,59,126
9647,9,9,1,809,42,4.7,809,42,54,116
9648,9,9,1,872,39,4.02,872,39,54,120
9649,9,9,1,681,38,3.11,681,38,48,115
9650,9,9,1,834,42,4.53,834,42,43,100
9651,9,9,1,997,33,4.09,997,33,56,123
9652,9,9,1,978,31,4.93,978,31,40,118
9653,9,9,1,1046,36,4.68,1046,36,52,106
9654,9,9,1,1014,36,3.76,1014,36,42,94
9655,9,9,1,847,30,3.96,847,30,44,103
9656,9,0,0,1241,26,5.91,1241,26,55,125
9657,9,9,1,1082,18,4.17,1082,18,30,95
9658,9,9,1,897,44,3.86,897,44,59,121
9659,9,9,1,1186,27,6.23,1186,27,39,97
9660,9,9,1,1025,29,4.08,1025,29,41,98
9661,9,9,1,995,37,3.58,995,37,46,112
9662,9,5,0,725,26,3.48,725,26,44,92
9663,9,9,1,872,25,4.53,872,25,36,108
9664,9,9,1,508,29,5.45,508,29,36,105
9665,9,7,0,386,35,2.78,386,35,66,105
9666,9,9,1,523,44,2.56,523,44,31,73
9667,9,8,0,624,21,3.41,624,21,37,109
9668,9,9,1,691,26,2.98,691,26,35,89
9669,9,8,0,789,18,3.58,789,18,39,123
9670,9,8,0,389,31,2.9,389,31,50,119
9671,9,9,1,756,32,3.34,756,32,40,105
9672,9,9,1,1075,35,3.78,1075,35,43,116
9673,9,9,1,1175,35,4.44,1175,35,66,110
9674,9,9,1,948,45,3.66,948,45,69,134
9675,9,9,1,1069,36,6.41,1069,36,43,90
9676,9,9,1,862,32,3.69,862,32,43,111
9677,9,9,1,972,31,3.46,972,31,53,126
9678,9,9,1,1229,22,4.21,1229,22,30,79
9679,9,9,1,1219,19,4.0,1219,19,34,96
9680,9,7,0,1207,26,4.82,1207,26,45,103
9681,9,0,0,1291,21,3.97,1291,21,24,68
9682,9,9,1,1159,20,4.29,1159,20,25,74
9683,9,9,1,1217,26,3.89,1217,26,34,72
9684,9,9,1,963,40,4.02,963,40,53,127
9685,9,9,1,1262,19,5.29,1262,19,35,72
9686,9,9,1,816,31,3.76,816,31,36,109
9687,9,7,0,989,20,3.58,989,20,27,68
9688,9,9,1,708,46,4.46,708,46,67,122
9689,9,9,1,714,37,3.29,714,37,42,117
9690,9,9,1,583,40,4.12,583,40,42,101
9691,9,9,1,739,41,3.65,739,41,46,111
9692,9,9,1,750,64,4.52,750,64,63,126
9693,9,9,1,760,46,4.9,760,46,47,101
9694,9,9,1,615,49,2.94,615,49,44,96
9695,9,9,1,809,38,4.75,809,38,49,99
9696,9,9,1,587,41,3.8,587,41,46,108
9697,9,9,1,598,38,3.06,598,38,46,92
9698,9,9,1,517,36,2.99,517,36,29,77
9699,9,9,1,775,43,3.96,775,43,60,121
9700,9,9,1,548,34,3.17,548,34,42,104
9701,9,9,1,808,45,3.81,808,45,53,106
9702,9,9,1,749,38,4.32,749,38,49,119
9703,9,9,1,948,32,4.55,948,32,52,116
9704,9,9,1,775,40,3.52,775,40,30,63
9705,9,9,1,747,38,3.67,747,38,57,130
9706,9,9,1,865,31,3.65,865,31,40,111
9707,9,9,1,865,34,3.95,865,34,50,122
9708,9,9,1,678,31,3.47,678,31,48,115
9709,9,9,1,885,35,4.12,885,35,50,116
9710,9,9,1,828,38,4.37,828,38,50,115
9711,9,9,1,839,39,3.96,839,39,50,113
9712,9,9,1,687,31,4.5,687,31,33,80
9713,9,9,1,657,35,3.97,657,35,54,131
9714,9,9,1,767,38,3.25,767,38,47,104
9715,9,9,1,860,38,3.92,860,38,33,77
9716,9,9,1,821,35,3.54,821,35,41,106
9717,9,9,1,927,37,3.68,927,37,43,101
9718,9,9,1,822,29,3.59,822,29,44,117
9719,9,9,1,729,33,3.38,729,33,43,127
9720,9,9,1,712,36,3.44,712,36,44,111
9721,9,9,1,959,33,4.08,959,33,50,114
9722,9,9,1,808,48,3.71,808,48,58,122
9723,9,9,1,954,35,4.38,954,35,38,106
9724,9,9,1,1036,31,3.61,1036,31,50,109
9725,9,9,1,1056,35,4.29,1056,35,59,140
9726,9,9,1,846,35,4.79,846,35,46,107
9727,9,9,1,982,40,4.13,982,40,52,105
9728,9,9,1,900,40,4.6,900,40,59,122
9729,9,9,1,1011,41,3.86,1011,41,49,108
9730,9,9,1,752,38,3.56,752,38,53,123
9731,9,9,1,978,29,4.66,978,29,41,95
9732,9,9,1,1029,31,3.84,1029,31,48,115
9733,9,7,0,996,37,4.15,996,37,53,101
9734,9,9,1,937,30,4.89,937,30,58,119
9735,9,9,1,1226,35,4.42,1226,35,53,109
9736,9,9,1,1174,33,3.9,1174,33,43,96
9737,9,9,1,712,43,3.32,712,43,53,113
9738,9,9,1,732,42,4.27,732,42,54,111
9739,9,9,1,745,50,4.18,745,50,49,115
9740,9,9,1,944,37,4.94,944,37,46,117
9741,9,9,1,830,40,3.56,830,40,54,121
9742,9,9,1,870,33,3.47,870,33,49,125
9743,9,9,1,955,36,4.62,955,36,49,106
9744,9,9,1,868,35,3.77,868,35,43,95
9745,9,9,1,918,40,5.01,918,40,51,115
9746,9,9,1,883,36,3.88,883,36,47,114
9747,9,9,1,772,44,3.4,772,44,50,135
9748,9,9,1,799,43,3.28,799,43,52,116
9749,9,9,1,712,41,3.75,712,41,58,132
9750,9,9,1,793,27,4.2,793,27,40,98
9751,9,9,1,711,33,3.5,711,33,43,109
9752,9,9,1,985,25,4.62,985,25,33,79
9753,9,9,1,925,36,3.69,925,36,50,115
9754,9,9,1,989,30,4.1,989,30,30,88
9755,9,9,1,934,22,3.55,934,22,34,94
9756,9,9,1,804,37,4.07,804,37,56,114
9757,9,9,1,714,32,3.98,714,32,51,125
9758,9,9,1,711,41,3.34,711,41,51,127
9759,9,9,1,749,34,3.69,749,34,45,98
9760,9,9,1,1044,26,4.09,1044,26,58,139
9761,9,9,1,833,37,3.81,833,37,42,115
9762,9,9,1,893,34,3.8,893,34,47,105
9763,9,9,1,879,28,3.53,879,28,44,102
9764,9,9,1,810,25,4.57,810,25,35,87
9765,9,9,1,1059,35,4.09,1059,35,35,84
9766,9,9,1,1003,22,4.24,1003,22,28,76
9767,9,9,1,1040,33,3.84,1040,33,32,97
9768,9,9,1,716,42,4.57,716,42,59,129
9769,9,9,1,920,29,3.61,920,29,39,102
9770,9,9,1,764,35,3.75,764,35,42,106
9771,9,9,1,773,50,3.16,773,50,57,122
9772,9,9,1,808,49,4.59,808,49,64,131
9773,9,9,1,650,42,3.1,650,42,62,128
9774,9,9,1,737,39,4.38,737,39,50,110
9775,9,9,1,723,37,4.14,723,37,48,107
9776,9,9,1,748,38,3.94,748,38,48,120
9777,9,9,1,837,33,3.8,837,33,51,129
9778,9,9,1,736,42,4.38,736,42,55,126
9779,9,9,1,705,35,4.38,705,35,52,105
9780,9,9,1,613,38,4.33,613,38,49,118
9781,9,9,1,709,37,3.4,709,37,40,85
9782,9,9,1,771,34,4.34,771,34,54,116
9783,9,9,1,785,21,3.54,785,21,47,115
9784,9,9,1,1034,34,5.46,1034,34,39,95
9785,9,9,1,961,30,5.21,961,30,43,102
9786,9,9,1,930,34,4.27,930,34,41,107
9787,9,9,1,1004,40,4.23,1004,40,47,101
9788,9,9,1,903,37,4.07,903,37,43,105
9789,9,9,1,958,44,7.09,958,44,53,109
9790,9,9,1,1058,33,4.92,1058,33,45,124
9791,9,9,1,956,42,3.95,956,42,56,121
9792,9,9,1,1028,40,5.66,1028,40,49,121
9793,9,9,1,929,46,4.8,929,46,48,104
9794,9,9,1,748,41,4.3,748,41,46,118
9795,9,9,1,1134,31,4.77,1134,31,42,111
9796,9,9,1,945,36,5.77,945,36,46,103
9797,9,9,1,1035,40,4.82,1035,40,47,130
9798,9,9,1,1066,33,6.64,1066,33,45,101
9799,9,9,1,1195,26,4.37,1195,26,34,101
9800,9,9,1,1177,28,4.53,1177,28,41,105
9801,9,9,1,892,35,4.08,892,35,47,122
9802,9,9,1,1020,34,4.47,1020,34,38,111
9803,9,9,1,982,33,4.49,982,33,48,107
9804,9,9,1,849,40,4.47,849,40,49,117
9805,9,9,1,667,51,4.66,667,51,48,87
9806,9,9,1,860,48,5.28,860,48,63,135
9807,9,9,1,777,41,4.68,777,41,51,97
9808,9,9,1,895,36,6.34,895,36,62,132
9809,9,9,1,939,32,4.26,939,32,42,92
9810,9,9,1,814,38,5.57,814,38,51,107
9811,9,9,1,1034,38,5.31,1034,38,40,101
9812,9,9,1,999,32,5.24,999,32,48,100
9813,9,9,1,738,40,4.81,738,40,55,119
9814,9,9,1,791,27,4.64,791,27,52,106
9815,9,9,1,1013,46,3.84,1013,46,49,106
9816,9,9,1,727,30,3.15,727,30,25,75
9817,9,9,1,737,36,3.28,737,36,54,126
9818,9,9,1,854,34,3.23,854,34,46,115
9819,9,9,1,647,37,3.24,647,37,49,114
9820,9,9,1,865,42,3.53,865,42,44,103
9821,9,9,1,695,42,5.16,695,42,56,127
9822,9,9,1,1206,34,4.59,1206,34,46,103
9823,9,9,1,944,39,3.79,944,39,53,122
9824,9,9,1,736,29,3.26,736,29,52,130
9825,9,9,1,927,35,3.87,927,35,32,98
9826,9,9,1,1048,21,3.64,1048,21,27,84
9827,9,9,1,1286,34,4.78,1286,34,44,92
9828,9,7,0,1115,34,3.94,1115,34,51,116
9829,9,9,1,979,36,3.82,979,36,45,114
9830,9,9,1,990,27,4.69,990,27,40,108
9831,9,7,0,1259,26,4.7,1259,26,29,65
9832,9,9,1,1140,31,5.22,1140,31,48,106
9833,9,9,1,982,33,4.91,982,33,47,88
9834,9,9,1,1168,30,4.83,1168,30,46,100
9835,9,9,1,1214,23,4.57,1214,23,36,79
9836,9,9,1,1101,30,3.89,1101,30,42,98
9837,9,9,1,1188,32,5.3,1188,32,51,104
9838,9,9,1,1086,28,4.28,1086,28,33,99
9839,9,9,1,866,26,3.51,866,26,41,87
9840,9,9,1,965,26,4.89,965,26,42,113
9841,9,9,1,1131,27,5.74,1131,27,35,82
9842,9,9,1,1362,31,4.42,1362,31,48,103
9843,9,9,1,1048,30,4.42,1048,30,58,122
9844,9,9,1,958,42,5.12,958,42,42,98
9845,9,9,1,1160,38,4.43,1160,38,57,111
9846,9,9,1,1205,31,5.47,1205,31,49,107
9847,9,9,1,1455,22,6.18,1455,22,30,109
9848,9,9,1,1311,24,4.49,1311,24,42,98
9849,9,9,1,1068,27,5.3,1068,27,50,101
9850,9,9,1,1029,43,4.14,1029,43,56,131
9851,9,9,1,1279,29,4.95,1279,29,40,76
9852,9,9,1,1245,37,4.74,1245,37,34,66
9853,9,9,1,1026,31,4.56,1026,31,56,127
9854,9,9,1,1165,27,4.73,1165,27,35,83
9855,9,9,1,1067,37,4.57,1067,37,50,123
9856,9,9,1,1127,31,3.84,1127,31,45,109
9857,9,9,1,857,47,3.9,857,47,54,106
9858,9,9,1,810,48,3.8,810,48,59,140
9859,9,9,1,757,48,3.77,757,48,58,129
9860,9,9,1,737,40,3.78,737,40,52,123
9861,9,9,1,718,42,3.51,718,42,41,93
9862,9,9,1,881,47,3.76,881,47,51,109
9863,9,9,1,758,44,3.58,758,44,53,122
9864,9,9,1,1114,44,3.94,1114,44,55,117
9865,9,9,1,842,39,3.73,842,39,47,102
9866,9,9,1,796,41,3.52,796,41,53,126
9867,9,9,1,858,40,4.06,858,40,52,103
9868,9,9,1,957,38,3.96,957,38,55,109
9869,9,9,1,667,39,4.61,667,39,55,117
9870,9,9,1,705,35,3.71,705,35,49,110
9871,9,9,1,911,40,4.31,911,40,56,118
9872,9,9,1,825,45,5.56,825,45,64,136
9873,9,9,1,1006,48,3.99,1006,48,62,128
9874,9,9,1,885,41,3.68,885,41,46,106
9875,9,9,1,795,35,4.84,795,35,55,122
9876,9,9,1,837,42,4.01,837,42,50,126
9877,9,9,1,960,37,4.2,960,37,47,113
9878,9,9,1,940,41,4.95,940,41,54,120
9879,9,9,1,728,44,3.47,728,44,53,125
9880,9,9,1,1048,42,4.13,1048,42,53,124
9881,9,9,1,950,42,3.83,950,42,58,126
9882,9,9,1,912,39,4.78,912,39,51,111
9883,9,9,1,946,31,4.25,946,31,52,115
9884,9,9,1,991,39,3.51,991,39,54,111
9885,9,9,1,861,46,4.08,861,46,52,98
9886,9,9,1,881,29,4.23,881,29,57,130
9887,9,9,1,963,32,3.55,963,32,49,108
9888,9,9,1,896,33,3.69,896,33,46,117
9889,9,9,1,923,42,3.52,923,42,54,118
9890,9,9,1,856,49,4.92,856,49,52,102
9891,9,9,1,1123,35,3.97,1123,35,48,112
9892,9,9,1,733,42,3.38,733,42,51,109
9893,9,9,1,890,34,4.07,890,34,58,122
9894,9,9,1,1154,35,4.67,1154,35,54,117
9895,9,9,1,1006,32,3.89,1006,32,44,105
9896,9,9,1,957,33,4.18,957,33,50,113
9897,9,9,1,904,39,3.55,904,39,59,131
9898,9,9,1,918,29,3.89,918,29,30,98
9899,9,9,1,1098,34,5.66,1098,34,52,122
9900,9,9,1,1145,30,5.47,1145,30,36,79
9901,9,9,1,1127,31,5.7,1127,31,51,108
9902,9,9,1,1049,38,4.14,1049,38,50,112
9903,9,9,1,1089,37,4.96,1089,37,48,102
9904,9,9,1,962,36,4.57,962,36,49,120
9905,9,9,1,1064,32,6.42,1064,32,46,120
9906,9,9,1,963,37,4.82,963,37,53,116
9907,9,9,1,1021,36,5.14,1021,36,49,112
9908,9,9,1,1016,30,3.89,1016,30,39,87
9909,9,9,1,1052,37,3.99,1052,37,53,113
9910,9,9,1,1261,26,4.87,1261,26,34,88
9911,9,9,1,1292,20,6.37,1292,20,32,80
9912,9,9,1,1103,37,4.38,1103,37,37,88
9913,9,9,1,820,33,3.73,820,33,35,80
9914,9,9,1,1083,41,3.98,1083,41,34,71
9915,9,9,1,827,49,3.94,827,49,62,128
9916,9,9,1,1057,40,4.37,1057,40,49,115
9917,9,9,1,770,51,5.11,770,51,58,114
9918,9,9,1,861,40,4.5,861,40,43,103
9919,9,9,1,818,51,3.94,818,51,52,104
9920,9,9,1,817,48,8.47,817,48,52,112
9921,9,9,1,841,45,3.61,841,45,44,99
9922,9,9,1,702,38,3.21,702,38,48,133
9923,9,9,1,792,46,3.47,792,46,55,112
9924,9,9,1,778,50,4.05,778,50,49,103
9925,9,9,1,978,31,4.19,978,31,43,116
9926,9,9,1,1142,37,4.15,1142,37,64,120
9927,9,9,1,1213,26,4.71,1213,26,49,112
9928,9,9,1,1125,33,3.68,1125,33,32,80
9929,9,9,1,1063,37,4.27,1063,37,52,101
9930,9,9,1,1024,37,4.76,1024,37,48,123
9931,9,7,0,1155,33,5.27,1155,33,33,81
9932,9,9,1,1170,29,4.3,1170,29,47,121
9933,9,8,0,991,28,3.82,991,28,29,90
9934,9,9,1,1030,34,4.46,1030,34,39,111
9935,9,9,1,1034,31,4.08,1034,31,45,83
9936,9,9,1,653,47,3.44,653,47,53,128
9937,9,9,1,714,36,4.12,714,36,46,114
9938,9,9,1,728,37,4.36,728,37,51,124
9939,9,9,1,651,35,4.2,651,35,33,62
9940,9,9,1,736,45,4.26,736,45,48,97
9941,9,9,1,609,46,3.02,609,46,62,131
9942,9,9,1,663,33,4.26,663,33,42,97
9943,9,9,1,684,40,3.79,684,40,62,119
9944,9,9,1,982,43,3.8,982,43,50,108
9945,9,9,1,741,45,4.35,741,45,63,127
9946,9,9,1,805,50,3.87,805,50,57,115
9947,9,9,1,1089,47,4.0,1089,47,56,112
9948,9,9,1,1004,46,4.16,1004,46,55,121
9949,9,9,1,723,57,3.85,723,57,70,143
9950,9,9,1,863,42,4.07,863,42,46,112
9951,9,9,1,891,48,3.79,891,48,53,107
9952,9,9,1,824,40,3.59,824,40,38,106
9953,9,9,1,869,39,4.08,869,39,51,121
9954,9,9,1,827,49,4.12,827,49,52,108
9955,9,9,1,718,40,4.14,718,40,47,112
9956,9,9,1,721,46,4.28,721,46,62,139
9957,9,9,1,755,42,4.26,755,42,73,149
9958,9,9,1,829,43,3.84,829,43,47,99
9959,9,8,0,808,19,3.26,808,19,44,125
9960,9,9,1,782,37,3.66,782,37,52,103
9961,9,7,0,931,43,3.89,931,43,50,98
9962,9,9,1,731,34,3.59,731,34,48,118
9963,9,9,1,808,26,4.66,808,26,57,102
9964,9,9,1,812,26,3.91,812,26,47,123
9965,9,9,1,1008,30,4.14,1008,30,44,123
9966,9,9,1,805,38,3.54,805,38,47,103
9967,9,9,1,817,40,5.25,817,40,46,100
9968,9,7,0,1035,24,3.62,1035,24,45,78
9969,9,7,0,732,32,3.92,732,32,73,126
9970,9,7,0,887,41,3.63,887,41,59,109
9971,9,7,0,857,43,3.42,857,43,51,94
9972,9,9,1,947,33,4.5,947,33,41,93
9973,9,9,1,939,40,4.86,939,40,54,115
9974,9,9,1,904,23,3.9,904,23,35,99
9975,9,9,1,550,21,3.58,550,21,39,93
9976,9,9,1,761,45,3.9,761,45,54,104
9977,9,9,1,888,38,3.5,888,38,42,98
9978,9,9,1,1006,36,3.99,1006,36,55,112
9979,9,8,0,1025,34,4.3,1025,34,31,113
9980,9,7,0,1087,19,5.19,1087,19,33,91
9981,9,9,1,1083,32,5.29,1083,32,42,95
9982,9,9,1,853,30,5.34,853,30,26,62
9983,9,9,1,918,28,3.8,918,28,45,90
9984,9,9,1,779,30,4.05,779,30,38,99
9985,9,9,1,887,39,3.83,887,39,62,140
9986,9,9,1,839,41,4.79,839,41,40,90
9987,9,9,1,803,41,4.47,803,41,57,100
9988,9,9,1,830,23,3.49,830,23,37,108
9989,9,9,1,611,36,4.65,611,36,50,119
9990,9,8,0,703,31,3.6,703,31,41,117
9991,9,1,0,886,23,3.9,886,23,22,73
9992,9,9,1,753,23,3.4,753,23,34,83
9993,9,9,1,1045,23,3.87,1045,23,38,123
9994,9,8,0,1066,23,4.12,1066,23,30,99
9995,9,9,1,1220,28,4.71,1220,28,54,107
9996,9,9,1,985,25,4.72,985,25,26,60
9997,9,9,1,985,27,4.63,985,27,38,109
9998,9,9,1,1073,35,3.67,1073,35,51,105
9999,9,9,1,1102,31,5.24,1102,31,43,107
